x_abs_z,Psi_full,Psi_outer_leading,Psi_inner_leading
9.999999999999999e-06,1.1202719949480047e-09,1.1202719895407494e-09,-723.1641437408861
1.0154793914356893e-05,1.1463840261599005e-09,1.1463840205396568e-09,-716.8511051425276
1.031198394430598e-05,1.1731046925668312e-09,1.1731046867252315e-09,-710.5846327626573
1.0471607180258436e-05,1.2004481805697298e-09,1.2004481744980757e-09,-704.364443607735
1.063370128676243e-05,1.2284290072605079e-09,1.2284290009497576e-09,-698.1902560466909
1.079830451139042e-05,1.257062028126347e-09,1.2570620215671027e-09,-692.0617898060465
1.0965455693764001e-05,1.2863624449168583e-09,1.2863624380993546e-09,-685.9787659650516
1.1135194274718484e-05,1.3163458136726853e-09,1.3163458065867797e-09,-679.9409069508354
1.1307560305609296e-05,1.347028052914063e-09,1.347028045549228e-09,-673.9479365335644
1.1482594457762486e-05,1.3784254521764766e-09,1.378425444521751e-09,-667.9995798216136
1.1660338032071469e-05,1.4105546808744124e-09,1.4105546729184098e-09,-662.0955632567557
1.1840832968742359e-05,1.4434327968784875e-09,1.443432788609373e-09,-656.2356146093445
1.2024121857190136e-05,1.477077255672524e-09,1.4770772470779998e-09,-650.4194629735308
1.221024794608801e-05,1.5115059195852956e-09,1.5115059106525835e-09,-644.6468387624749
1.2399255153572329e-05,1.5467370672608697e-09,1.5467370579766921e-09,-638.9174737035753
1.2591188077605463e-05,1.5827894033684179e-09,1.582789393718978e-09,-633.2311008337105
1.2786092006499102e-05,1.619682068549415e-09,1.6196820585203739e-09,-627.5874544944912
1.298401292960044e-05,1.6574346496002265e-09,1.657434639176681e-09,-621.9862703275211
1.3184997548143777e-05,1.6960671898879534e-09,1.696067179054412e-09,-616.4272852696712
1.3389093286270098e-05,1.7356001999975329e-09,1.7356001887378933e-09,-610.9102375483659
1.3596348302217232e-05,1.7760546686080188e-09,1.7760546569055469e-09,-605.434866676882
1.3806811499683224e-05,1.8174520735959908e-09,1.8174520614333001e-09,-600.0009134496523
1.4020532539365597e-05,1.859814393364012e-09,1.859814380723046e-09,-594.608119937592
1.4237561850679257e-05,1.9031641184144743e-09,1.9031641052764784e-09,-589.2562294834217
1.4457950643655759e-05,1.9475242636860197e-09,1.9475242500314713e-09,-583.9449866970136
1.4681750921026781e-05,1.9929183805907612e-09,1.992918366399387e-09,-578.674137450747
1.4909015490494649e-05,2.0393705694604557e-09,2.039370554711184e-09,-573.443428874867
1.513979797719277e-05,2.08690549237182e-09,2.0869054770427527e-09,-568.2526093528661
1.5374152836338995e-05,2.135548386201806e-09,2.135548370270192e-09,-563.1014285168689
1.56121353660848e-05,2.185325076019755e-09,2.1853250594619524e-09,-557.9896372430283
1.5853801720563396e-05,2.2362619888134233e-09,2.2362619716048646e-09,-552.9169876469388
1.60992089231398e-05,2.288386167546107e-09,2.2883861496612586e-09,-547.8832330790541
1.6348414879866024e-05,2.341725285541932e-09,2.341725266954256e-09,-542.8881281201199
1.6601478393144518e-05,2.396307661196464e-09,2.396307641878377e-09,-537.9314285766183
1.685845917560314e-05,2.452162273009712e-09,2.452162252932545e-09,-533.0128914762196
1.711941786418489e-05,2.5093187749387347e-09,2.5093187540726984e-09,-528.1322750632498
1.738441603445574e-05,2.5678075120668716e-09,2.5678074903810174e-09,-523.2893387941638
1.7653516215133955e-05,2.627659536586785e-09,2.627659514048973e-09,-518.4838433330348
1.79267819028443e-05,2.6889066243140916e-09,2.688906600890904e-09,-513.7155505470538
1.8204277577100662e-05,2.751581292141657e-09,2.7515812677983506e-09,-508.98422350203606
1.8486068715520543e-05,2.8157168147233447e-09,2.815716789423823e-09,-504.2896264579475
1.8772221809275136e-05,2.8813472423230663e-09,2.881347216029815e-09,-499.631524864429
1.906280437877849e-05,2.9485074188367825e-09,2.9485073915108213e-09,-495.0096853563429
1.9357884989619576e-05,3.0172330002579638e-09,3.017232971858789e-09,-490.42387574932883
1.965753326874095e-05,3.087560473612747e-09,3.0875604440982704e-09,-485.8738650353634
1.996181992086788e-05,3.1595271763607775e-09,3.15952714568726e-09,-481.35942337834035
2.0270816745191733e-05,3.233171316257653e-09,3.233171284379638e-09,-476.8803221096554
2.0584596652311682e-05,3.308531991675081e-09,3.3085319585453222e-09,-472.4363337238029
2.0903233681438596e-05,3.3856492123745396e-09,3.3856491779439337e-09,-468.02723187398743
2.122680301786527e-05,3.464563920730547e-09,3.4645638849480643e-09,-463.65279136773995
2.1555381010707078e-05,3.545318013399466e-09,3.5453179762120823e-09,-459.31278816254974
2.1889045190917235e-05,3.627954363429825e-09,3.627954324782459e-09,-455.00699936150716
2.2227874289580937e-05,3.7125168428159713e-09,3.7125168026514134e-09,-450.735203208954
2.2571948256492653e-05,3.7990503463677574e-09,3.799050304626483e-09,-446.49717908614764
2.292134827902103e-05,3.8876008155704234e-09,3.887600772190608e-09,-442.29270750693377
2.327615680126576e-05,3.97821526259601e-09,3.978215217513397e-09,-438.12157011343254
2.3636457543511036e-05,4.070941795415348e-09,4.070941748563166e-09,-433.9835496717352
2.4002335521980094e-05,4.165829643251019e-09,4.165829594559884e-09,-429.87843006760704
2.4373877068895574e-05,4.262929182690909e-09,4.262929132088726e-09,-425.80599630221093
2.4751169852850383e-05,4.362291964456893e-09,4.362291911868744e-09,-421.76603448782816
2.5134302899493885e-05,4.463970740822766e-09,4.463970686170793e-09,-417.75833184360255
2.5523366612538334e-05,4.568019493675981e-09,4.568019436879269e-09,-413.7826766912885
2.591845279509042e-05,4.674493463217464e-09,4.674493404191914e-09,-409.838858451011
2.6319654671313058e-05,4.783449177293906e-09,4.783449115952123e-09,-405.92666763703863
2.672706690842248e-05,4.894944481356835e-09,4.894944417607996e-09,-402.0458958535643
2.7140785639025815e-05,5.009038569042978e-09,5.009038502792716e-09,-398.19633579049673
2.756090848380443e-05,5.125792013370073e-09,5.125791944520365e-09,-394.3777812192674
2.7987534574548447e-05,5.245266798767096e-09,5.245266727216068e-09,-390.59002698864055
2.8420764577547774e-05,5.3675263552191565e-09,5.367526280860892e-09,-386.8328690205406
2.886070071734521e-05,5.492635590955369e-09,5.492635513679821e-09,-383.1061043058868
2.9307446800857274e-05,5.6206609271141274e-09,5.620660846806932e-09,-379.4095309004399
2.9761108241868385e-05,5.751670332958187e-09,5.751670249500507e-09,-375.74294792065876
3.0221792085904185e-05,5.885733361877271e-09,5.885733275145625e-09,-372.1061555395664
3.068960703548991e-05,6.022921188312047e-09,6.022921098178118e-09,-368.498954982629
3.116466347579975e-05,6.163306645591475e-09,6.163306551921922e-09,-364.92114852364625
3.164707350070318e-05,6.3069642646757135e-09,6.3069641673319625e-09,-361.37253948064614
3.21369509392146e-05,6.453970313796538e-09,6.453970212634573e-09,-357.85293221180063
3.263441138235225e-05,6.604402838987689e-09,6.6044027338578434e-09,-354.3621321113398
3.313957221041299e-05,6.758341705496893e-09,6.758341596243625e-09,-350.8999456054868
3.3652552620669266e-05,6.915868640071922e-09,6.915868526533607e-09,-347.46618014839896
3.4173473655494736e-05,7.0770672741127154e-09,7.07706715612143e-09,-344.060644218117
3.470245823092536e-05,7.242023187681706e-09,7.242023065063023e-09,-340.6831473125303
3.523963116566251e-05,7.410823955549203e-09,7.410823828121726e-09,-337.3334999453499
3.5785119210525115e-05,7.58355919460439e-09,7.583559062179667e-09,-334.0115136420884
3.633905107835764e-05,7.760320610098521e-09,7.760320472480701e-09,-330.71700093605807
3.6901557474401044e-05,7.941202044836228e-09,7.941201901821795e-09,-327.4497753643722
3.747277112713389e-05,8.126299528801333e-09,8.126299380178806e-09,-324.2096514639612
3.8052826819590795e-05,8.315711330073869e-09,8.3157111756235e-09,-320.9964447675979
3.8641861421165734e-05,8.50953800703178e-09,8.509537846525212e-09,-317.8099717999323
3.924001391990762e-05,8.707882461826491e-09,8.707882295026423e-09,-314.650050073539
3.984742545531577e-05,8.91084999512097e-09,8.910849821780785e-09,-311.5164980849709
4.0464239351643056e-05,9.118548362079482e-09,9.118548181942887e-09,-308.40913531082833
4.109060115171456e-05,9.33108782959792e-09,9.33108764239857e-09,-305.3277822038361
4.1726658651269735e-05,9.54858123476371e-09,9.548581040224821e-09,-302.2722601889282
4.237256193383613e-05,9.771144044534067e-09,9.77114384236804e-09,-299.2423916593511
4.302846340614297e-05,9.998894416621986e-09,9.998894206530024e-09,-296.23799997276524
4.369451783408289e-05,1.0231953261758072e-08,1.0231953043429715e-08,-293.25890944736733
4.437088237923037e-05,1.0470444310130186e-08,1.0470444083242647e-08,-290.3049453580191
4.5057716635925406e-05,1.0714494175797016e-08,1.0714493940014938e-08,-287.3759339323845
4.575518266893127e-05,1.0964232423804942e-08,1.0964232178779814e-08,-284.47170234708005
4.6463445051675125e-05,1.1219791639056837e-08,1.1219791384426504e-08,-281.5920787238348
4.7182670905080646e-05,1.1481307496503813e-08,1.1481307231891957e-08,-278.7368921256578
4.7913029937001696e-05,1.1748918833143698e-08,1.1748918558159278e-08,-275.9059725530212
4.8654694482266446e-05,1.202276772181117e-08,1.2022767436047826e-08,-273.0991509400474
4.9407839543341324e-05,1.2302999546743938e-08,1.2302999249779384e-08,-270.3162591507122
5.017264283162443e-05,1.2589763080909568e-08,1.258976277230496e-08,-267.5571299750525
5.094928480937818e-05,1.2883210565077514e-08,1.2883210244376787e-08,-264.82159712538834
5.1737948732310964e-05,1.3183497788620698e-08,1.3183497455349905e-08,-262.10949523255533
5.2538820692818037e-05,1.3490784172031692e-08,1.3490783825698348e-08,-259.4206598421425
5.335208966389166e-05,1.3805232851137432e-08,1.3805232491229804e-08,-256.7549274107451
5.4177947543711035e-05,1.4127010762997397e-08,1.412701038898385e-08,-254.1121353022271
5.501658920092238e-05,1.4456288734891549e-08,1.4456288346219476e-08,-251.49212178398892
5.586821252061997e-05,1.4793241577920954e-08,1.4793241174016073e-08,-248.8947260232537
5.673301845103893e-05,1.5138048176695882e-08,1.5138047756961434e-08,-246.319788083354
5.761121105097075e-05,1.5490891585347367e-08,1.549089114916322e-08,-243.76714892003653
5.850299753791283e-05,1.5851959124366227e-08,1.5851958671087993e-08,-241.2366503777727
5.940858833696335e-05,1.622144247987627e-08,1.6221442008834344e-08,-238.7281351860794
6.032819713047294e-05,1.6599537805427292e-08,1.6599537315925857e-08,-236.24144695585355
6.126204090846495e-05,1.6986445826286272e-08,1.698644531760226e-08,-233.77643017570958
6.22103400198363e-05,1.738237194620491e-08,1.738237141758691e-08,-231.3329302083349
6.317331822435068e-05,1.7787526356642512e-08,1.7787525807309644e-08,-228.91079328684955
6.415120274543676e-05,1.8202124148421705e-08,1.8202123577562477e-08,-226.509866511178
6.514422432380364e-05,1.8626385425796065e-08,1.8626384832567197e-08,-224.12999784443113
6.615261727188617e-05,1.906053542290777e-08,1.9060534806432982e-08,-221.7710361092969
6.717661952913303e-05,1.9504804622613413e-08,1.9504803981982228e-08,-219.43283098444363
6.821647271815085e-05,1.995942887773457e-08,1.9959428212001035e-08,-217.11523300092966
6.927242220171713e-05,2.0424649539763662e-08,2.042464884794435e-08,-214.81809353862482
7.034471714067585e-05,2.090071358637653e-08,2.0900712867449694e-08,-212.5412648226416
7.143361055272922e-05,2.1387873751013317e-08,2.138787300391715e-08,-210.28459991977752
7.25393593721395e-05,2.1886388657675985e-08,2.188638788130711e-08,-208.04795273496333
7.366222451035498e-05,2.239652295776524e-08,2.2396522150977106e-08,-205.831178007727
7.480247091757439e-05,2.2918547470461994e-08,2.291854663206319e-08,-203.63413130866107
7.59603676452643e-05,2.3452739326621954e-08,2.3452738455374413e-08,-201.4566690359049
7.713618790964421e-05,2.3999382116153854e-08,2.3999381210771008e-08,-199.29864841163499
7.833020915615448e-05,2.4558766038850837e-08,2.4558765097995696e-08,-197.15992747856328
7.954271312492202e-05,2.5131188058644735e-08,2.5131187080927902e-08,-195.04036509644925
8.077398591723943e-05,2.5716952061252657e-08,2.571695104523028e-08,-192.93982093861717
8.202431806307323e-05,2.6316369015186557e-08,2.631636795935825e-08,-190.85815548848637
8.329400458961702e-05,2.6929757136094215e-08,2.6929756038900946e-08,-188.79523003611095
8.458334509090582e-05,2.7557442054402384e-08,2.7557440914224284e-08,-186.7509066747269
8.589264379850794e-05,2.819975698775382e-08,2.8199755802907503e-08,-184.72504829731227
8.722220965331127e-05,2.8857042924476933e-08,2.8857041693212824e-08,-182.7175185931535
8.857235637842063e-05,2.9529648798899014e-08,2.952964751939914e-08,-180.72818204442407
8.994340255318358e-05,3.0217931678003004e-08,3.021793034837818e-08,-178.75690392277374
9.13356716883621e-05,3.0922256950576226e-08,3.092225556886334e-08,-176.80355028592209
9.274949230246785e-05,3.164299852074751e-08,3.1642997084906606e-08,-174.86798797426795
9.418519799927921e-05,3.2380539006466414e-08,3.23805375143777e-08,-172.9500846075053
9.564312754655796e-05,3.3135269942881874e-08,3.313526839234256e-08,-171.04970858124855
9.712362495598468e-05,3.390759199057794e-08,3.390759037929892e-08,-169.1667290636694
9.862703956433146e-05,3.469791514862376e-08,3.4697913474226245e-08,-167.3010159921413
0.00010015372611589097,3.550665897239684e-08,3.550665723240879e-08,-165.45244006989356
0.00010170404484618166,3.633425279613528e-08,3.633425098798784e-08,-163.62087276267764
0.0001032783615669486,3.7181135960178146e-08,3.7181134081201935e-08,-161.806186295439
0.00010487704775248006,3.8047758042850933e-08,3.804775609027223e-08,-160.00825364900217
0.00010650048062726017,3.8934579096954e-08,3.893457706789094e-08,-158.2269485567623
0.00010814904325497859,3.984206989814065e-08,3.9842067789597614e-08,-156.4621455013892
0.0001098231246289177,4.077071219827338e-08,4.077071000713784e-08,-154.71371971153832
0.0001115231197637392,4.172099897490524e-08,4.1720996697942707e-08,-152.9815471585718
0.00011324942978869138,4.269343469534562e-08,4.2693432329194944e-08,-151.26550455329104
0.00011500246204225916,4.368853558339619e-08,4.368853312456471e-08,-149.56546934267513
0.00011678263016827929,4.470682989303625e-08,4.47068273378946e-08,-147.88131970663167
0.00011859035421354343,4.574885818899815e-08,4.5748855533774876e-08,-146.21293455475706
0.00012042606072691192,4.6815173634175267e-08,4.6815170874951227e-08,-144.56019352310258
0.00012229018285996187,4.790634228380093e-08,4.7906339416503456e-08,-142.92297697095535
0.00012418316046919326,4.9022943386340767e-08,4.902294040673759e-08,-141.3011659776235
0.00012610544021981693,5.016556969103833e-08,5.016556659473137e-08,-139.69464233923378
0.0001280574756911494,5.133482776205517e-08,5.133482454447416e-08,-138.10328856553897
0.00013003972748363896,5.2531338299145154e-08,5.2531334955541014e-08,-136.52698787673157
0.00013205266332754856,5.375573646480564e-08,5.375573299024378e-08,-134.96562420026933
0.000134096758193321,5.5008672219175547e-08,5.500866860852825e-08,-133.41908216771034
0.00013617249440365237,5.629081067755104e-08,5.629080692548899e-08,-131.88724711155498
0.00013828036174730075,5.760283245523989e-08,5.760282855622547e-08,-130.37000506210038
0.00014042085759465592,5.894543402921268e-08,5.8945429977491344e-08,-128.86724274430074
0.0001425944870150988,6.031932810786291e-08,6.031932389745487e-08,-127.37884757464036
0.00014480176289617683,6.172524400827382e-08,6.172523963296527e-08,-125.90470765801345
0.00014704320606462461,6.316392804317451e-08,6.316392349650845e-08,-124.44471178461352
0.00014931934540925767,6.463614391750446e-08,6.463613919277104e-08,-122.99874942683344
0.00015163071800576848,6.61426731345027e-08,6.614266822472927e-08,-121.56671073617295
0.0001539778692434544,6.768431541123888e-08,6.768431030917972e-08,-120.14848654015611
0.00015636135295390722,6.926188910350226e-08,6.926188380162771e-08,-118.74396833925962
0.00015878173154169472,7.087623163996808e-08,7.087622613045365e-08,-117.35304830384568
0.00016123957611706514,7.252819996555514e-08,7.252819424026999e-08,-115.97561927111002
0.0001637354666307058,7.421867099389375e-08,7.421866504438912e-08,-114.6115747420337
0.00016626999201058777,7.594854206882051e-08,7.594853588631762e-08,-113.26080887834769
0.0001688437503009286,7.771873144377742e-08,7.771872501915266e-08,-111.92321649950506
0.00017145734880330646,7.953017878332726e-08,7.953017210709989e-08,-110.59869307966254
0.00017411140421995835,8.138384564549107e-08,8.13838387078091e-08,-109.28713474467035
0.0001768065427992966,8.328071599779081e-08,8.328070878841659e-08,-107.98843826907323
0.0001795434004836779,8.522179673747564e-08,8.522178924577079e-08,-106.70250107311772
0.00018232262305945947,8.720811822502175e-08,8.720811043993153e-08,-105.42922121977126
0.0001851448663093785,8.924073483114388e-08,8.92407267411808e-08,-104.16849741174795
0.0001880107961672897,9.132072549720114e-08,9.132071709042797e-08,-102.920228988545
0.0001909210888752988,9.344919430888451e-08,9.344918557289644e-08,-101.68431592348783
0.00019387643114332758,9.562727108306473e-08,9.56272620049711e-08,-100.46065882078287
0.0001968775203111496,9.785611196768856e-08,9.785610253409377e-08,-99.24915891258186
0.00019992506451293378,1.0013690005460521e-07,1.0013689025158918e-07,-98.0497180560524
0.00020301978284433493,1.0247084600520779e-07,1.0247083581830565e-07,-96.8622387304591
0.00020616240553217102,1.048591886887716e-07,1.048591781029529e-07,-95.68662403425424
0.00020935367410672683,1.0730319583411138e-07,1.07303184833758e-07,-94.52277768217462
0.0002125943415767246,1.0980416472279741e-07,1.0980415329167755e-07,-93.37060400235097
0.00021588517260700334,1.1236342287095809e-07,1.1236341099220537e-07,-92.23000793342305
0.0002192269436989485,1.1498232872779235e-07,1.1498231638387982e-07,-91.10089502166548
0.00022262044337371435,1.1766227239897943e-07,1.1766225957169401e-07,-89.98317141812234
0.0002260664723582828,1.2040467638196682e-07,1.2040466305238266e-07,-88.87674387575
0.0002295658437744021,1.232109963202616e-07,1.2321098246871205e-07,-87.78151974656855
0.00023311938333045036,1.260827217765563e-07,1.2608270738260476e-07,-86.69740697882362
0.0002367279295162689,1.2902137702453118e-07,1.2902136206694087e-07,-85.62431411415491
0.00024039233380101152,1.3202852185916874e-07,1.3202850631587114e-07,-84.56215028477547
0.00024411346083405626,1.351057524254182e-07,1.3510573627348043e-07,-83.51082521065823
0.00024789218864902743,1.3825470206504524e-07,1.3825468528063637e-07,-82.47024919673265
0.0002517294088709755,1.4147704218150999e-07,1.4147702473986618e-07,-81.4403331300891
0.000255626026926764,1.4477448312270313e-07,1.4477446499809157e-07,-80.4209884771921
0.0002595829622587134,1.4814877508138294e-07,1.4814875624706503e-07,-79.4121272811034
0.0002636011485415518,1.5160170902298682e-07,1.5160168945117604e-07,-78.41366215871206
0.0002676815339027238,1.551351176704768e-07,1.551350973322975e-07,-77.4255062979745
0.0002718250811461098,1.5875087644483943e-07,1.5875085531028613e-07,-76.44757345516355
0.00027603276797920844,1.624509044690566e-07,1.624508825069489e-07,-75.47977795212428
0.00028030558724383544,1.6623716558365146e-07,1.6623714276158855e-07,-74.52203467354099
0.00028464454715039354,1.701116693864417e-07,1.7011164567075466e-07,-73.57425906421065
0.000289050671515769,1.7407647229878126e-07,1.7407644765448312e-07,-72.6363671263265
0.00029352500000491045,1.781336786580629e-07,1.781336530487971e-07,-71.70827541677
0.00029806858837614714,1.8228544183625255e-07,1.822854152242388e-07,-70.78990104441037
0.00030268250873030487,1.8653396538423336e-07,1.8653393773021184e-07,-69.88116166741443
0.00030736784976367773,1.9088150420172344e-07,1.908814754648969e-07,-68.98197549056334
0.00031212571702491585,1.9533036573254606e-07,1.9533033587051976e-07,-68.09226126257899
0.0003169572331758897,1.9988291118502218e-07,1.9988288015374212e-07,-67.21193827345914
0.0003218635382565924,2.0454155677725849e-07,2.0454152453094744e-07,-66.34092635181985
0.0003268457899541421,2.0930877500713524e-07,2.0930874149822647e-07,-65.47914586224789
0.0003319051638759494,2.1418709599052375e-07,2.1418706116958253e-07,-64.6265177026606
0.00033704285382711184,2.1917910881491227e-07,2.1917907263057125e-07,-63.7829633016751
0.0003422600720921035,2.2428746288422808e-07,2.2428742528310828e-07,-62.94840461598522
0.00034755804972082444,2.295148693352702e-07,2.2951483026190284e-07,-62.122764127747494
0.00035293803681907786,2.3486410247043212e-07,2.3486406186717752e-07,-61.30596484197516
0.0003584013028435441,2.403380012276714e-07,2.403379590346338e-07,-60.497930283941834
0.0003639491369013203,2.4593947068740146e-07,2.4593942684234036e-07,-59.69858449659087
0.0003695828480540972,2.5167148361598894e-07,2.5167143805422727e-07,-58.907852037957156
0.00037530376562704343,2.5753708204554207e-07,2.5753703469987e-07,-58.12565797859324
0.00038111323952247264,2.635393788896641e-07,2.6353932969023994e-07,-57.351927899006654
0.0003870126405383646,2.696815595948569e-07,2.6968150846910435e-07,-56.586587887105225
0.00039300336069181767,2.7596688382725893e-07,2.759668306997604e-07,-55.82956453564867
0.00039908681354750773,2.823986871943925e-07,2.823986319867789e-07,-55.080784939712174
0.00040526443455123155,2.8898038300160444e-07,2.889803256324417e-07,-54.34017669415452
0.0004115376813686134,2.957154640518127e-07,2.957154044364791e-07,-53.60766789109735
0.00041790803422905415,3.0260750456651134e-07,3.026074426170673e-07,-52.88318711741161
0.0004243769962750051,3.096601620325819e-07,3.096600976576472e-07,-52.166663452212006
0.000430946093916648,3.1687717914774775e-07,3.168771122523645e-07,-51.458026464360856
0.0004376168771920651,3.2426238580458044e-07,3.2426231629007374e-07,-50.757206209978854
0.00044439092013298507,3.318197011162965e-07,3.3181962888012964e-07,-50.06413322996521
0.0004512698211361897,3.395531354944713e-07,3.3955306043009366e-07,-49.37873854752584
0.00045825520334067033,3.4746679277821495e-07,3.474667147749052e-07,-48.700953665708894
0.0004653487150106219,3.5556487241436966e-07,3.555647913570714e-07,-48.03071056495001
0.0004725520299243664,3.6385167168828425e-07,3.638515874574359e-07,-47.367941700624336
0.00047986684776929527,3.72331588004713e-07,3.723315004760716e-07,-46.71258000060796
0.00048729489454292654,3.81009121218396e-07,3.81009030262854e-07,-46.06455886284676
0.0004948379229601694,3.8988887601387885e-07,3.898887814972753e-07,-45.42381215293344
0.0005024977128668934,3.9897556433411786e-07,3.9897546611704233e-07,-44.79027420169313
0.0005102760716598987,4.082740078574266e-07,4.082739057950173e-07,-44.16387980277724
0.0005181748347133881,4.1778914057591643e-07,4.1778903451763197e-07,-43.54456421026467
0.0005261958658120403,4.275260114807973e-07,4.2752590127020433e-07,-42.932263136271864
0.0005343410575907862,4.374897871540801e-07,4.374896726286215e-07,-42.32691274857081
0.0005426123319813942,4.476857545382812e-07,4.4768563552903624e-07,-41.728449668214715
0.0005510116406659665,4.5811932372830477e-07,4.581192000597413e-07,-41.13681096717269
0.0005595409655374563,4.6879603083507863e-07,4.687959023247942e-07,-40.55193416597152
0.0005682023191673142,4.797215409215446e-07,4.79721407379997e-07,-39.97375723134573
0.0005769977452803715,4.909016510103694e-07,4.909015122405962e-07,-39.40221857389647
0.0005859293192370766,5.023422931627544e-07,5.023421489600822e-07,-38.83725704575713
0.0005949991485231942,5.140495376277272e-07,5.140493877794688e-07,-38.27881193826821
0.0006042093732470866,5.260295960612769e-07,5.260294403464177e-07,-37.72682297965925
0.0006135621666446908,5.382888248147147e-07,5.382886630035881e-07,-37.181230332739176
0.0006230597355923135,5.508337282916416e-07,5.508335601455925e-07,-36.64197459259514
0.0006327043211273641,5.636709623728846e-07,5.636707876439216e-07,-36.10899678429764
0.0006424981989771466,5.768073379140551e-07,5.768071563444844e-07,-35.58223836061599
0.0006524436800958393,5.902498244702397e-07,5.902496357922639e-07,-35.0616411997394
0.0006625431112097845,6.040055539437296e-07,6.040053578790755e-07,-34.54714760300743
0.0006727988753712201,6.180818243390625e-07,6.180816205985621e-07,-34.03870029264838
0.0006832133925205829,6.324861036416607e-07,6.324858919248274e-07,-33.53624240952391
0.0006937891200575142,6.47226033762996e-07,6.472258137575824e-07,-33.03971751088431
0.0007045285534207069,6.623094345874447e-07,6.623092059689824e-07,-32.54906956812883
0.000715434226676726,6.777443081199644e-07,6.777440705512843e-07,-32.064242964575634
0.0007265087131179447,6.935388427337023e-07,6.93538595864436e-07,-31.58518249323927
0.0007377546258697363,7.097014175166671e-07,7.09701160982729e-07,-31.111833354615158
0.0007491746185070645,7.262406067165974e-07,7.262403401396483e-07,-30.644141154473434
0.0007607713856806186,7.431651842831373e-07,7.431649072700257e-07,-30.182051901658436
0.0007725476637526407,7.604841285064474e-07,7.604838406486336e-07,-29.725512005898405
0.000784506231442595,7.782066267513905e-07,7.782063276243477e-07,-29.27446827562107
0.0007966499104828324,7.963420802863946e-07,7.963417694489912e-07,-28.828867915777725
0.0008089815662844031,8.149001092638245e-07,8.148997862576522e-07,-28.38865852567537
0.0008215041086131764,8.338905579986561e-07,8.338902223473541e-07,-27.9537880968157
0.0008342204922764269,8.533235000094834e-07,8.533231512180488e-07,-27.524205010742836
0.0008471337178200471,8.732092434052575e-07,8.732088809593107e-07,-27.099858036897952
0.0008602468322365544,8.935583363296729e-07,8.935579596947023e-07,-26.680696330481886
0.0008735629296840558,9.143815725366786e-07,9.143811811572527e-07,-26.266669430325553
0.0008870851522163429,9.356899971076615e-07,9.356895904066097e-07,-25.857727256767976
0.0009008166905242876,9.574949123090875e-07,9.574944896866474e-07,-25.45382010954176
0.0009147607846887153,9.798078835893524e-07,9.79807444422283e-07,-25.05489866566631
0.0009289207249449302,1.002640745713626e-06,1.0026402893542873e-06,-24.660913977348958
0.0009432998524590772,1.0260056090354777e-06,1.0260051348108767e-06,-24.271817469893083
0.0009579015601165192,1.049914865904034e-06,1.0499143731148336e-06,-23.887560939614506
0.0009727292933224203,1.0743811972054505e-06,1.0743806851249428e-06,-23.50809655176511
0.0009877865508147194,1.09941757903749e-06,1.0994170469105346e-06,-23.133376838463878
0.001003076885489691,1.1250372895163581e-06,1.1250367365582789e-06,-22.763354696635854
0.001018603905240278,1.1512539159566683e-06,1.1512533413520287e-06,-22.397983385958593
0.001034371273807414,1.178081362113173e-06,1.1780807650146412e-06,-22.037216526815673
0.0010503827116445116,1.205533855396551e-06,1.2055332349236238e-06,-21.681008098258456
0.0010666419967953378,1.2336259544607887e-06,1.2336253096984997e-06,-21.329312435974696
0.001083152965785478,1.2623725568809324e-06,1.2623718868785077e-06,-20.982084230265176
0.0010999195145275993,1.2917889070298657e-06,1.2917882107993203e-06,-20.639278524027244
0.0011169455992407254,1.3218906041524088e-06,1.3218898806670902e-06,-20.300850710746392
0.0011342352373837432,1.3526936106350398e-06,1.35269285882811e-06,-19.96675653249505
0.0011517925086033582,1.3842142604694859e-06,1.3842134792323455e-06,-19.636952077938293
0.0011696215556967241,1.4164692679084853e-06,1.416468456089139e-06,-19.31139378034826
0.0011877265855889736,1.4494757363120185e-06,1.449474892713376e-06,-18.99003841562444
0.00120611187032588,1.4832511671822561e-06,1.4832502905603743e-06,-18.672843100322574
0.0012247817480818858,1.5178134693855266e-06,1.5178125584477833e-06,-18.359765289690305
0.001243740624183733,1.5531809685595978e-06,1.5531800219628053e-06,-18.050762775710098
0.0012629929721499418,1.5893724167534998e-06,1.5893714331019019e-06,-17.74579368515039
0.0012825433347463753,1.626407002716125e-06,1.626405980559291e-06,-17.44481647762277
0.0013023963250581487,1.6643043617826611e-06,1.6643032996134114e-06,-17.147789943647652
0.0013225566275781272,1.7030845862940092e-06,1.7030834825461707e-06,-16.85467320272657
0.0013430289993122742,1.7427682362191654e-06,1.7427670892652723e-06,-16.565425701421958
0.001363818270902111,1.7833763500014329e-06,1.7833751581503302e-06,-16.28000721144462
0.0013849293477645498,1.8249304556817604e-06,1.824929217176109e-06,-15.998377827747422
0.0014063672112493712,1.8674525822968192e-06,1.867451295310503e-06,-15.72049796662763
0.001428136919814619,1.910965271549434e-06,1.9109639341848622e-06,-15.446328363835368
0.0014502436102201892,1.9554915897489203e-06,1.9554902000342263e-06,-15.175830072689761
0.0014726924987398947,2.001055140018937e-06,2.0010536959050713e-06,-14.908964462202627
0.0014954888823922928,2.047680074770475e-06,2.047678574128188e-06,-14.64569321520842
0.0015186381401905648,2.0953911084375287e-06,2.095389549054243e-06,-14.385978326502466
0.0015421457344117417,2.1442135304730627e-06,2.1442119100496323e-06,-14.129782100985718
0.0015660172118855797,2.194173218602894e-06,2.194171534750247e-06,-13.877067151816727
0.0015902582053033834,2.245296652614562e-06,2.2452949028500487e-06,-13.627796398571036
0.0016148744345470913,2.2976109287330326e-06,2.2976091104768516e-06,-13.381933065407406
0.0016398717080389332,2.351143773479753e-06,2.3511418840511406e-06,-13.139440679241506
0.0016652559241119803,2.4059235584889627e-06,2.405921595102241e-06,-12.90028306792625
0.0016910330724019102,2.4619793154408276e-06,2.4619772752013115e-06,-12.664424358439769
0.0017172092352603157,2.519340751376344e-06,2.5193386312760733e-06,-12.431828975080098
0.001743790589189891,2.578038264397951e-06,2.5780360613112566e-06,-12.202461637666936
0.0017707834063018324,2.638102959752519e-06,2.638100670431407e-06,-11.97628735975078
0.001798194055795802,2.699566666293355e-06,2.6995642873627127e-06,-11.753271446828677
0.0018260290054627948,2.762461953317804e-06,2.762459481270422e-06,-11.53337949456743
0.0018542948232112759,2.826822147777091e-06,2.826819578968494e-06,-11.316577387033481
0.0018829981786169356,2.89268135185507e-06,2.8926786824981547e-06,-11.102831294929931
0.0019121458444964373,2.960074460912433e-06,2.960071687071913e-06,-10.892107673840584
0.0019417446985055243,3.0290371817930467e-06,3.0290342993796873e-06,-10.684373262481023
0.001971801724761866,3.099606051511194e-06,3.099603056275802e-06,-10.479595080956434
0.002002324015493022,3.171818457133351e-06,3.1718153446602825e-06,-10.277740429026519
0.00203331877270992,3.2457126553134902e-06,3.245709421014379e-06,-10.07877688437749
0.0020647933099062323,3.3213277923214235e-06,3.3213244314283302e-06,-9.882672300900607
0.002096755053784063,3.3987039247746472e-06,3.3987004323330636e-06,-9.68939480697805
0.0021292115460063467,3.4778820407095903e-06,3.4778784115711475e-06,-9.498912803775468
0.002162170444976368,3.558904081194245e-06,3.558900310009127e-06,-9.311194963541178
0.002195639527644836,3.6418129624773702e-06,3.641809043686423e-06,-9.126210227912965
0.0022296266913449225,3.7266525986695737e-06,3.7266485264961018e-06,-8.943927806230807
0.0022641399556557113,3.8134679249515806e-06,3.8134636933928237e-06,-8.7643171738572
0.0022991874642944903,3.9023049213048805e-06,3.902300524123162e-06,-8.587348070503825
0.0023347774870383347,3.9932106367600446e-06,3.993206067473588e-06,-8.41299049856531
0.002370918421675436,4.086233214158045e-06,4.086228466031452e-06,-8.241214721459823
0.002407618795986637,4.181421915419745e-06,4.181416981454111e-06,-8.071991261975974
0.002444887269757637,4.278827147318866e-06,4.278822020241552e-06,-7.905290900627332
0.0024827326368223493,4.3785004880117235e-06,4.378495160265461e-06,-7.741084674012791
0.0025211638271378837,4.480494715229761e-06,4.480489178961457e-06,-7.5793438731843485
0.0025601899088916517,4.584863833195655e-06,4.584858080244993e-06,-7.4200400420214745
0.002599820090641087,4.691663101323711e-06,4.69165712321107e-06,-7.263144975611761
0.00264006372348649,4.800949063269372e-06,4.8009428511833705e-06,-7.108630718639055
0.002680930303277501,4.912779576656473e-06,4.9127731214409975e-06,-6.956469563777616
0.0027224294728537346,5.0272138435571845e-06,5.027207135697893e-06,-6.806634050093217
0.002764571024320095,5.144312441717908e-06,5.144305471328203e-06,-6.659096961451048
0.00280736490135731,5.264137356524517e-06,5.2641301133309565e-06,-6.513831324929944
0.0028508212015682355,5.3867520137003846e-06,5.386744487027534e-06,-6.370810409243579
0.0028949501788604723,5.512221312730417e-06,5.512213491485125e-06,-6.230007723168051
0.002939762245865872,5.640611661004527e-06,5.6406035336596e-06,-6.0913970139762705
0.0029852679763974913,5.771991008673964e-06,5.7719825632512456e-06,-5.954952265878789
0.0030314781079445762,5.906428884213735e-06,5.906420108266556e-06,-5.820647698471255
0.003078403544206173,6.04399643068453e-06,6.043987311279529e-06,-5.688457765188579
0.003126055357663954,6.184766443773627e-06,6.184756967470938e-06,-5.558357151765413
0.003174444792194868,6.328813410686361e-06,6.328803563520536e-06,-5.430320774703414
0.003223583265724238,6.476213548325473e-06,6.4762033157846415e-06,-5.30432377974495
0.003273482372919921,6.627044843762897e-06,6.627034210767465e-06,-5.180341540353184
0.003324153887928178,6.781387095091301e-06,6.781376045971786e-06,-5.058349656198921
0.0033756097671518866,6.939321953329926e-06,6.9393104718038836e-06,-4.938323951653826
0.0034278621520717665,7.100932965376052e-06,7.100921034524086e-06,-4.820240474290018
0.00348092337211127,7.2663056179926275e-06,7.2662932202334395e-06,-4.704075493386299
0.00353480594754582,7.435527382822801e-06,7.43551449988727e-06,-4.5898054984407874
0.0035895225924570846,7.6086877624221265e-06,7.608674375326391e-06,-4.477407197689891
0.003645086217732978,7.785878337298948e-06,7.785864426316454e-06,-4.366857516633833
0.003701509934114103,7.967192813953702e-06,7.967178358586216e-06,-4.258133596568593
0.003758807055287348,8.152727073907944e-06,8.152712052855486e-06,-4.151212793124006
0.0038169911010273714,8.342579223713558e-06,8.342563614843223e-06,-4.0460726748087055
0.003876075800386717,8.53684964607207e-06,8.536833426385353e-06,-3.942691021560916
0.003936075094935306,8.73564105437011e-06,8.735624199968237e-06,-3.841045823306035
0.003997003142050077,8.939058545567715e-06,8.939041031617369e-06,-3.7411152785202466
0.004058874318255551,9.147209655237052e-06,9.147191455933487e-06,-3.6428777928006495
0.004121703222616095,9.360204414062871e-06,9.360185502592042e-06,-3.546311977441756
0.004185504680180712,9.578155405395707e-06,9.57813575389484e-06,-3.451396648017932
0.004250293745481138,9.801177824269161e-06,9.80115740378574e-06,-3.3581108229726966
0.004316085706084103,1.0029389537868318e-05,1.0029368318317423e-05,-3.26643372221375
0.004382896086198563,1.0262911147435925e-05,1.0262889097555896e-05,-3.1763447657146
0.004450740650338781,1.050186605160338e-05,1.050184313890976e-05,-3.087823572122395
0.0045196354070441095,1.0746380511133538e-05,1.0746356701871233e-05,-3.000849957371787
0.004589596612656346,1.0996583715061956e-05,1.0996558974155597e-05,-2.915403933305363
0.004660640775155568,1.1252607848223646e-05,1.1252582139226096e-05,-2.831465706299932
0.004732784658055335,1.1514588160152353e-05,1.1514561445191281e-05,-2.749015675899259
0.0048060452843581986,1.1782663035338942e-05,1.1782635275061488e-05,-2.668034433452901
0.004880439940572428,1.2056974065757098e-05,1.2056945219270882e-05,-2.5885027607611346
0.004955986180790921,1.2337666127583144e-05,1.233763615239622e-05,-2.5104016287262234
0.005032701830833251,1.26248874544374e-05,1.2624856306396255e-05,-2.433712196009599
0.005110604992451829,1.2918789715723884e-05,1.2918757348948284e-05,-2.35841580769537
0.005189714047603179,1.3219528095720333e-05,1.3219494462535973e-05,-2.2844939939598543
0.005270047662785324,1.3527261374568307e-05,1.3527226425436712e-05,-2.21192846874717
0.005351624793442318,1.384215201129278e-05,1.3842115694738406e-05,-2.140701128451055
0.0054344646884369515,1.4164366228833008e-05,1.4164328491367419e-05,-2.070794050602596
0.005518586894592698,1.4494074101065836e-05,1.4494034887108934e-05,-2.002189492564146
0.005604011261305965,1.4831449641803267e-05,1.4831408893601465e-05,-1.9348698902292647
0.005690757945229731,1.517667089574597e-05,1.5176628553287228e-05,-1.8688178567286025
0.0057788474150297,1.5529920031373975e-05,1.552987603229963e-05,-1.8040161811419333
0.005868300456214066,1.589138343575631e-05,1.5891337715269626e-05,-1.7404478272161172
0.005959138176038038,1.6261251811261315e-05,1.626120430203264e-05,-1.6780959320891105
0.006051382008484291,1.6639720274149007e-05,1.663967090621748e-05,-1.616943805019864
0.006145053719320507,1.7026988458254022e-05,1.7026937158920856e-05,-1.5569749261243178
0.006240175411235208,1.742326062027207e-05,1.7423207313997416e-05,-1.4981729451172152
0.006336769529053082,1.7828745743786686e-05,1.7828690352077027e-05,-1.4405216800600034
0.006434858865031042,1.824365764913405e-05,1.8243600090427194e-05,-1.384005116114515
0.006534466564236273,1.866821510437802e-05,1.866815529392336e-05,-1.3286074043026361
0.006635616130007511,1.9102641939119724e-05,1.9102579788853664e-05,-1.2743128602719433
0.006738331429500871,1.9547167161115897e-05,1.95471025795323e-05,-1.2211059630670438
0.0068426366993215235,2.0002025075680277e-05,2.00019579676958e-05,-1.1689713539069864
0.006948556551242534,2.0467455407841726e-05,2.046738567465589e-05,-1.1178938349683925
0.007056115978012241,2.094370342723318e-05,2.0943630966183045e-05,-1.067858368174502
0.007165340359251514,2.14310200756859e-05,2.1430944780095215e-05,-1.0188500739900648
0.007276255467442311,2.192966209750248e-05,2.1929583856525108e-05,-0.9708542302219665
0.007388887474008925,2.2439892172382914e-05,2.2439810870840498e-05,-0.9238562708257538
0.007503262955493371,2.2961979050978038e-05,2.296189456919166e-05,-0.8778417847179021
0.00761940889982636,2.3496197693387648e-05,2.3496109907001577e-05,-0.8327965145938757
0.0077373527126953475,2.4042829416861247e-05,2.4042738196656107e-05,-0.7887063557519632
0.007857122224011151,2.4602162039162442e-05,2.460206725086991e-05,-0.7455573549228072
0.007978745694474675,2.5174490027476357e-05,2.5174391531580232e-05,-0.7033357091048169
0.008102251822245268,2.5760114651395962e-05,2.5760012302927758e-05,-0.6620277644050835
0.00822766974971233,2.6359344138656685e-05,2.6359237786982886e-05,-0.6216200148862419
0.008355029070371707,2.6972493834786786e-05,2.6972383323387577e-05,-0.5820991014188402
0.008484359835808555,2.7599886366637213e-05,2.759977153287637e-05,-0.5434518105395271
0.008615692562788275,2.824185180975465e-05,2.8241732484640392e-05,-0.5056650733148478
0.008749058240457233,2.889872785956054e-05,2.8898603867497107e-05,-0.46872596421067353
0.008884488337654914,2.95708600062998e-05,2.957073116482945e-05,-0.43262169996735417
0.00902201481033929,3.025860171372296e-05,3.0258467833258184e-05,-0.3973396384804278
0.009161670109127119,3.096231460146448e-05,3.096217548501018e-05,-0.36286727768699484
0.009303487186950952,3.168236863108096e-05,3.1682224073946293e-05,-0.3291922544576782
0.009447499506834687,3.241914229571303e-05,3.241899208521271e-05,-0.29630234349413315
0.009593741049789462,3.3173022815228794e-05,3.3172866730366684e-05,-0.2641854562322563
0.009742246322831794,3.3944406343546476e-05,3.3944244154689785e-05,-0.23282963975079382
0.009893050367125813,3.4733698166312755e-05,3.473352963485899e-05,-0.2022230756856317
0.010046188766251542,3.5541312911706946e-05,3.554113778973227e-05,-0.17235407914956066
0.010201697654601176,3.636767476368343e-05,3.636749279357959e-05,-0.14321109765758486
0.010359613725905301,3.7213217680050056e-05,3.721302859414667e-05,-0.11478271005770502
0.01051997424189113,3.8078385615943525e-05,3.807818913611513e-05,-0.08705762546726262
0.010682817041074731,3.8963632752648644e-05,3.896342858990629e-05,-0.06002468221470431
0.010848180547689379,3.986942373171143e-05,3.9869211585778175e-05,-0.03367284678686368
0.011016103780752094,4.079623389429294e-05,4.079601345316297e-05,-0.00799121278162775
0.011186626363270533,4.174454952571273e-05,4.1744320465193606e-05,0.01703100013383155
0.0113597885315924,4.2714868105130835e-05,4.271463008836835e-05,0.04140444725954196
0.011535631144899573,4.370769856031538e-05,4.3707451237300685e-05,0.06513965989368765
0.011714195694849201,4.472356152744487e-05,4.4723304534503347e-05,0.08824704635821247
0.01189552431536404,4.57629896158938e-05,4.5762722575155275e-05,0.11073689301904849
0.01207965979257432,4.682652768376268e-05,4.68262502025931e-05,0.1326193653009229
0.012266645574913535,4.791473312447235e-05,4.7914444794907885e-05,0.15390450869684347
0.012456525783370488,4.9028176142946676e-05,4.9027876541094316e-05,0.1746022497722276
0.012649345221900036,5.0167440050828034e-05,5.0167128736244405e-05,0.19472239716367037
0.012845149387994994,5.133312156369218e-05,5.133279807873907e-05,0.21427464257244463
0.013043984483421674,5.2525831105619e-05,5.2525494974792974e-05,0.2332685617526209
0.013245897425121615,5.374619312117665e-05,5.374584385041191e-05,0.25171361549397003
0.013450935856282062,5.499484639474468e-05,5.4994483470688454e-05,0.269619150599531
0.013659148157577801,5.627244437710362e-05,5.627206726636321e-05,0.28699440085793226
0.013870583458587023,5.75796555192185e-05,5.757926366757932e-05,0.30384848801044745
0.014085291649383888,5.89171636131415e-05,5.891675644475522e-05,0.3201904227128418
0.014303323392310548,6.028566813996265e-05,6.028524505650479e-05,0.3360291054919436
0.014524730133931374,6.168588462473363e-05,6.168544500452962e-05,0.3513733276970392
0.01474956411717225,6.311854499829277e-05,6.311808819541179e-05,0.36623177244606814
0.014977878393647757,6.458439796594358e-05,6.458392330925799e-05,0.3806130155666009
0.015209726836179185,6.608420939629325e-05,6.608371618846408e-05,0.3945255265316717
0.015445164151506312,6.761876271235818e-05,6.761825022884615e-05,0.407977669390442
0.015684245893195954,6.918885928115654e-05,6.918832676914892e-05,0.4209777036937309
0.015927028474750336,7.079531882309748e-05,7.07947655004097e-05,0.4335337854143803
0.016173569182918367,7.243897982570131e-05,7.243840487963398e-05,0.44565396786253714
0.016423926191212964,7.412069996756491e-05,7.412010255371507e-05,0.4573462025958086
0.01667815857363762,7.584135655246951e-05,7.584073579349459e-05,0.46861834032433536
0.016936326318625454,7.760184695352514e-05,7.760120193785833e-05,0.47947813181078563
0.017198490343194022,7.940308906725043e-05,7.940241884776613e-05,0.4899332287652598
0.017464712507319246,8.124602177748176e-05,8.124532537010965e-05,0.4999911847351902
0.01773505562853182,8.313160542900976e-05,8.313088181129611e-05,0.5096594559901713
0.01800958349673959,8.506082231083783e-05,8.506007042045276e-05,0.5189454024017485
0.01828836088927935,8.70346771489613e-05,8.703389588215017e-05,0.5278562883182405
0.01857145358620166,8.905419760856061e-05,8.905338581853892e-05,0.5363992834345328
0.01885892838579221,9.112043480605009e-05,9.111959130132943e-05,0.5445814636568931
0.01915085312033352,9.323446385333321e-05,9.323358739593515e-05,0.552409811962814
0.019447296672110554,9.53973843919949e-05,9.539647369568965e-05,0.5598912192559135
0.019748328989664134,9.761032113955758e-05,9.760937486796725e-05,0.5670324852158561
0.020054021104295914,9.987442445513882e-05,9.987344121979088e-05,0.5738403191433937
0.020364445146828888,0.00010219087091323917,0.0001021898492715413,0.5803213408004404
0.020679674364627275,0.00010456086389148111,0.00010455980234461512,0.5864820812452761
0.02099978313887993,0.00010698563417215237,0.00010698453116288478,0.5923289836628429
0.021324847002151242,0.00010946644055740527,0.0001094652944678121,0.5978684041901824
0.021654942656203727,0.00011200457049796576,0.00011200337964706898,0.6031066127369796
0.02199014799009651,0.00011460134073520406,0.00011460010337651753,0.6080497938012883
0.02233054209856395,0.00011725809795641884,0.00011725681227540098,0.6127040472804105
0.02267620530067876,0.00011997621946318878,0.00011997488357459958,0.6170753892769388
0.023027219158804024,0.00012275711385264335,0.00012275572579780318,0.621169752900013
0.023383666497838553,0.00012560222171150448,0.00012560077945545232,0.6249929890617469
0.023745631424760213,0.00012851301632430017,0.00012851151775282248,0.6285508672689293
0.02411319934847168,0.0001314910044279553,0.00013148944734443725,0.6318490764098867
0.02448645699995348,0.00013453772694379713,0.00013453610906609555,0.6348932255366382
0.024865492452728937,0.0001376547597355909,0.00013765307869268142,0.637688844642302
0.025250395143645906,0.00014084371438882138,0.00014084196771735281,0.6402413854337534
0.025641255893980232,0.0001441062390024045,0.0001441044241431149,0.6425562220995926
0.026038166930865827,0.00014744401899927505,0.00014744213329326481,0.644638652073384
0.026441221909056522,0.00015085877795564158,0.00015085681864049965,0.6464938967922316
0.026850515933024732,0.0001543522784486966,0.00015435024265447514,0.6481271024506742
0.027266145579402233,0.0001579263229225738,0.00015792420766760744,0.6495433407499044
0.02768820891976829,0.0001615827545723412,0.0001615805567589061,0.6507476096423577
0.028116805543790528,0.00016532345824581913,0.00016532117465562732,0.6517448340716562
0.02855203658272402,0.0001691503613630148,0.0001691479886525402,0.652539866707942
0.02899400473327413,0.0001730654348529613,0.00017306296954859183,0.6531374886785855
0.029442814281828707,0.00017707069410775205,0.00017706813260076439,0.6535424102943255
0.02989857112906544,0.00018116819995570618,0.0001811655384970122,0.6537592717708017
0.030361382814940042,0.00018536005969807754,0.00018535729439265856,0.6537926439455388
0.030831358544061313,0.00018964842811356082,0.000189645554914939,0.6536470289903669
0.03130860921145892,0.0001940355084985119,0.00019403252320282385,0.6533268611193176
0.03179324742875012,0.00019852355373591043,0.00019852045197581725,0.6528365072919654
0.03228538755071147,0.00020311486738075032,0.0002031116446191033,0.6521802679122866
0.03278514570226186,0.0002078118047707624,0.000207808456294018,0.6513623775229959
0.03329263980586328,0.0002126167741621661,0.0002126132950735413,0.6503870054954096
0.033807989609345654,0.00021753223789015255,0.00021752862310251358,0.6492582567148327
0.03433131671416243,0.0002225607135537961,0.00022255695778227282,0.6479801722614826
0.034862744604083576,0.00022770477522509615,0.0002277008729794143,0.6465567300869722
0.03540239867433265,0.00023296705468184634,0.00023296300025836918,0.6449918456863616
0.035950406261174975,0.0002383502426640338,0.00023834603013750646,0.643289372765784
0.03650689667196376,0.00024385709015346439,0.00024385271336845217,0.6414531039056727
0.03707200121565135,0.0002494904096763172,0.0002494858622383298,0.639486771219594
0.037645853233772765,0.00025525307662945966,0.00025524835189570677,0.6373940470087036
0.038228588131908846,0.00026114803068813134,0.0002611431217576508,0.6351785444118333
0.03882034341163641,0.0002671782771876659,0.00026717317689160184,0.6328438180512268
0.039421258702973014,0.0002733468885302964,0.0002733415894214234,0.6303933646739479
0.040031475797323905,0.0002796570056437623,0.0002796514999857402,0.6278306237889479
0.04065113868093901,0.0002861118394573074,0.0002861061192135077,0.6251589782998368
0.041280393568887755,0.0002927146724113116,0.0002927087292332012,0.6223817551333434
0.041919388939559876,0.0002994688600001231,0.00029946268521519243,0.6195022258634973
0.042568275569700234,0.00030637783234766067,0.0003063714169468825,0.6165236073315552
0.04322720656998592,0.00031344509581535823,0.00031343843044016304,0.6134490622616341
0.043896337421154126,0.0003206742346420178,0.00032066730957077197,0.6102816998721381
0.04457582601068927,0.00032806891261514284,0.00032806171774911615,0.6070245764829314
0.04526583267007791,0.00033563287477332223,0.0003356253996221301,0.6036806961183051
0.04596652021264046,0.0003433699491392306,0.0003433621828057372,0.6002530111057365
0.04667805397194845,0.0003512840484828189,0.0003512759796474874,0.5967444226704599
0.04740060184083647,0.0003593791721142643,0.00035937078901893913,0.593157781525862
0.04813433431101803,0.0003676594077571089,0.0003676506981875724,0.5894958884597075
0.04887942451331461,0.00037612893346527853,0.00037611988473409817,0.5857614949162286
0.04963604825850744,0.00038479201948347686,0.00038478261841159127,0.581957303574063
0.05040438407882164,0.00039365303022657774,0.0003936432631243528,0.5780859689200821
0.05118461327005255,0.0004027164262665338,0.00040270627891409355,0.5741500978191043
0.05197691993434407,0.0004119867663631559,0.0004119762239899377,0.5701522500795114
0.052781491023629265,0.0004214687095383109,0.0004214577568018205,0.5660949390147826
0.05359851638374335,0.0004311670171929243,0.00043115563815666603,0.5619806320009665
0.05442818879921952,0.0004410865552661684,0.00044107473337672584,0.5578117510300947
0.055270704038778234,0.00045123229643621534,0.00045122001449945806,0.5535906732595433
0.05612626090152062,0.00046160932236194164,0.0004615965625183332,0.5493197315573828
0.05699506126383688,0.00047222282596496635,0.0004722095696639478,0.5450012150437036
0.05787731012704091,0.00048307811375139926,0.00048306434172482423,0.5406373696279401
0.05877321566574216,0.0004941806081726898,0.0004941663004072844,0.5362303985422123
0.05968298927696637,0.0005055358500249541,0.0005055209857337779,0.531782462870681
0.060606845630036585,0.0005171495009030525,0.0005171340584954571,0.5272956820749638
0.061545002717226314,0.0005290273458110592,0.0005290113028614553,0.5227721345155807
0.06249768190519683,0.0005411752956346762,0.0005411586288509355,0.5182138579694723
0.06346510798723057,0.0005535993897632914,0.0005535820749532279,0.5136228501436121
0.0644475092362732,0.0005663057987422249,0.0005662878107790647,0.5090010691846869
0.06544511745879668,0.0005793008269691045,0.0005792821397555996,0.5043504341849088
0.06645816804949606,0.0005925909154459721,0.0005925715018771138,0.49967282568392324
0.06748690004683303,0.0006061826445862451,0.0006061624765105305,0.49497008616687405
0.0685315561894392,0.0006200827370756351,0.0006200617852548472,0.49024402055858884
0.06959238297339246,0.0006342980607861415,0.0006342762948535936,0.4854963967139533
0.07066963071038,0.0006488356317422343,0.0006488130201594372,0.4807289459044339
0.07176355358676159,0.0006637026171383358,0.0006636791271500414,0.4759433633008052
0.07287440972354714,0.0006789063384067161,0.0006788819359942939,0.4711413084520713
0.07400246123730272,0.0006944542743349165,0.0006944289241680149,0.46632440576059536
0.07514797430199936,0.0007103540642318122,0.0007103277296182633,0.4614942449534681
0.07631121921181913,0.0007266135111414253,0.0007265861539753434,0.4566523815501145
0.07749247044493358,0.0007432405851728594,0.0007432121658792077,0.451800337326143
0.0786920067282693,0.0007602434269547666,0.0007602139044339301,0.4469396007734824
0.07991011110327607,0.0007776303509232318,0.0007775996824926167,0.442071627556782
0.08114707099271311,0.0007954098488456649,0.0007953779901790581,0.4371978409661232
0.08240317826846899,0.0008135905933441412,0.0008135574984089283,0.4323196323660212
0.08367872932043151,0.0008321814414862154,0.0008321470624781586,0.42743836164076593
0.08497402512642356,0.0008511914384442458,0.0008511557257197392,0.42255535763608637
0.08628937132322156,0.0008706298212219481,0.0008705927232276736,0.4176719185971685
0.08762507827867326,0.0008905060224469065,0.000890467485646806,0.41278931260303975
0.08898146116493176,0.0009108296742277753,0.0009107896430272629,0.40790877799731723
0.09035884003282332,0.0009316106120749015,0.0009315690287422309,0.40303152381535456
0.09175753988736624,0.0009528588788830849,0.0009528156834677921,0.3981587302077919
0.09317789076445866,0.000974584728975219,0.0009745398592235599,0.3932915488605159
0.09462022780875361,0.0009967986322055341,0.0009967520234728335,0.38843110341105586
0.09608489135273941,0.0010195112781211668,0.0010194628632809973,0.38357848986141385
0.09757222699704414,0.0010427335801807941,0.0010426832895309031,0.3787347769873656
0.09908258569198332,0.0010664766801211862,0.0010664244412830653,0.37390100674421345
0.10061632382036986,0.001090751952478301,0.0010906976902968005,0.36907819466903924
0.10217380328160544,0.001115571008876514,0.0011155146453141048,0.3642673302794467
0.10375539157707453,0.00114094570262836,0.0011408871566553323,0.35946937746880875
0.10536146189685928,0.0011668881333231089,0.0011668273208039514,0.35468527489805
0.10699239320779724,0.001193410651494835,0.0011933474850702411,0.3499159363839592
0.10864857034290193,0.0012205258633712528,0.0012204602523356119,0.34516225128405603
0.11033038409216774,0.0012482466357015057,0.0012481784858757296,0.3404250848780175
0.11203823129478034,0.0012765861006610831,0.001276515314260619,0.33570527874568595
0.11377251493275455,0.0013055576608320745,0.0013054841363299618,0.3310036511416696
0.11553364422602147,0.0013351749942569237,0.0013350986262417395,0.3263209973665425
0.11732203472898772,0.001365452059563889,0.0013653727385924401,0.3216580901346672
0.11913810842858925,0.0013964031011623867,0.001396320713606996,0.31701567993864516
0.12098229384386298,0.00142804265450641,0.0014279570823966482,0.3123944954104197
0.12285502612705973,0.0014603855514241995,0.0014602966722829156,0.307795243679025
0.12475674716632233,0.0014934469255123734,0.0014933546121858716,0.30321861072502104
0.12668790568995317,0.0015272422176149532,0.0015271463380951969,0.2986652617316009
0.12864895737229565,0.0015617871816432885,0.00156168759888124,0.2941358414324076
0.1306403649412547,0.0015970978900670815,0.0015969944617862922,0.2896309744560594
0.1326625982874817,0.0016331907396662335,0.0016330833181637276,0.2851512656673972
0.13471613457524922,0.0016700824573659943,0.001669970889307759,0.2806973005054767
0.1368014583550425,0.0017077901061194629,0.0017076742323281749,0.27626964531831155
0.13891906167789336,0.0017463310908795323,0.0017462107461142483,0.2718688476943818
0.14106944421148415,0.00178572316465775,0.0017855981773852831,0.2674954367909224
0.14325311335804886,0.0018259844346675117,0.0018258546268252224,0.26314992365900713
0.14547058437409927,0.0018671333685490552,0.0018669985552987802,0.2588328015654352
0.14772238049200442,0.0019091888006736747,0.001909048790146521,0.2545445463114396
0.150009033043452,0.0019521699385246258,0.0019520245315563524,0.25028561654823434
0.15233108158482084,0.001996096369152135,0.001995945359008853,0.2460564540893954
0.15468907402449422,0.002040988065699988,0.0020408312377939004,0.24185748422011993
0.1570835667521437,0.002086865394001114,0.0020867025255960187,0.2376891160033433
0.15951512477001434,0.002133749119239628,0.0021335799791459146,0.23355174258275513
0.16198432182624223,0.0021816604126767662,0.00218148476093563,0.22944574148270921
0.1644917405502353,0.0022306208584573733,0.0022304384460111086,0.2253714749050502
0.16703797259015024,0.0022806524608225067,0.0022804630291666326,0.22132929002286927
0.16962361875249712,0.002331777650916335,0.0023315809317544854,0.21731951927119988
0.17224928914390517,0.002384019293846634,0.002383815008720631,0.2133424806346687
0.1749156033150829,0.0024374006958696372,0.0024371885557800473,0.20939847793211414
0.17762319040700683,0.0024919456115956593,0.0024917253166082264,0.20548780109818626
0.18037268929937286,0.0025476782512805635,0.0025474494901179968,0.2016107264619451
0.1831647487613458,0.002604623288199536,0.0026043857378181285,0.19776751702246143
0.18600002760464238,0.002662805866099648,0.0026625591912502002,0.19395842272144925
0.18887919483898366,0.002722251606727662,0.0027219954595001906,0.19018368071292144
0.19180292982995412,0.0027829866174295666,0.00278272063678128,0.186443515629907
0.19477192245930403,0.002845037498818302,0.002844761310084321,0.18273813984822057
0.19778687328773334,0.002908431352506146,0.0029081445668924523,0.17906775374731482
0.20084849372019525,0.002973195788898229,0.0029728980029563264,0.17543254596821975
0.20395750617375874,0.003039358935043659,0.0030390497301264327,0.17183269366858217
0.20711464424806936,0.0031069494425407123,0.0031066283842389724,0.16826836277482862
0.21032065289844878,0.0031759964954925705,0.0031756631330517654,0.16473970823145134
0.2135762886116736,0.0032465298185100637,0.003246183684226654,0.16124687424744014
0.21688231958447546,0.0033185796847825474,0.0033182202933741576,0.1577899945398722
0.22023952590480383,0.0033921769245983213,0.0033918037725398018,0.1543691925746701
0.22364869973589493,0.0034673529333120487,0.0034669654981770073,0.15098458180454474
0.2271106455031898,0.003544139679610045,0.003543737419365386,0.14763626590413437
0.23062618008414576,0.0036225697138835156,0.003622152066165837,0.14432433900235833
0.23419613300098602,0.0037026761765847653,0.0037022425579505804,0.14104888591198786
0.23782134661643303,0.003784492806641726,0.0037840426117904604,0.13780998235645914
0.24150267633247155,0.0038680539499260794,0.003867586550894807,0.13460769519393978
0.24524099079218847,0.003953394567770301,0.00395290931309918,0.1314420826386512
0.24903717208473702,0.00404055024552893,0.004040046459396302,0.1283131944794808
0.25289211595347383,0.004129557201179372,0.004129034182505514,0.1252210722958736
0.25680673200731735,0.00422045229395753,0.004219909315476041,0.12216574967103941
0.2607819439353788,0.0043132730330236,0.004312709340319403,0.11914725240246812
0.2648186897249145,0.004408057586153303,0.004407472396666273,0.1161655987097883
0.2689179218826528,0.00450484478844989,0.004504237290443101,0.11322079943996025
0.2730806076595465,0.00460367415107221,0.0046030435025638285,0.11031285826983399
0.27730772927900454,0.0047045858699741525,0.004703931197631973,0.10744177190608084
0.2816002841686564,0.00480762083465079,0.004806941232648453,0.1046075302825035
0.2859592851957044,0.004912820636886488,0.004912115165720413,0.10181011675475436
0.2903857609059186,0.005020227579500329,0.005019495264766386,0.09904950829245883
0.2948807557663318,0.005129884685272742,0.005129124516367872,0.09632567566876914
0.2994453304116908,0.005241835705976274,0.0052410466347936275,0.0936385836473581
0.30408056189472266,0.005356125130778993,0.005355306070348345,0.09098819116686142
0.30878754394027547,0.0054727981951940285,0.005471948018262439,0.08837445152279345
0.3135673872033921,0.005591900889845297,0.005591018427413372,0.08579731254693439
0.31842121953137975,0.00571347996921891,0.0057125640090263255,0.08325671678422089
0.32335018622993555,0.0058375829603998725,0.005836632245357902,0.08075260166713312
0.32835545033339175,0.005964258171788341,0.00596327139835711,0.07828489968761326
0.3334381928791444,0.0060935547017896335,0.0060925305182979155,0.07585353856650616
0.33859961318632953,0.006225522447472207,0.006224459452377546,0.07345844142055691
0.3438409291388137,0.006360212113187839,0.006359108853274853,0.07109952692696592
0.34916337747256454,0.006497675219148204,0.006496530187662924,0.06877670948551533
0.3545682140674697,0.006637964109952085,0.00663677574467024,0.0664898993782882
0.36005671424367336,0.006781131963057422,0.006779898644284582,0.0642390029269853
0.36563017306249934,0.006927232797192409,0.006925952845693954,0.0620239226478575
0.37128990563203257,0.007076321480699888,0.0070749931555587715,0.05984455740426788
0.37703724741743094,0.007228453739809212,0.00722707523620954,0.0577008025568924
0.3828735545560402,0.0073836861668298386,0.007382255613764301,0.05559255011157958
0.3888002041773869,0.007542076228260821,0.007540591686160052,0.0535196888648735
0.39481859472812464,0.007703682272810474,0.007702141731092419,0.05148210454722495
0.40093014630201007,0.007868563539320368,0.007866964913857818,0.049479679963892936
0.40713630097498704,0.008036780164587927,0.008035121295092339,0.04751229513355774
0.4134385231454575,0.008208393191092062,0.008206671838403037,0.04557982742465579
0.41983829987981935,0.008383464574702026,0.008381678417925536,0.04368215168945013
0.42633714126335337,0.008562057192094621,0.008560203825718418,0.041819140395851426
0.4329365807565416,0.008744234848113276,0.008742311778998134,0.03999066375699912
0.43963817555690105,0.008930062283025049,0.008928066927286687,0.03819658985862294
0.4464435069664186,0.009119605179626981,0.009117534859414118,0.036436784784188964
0.4533541807646737,0.009312930170204039,0.009310782110367918,0.03471111273785471
0.46037182758773637,0.009510104843332324,0.009507876167983138,0.033019436165235776
0.46749810331293057,0.009711197750521242,0.009708885479466894,0.03136161587200552
0.47473468944955377,0.009916278412688327,0.00991387945775104,0.029737511140338093
0.48208329353564383,0.010125417326460336,0.010122928487666672,0.028146979843207333
0.48954564954088836,0.01033868597029435,0.010336103931934234,0.026589878556557044
0.49712351827577056,0.010556156810412557,0.010553478136962951,0.025066062669356116
0.5048186878070483,0.01077790330654435,0.010775124438453305,0.023575386491549305
0.5126329738796647,0.011003999917469467,0.01100111716679627,0.022117703359919468
0.5205682203451895,0.011234522106355812,0.011231531652263057,0.020692865741875916
0.5286262995968928,0.011469546345885687,0.011466444229979094,0.019300725337178713
0.5368091130115531,0.011709150123164043,0.011705932244675943,0.017941133177614418
0.5451185913981041,0.011953411944402473,0.011950074055214905,0.01661393972463838
0.5535566954532269,0.01220241133937264,0.012198949038876037,0.015318994964993041
0.5621254162239941,0.012456228865622768,0.012452637595406307,0.014056148504319353
0.5708267755776751,0.012714946112450902,0.012711221150820582,0.012825249658773772
0.5796628266788143,0.012978645704621377,0.012974782160933533,0.011626147544661961
0.5886356544736938,0.013247411305329743,0.01324340411404688,0.010458691166107797
0.5977473761822953,0.013521327619556328,0.013517171534225813,0.009322729500764609
0.6070001417978773,0.013800480397190215,0.013796169984167711,0.008218111583587298
0.6163961345942855,0.01408495643545253,0.014080486067420189,0.007144686588678441
0.6259375716411164,0.01437484358117573,0.01437020743044713,0.006102303909215588
0.6356267043268541,0.014670230732778927,0.014665422764382697,0.005090813235484646
0.6454658188901066,0.01497120784193301,0.014966221806467117,0.004110064631020326
0.6554572369590643,0.015277865914909228,0.015272695341157962,0.003159908606876712
0.665603316099309,0.01559029701360496,0.01558493520091068,0.0022401961940358363
0.6759064503701031,0.015908594256240437,0.015903034266622193,0.0013507790139705123
0.6863690708892892,0.016232851817720027,0.016227086467731244,0.0004915093473740512
0.696993646406935,0.016563164929651944,0.016557186781969352,-0.0003377597989308013
0.7077826838878564,0.01689962988001996,0.01689343123475602,-0.0011371746268880943
0.7187387291031593,0.017242344012500903,0.01723591689823207,-0.0019068804838976313
0.729864367230937,0.017591405725421682,0.01758474188992477,-0.0026470218012839223
0.7411622234662663,0.017946914470349472,0.017940005371038598,-0.0033577420345314627
0.7526349636406464,0.018308970750308885,0.018301807544365344,-0.004039183605270204
0.7642852948510258,0.018677676117619692,0.018670249651807313,-0.00469148784500218
0.7761159660985661,0.019053133171310327,0.019045433971415136,-0.005314794940553053
0.788129768937294,0.01943544555402754,0.019427463813961397,-0.005909243881234502
0.8003295381327937,0.01982471794883111,0.019816443519434655,-0.006474972407706452
0.8127181523310957,0.020221056075435166,0.020212478452875122,-0.007012116962523753
0.8252985347379189,0.020624566686026243,0.020615674999825192,-0.007520812642354239
0.838073653808428,0.02103535756067114,0.02102614056135413,-0.008001193151855844
0.8510465239476671,0.021453537502306583,0.021443983548650895,-0.008453390759197058
0.8642202062218357,0.021879216331306076,0.021869313377180555,-0.00887753625320942
0.8775978090805757,0.022312504879618885,0.022302240460399365,-0.009273758902157765
0.8911824890904373,0.02275351498447653,0.022742876203023843,-0.009642186414113624
0.9049774516797001,0.02320235948166199,0.023191332993849192,-0.00998294489892133
0.9189859518947228,0.02365915219833664,0.023647724198112133,-0.010296158831739517
0.9332112951680007,0.024124007945420446,0.024112164149393607,-0.01058195101814728
0.9476568380981129,0.024597042509520228,0.024584768141056503,-0.010840442560801074
0.9623259892417412,0.025078372644401548,0.025065652417213657,-0.011071752827627908
0.9772222099179511,0.025568116061999168,0.02555493416322146,-0.011275999421542365
0.9923490150249205,0.026066391422961466,0.026052731495694283,-0.011453298151672996
1.0077099738693118,0.02657331832672383,0.026559163452034937,-0.011603763006085923
1.0233087110084833,0.027089017301119057,0.027074349979475748,-0.011727506125991405
1.0391489071057343,0.027613609791587317,0.027598411923615028,-0.0118246377814197
1.0552342997987927,0.028147218149784395,0.028131471016523784,-0.011895266348352411
1.0715686845817438,0.028689965621838863,0.028673649864349674,-0.011939498287298376
1.0881559157006113,0.029241976336075014,0.029225071934393818,-0.011957438123296412
1.104999907062802,0.029803375290249588,0.029785861541693836,-0.011949188427335548
1.1221046331606275,0.03037428833831544,0.030356143835111708,-0.011914849799176517
1.1394741300091213,0.030954842176710094,0.030936044782924388,-0.011854520851562298
1.157112496098374,0.031545164330166964,0.03152569115791506,-0.011768298195804145
1.1750238933606083,0.03214538313704729,0.032125210521962974,-0.011656276428729082
1.1932125481522249,0.03275562773419055,0.03273473121012986,-0.011518548120976302
1.2116827522510494,0.03337602804128131,0.03335438231424072,-0.011355203806627199
1.230438863869017,0.03400671474473043,0.03398429366595709,-0.011166331974159508
1.2494853086805302,0.034647819281068436,0.03462459581934049,-0.010952019058705626
1.2688265808667392,0.03529947381984908,0.03527542003290428,-0.01071234943560902
1.2884672441759828,0.035961811246060855,0.0359368982511515,-0.01044740541525914
1.3084119330006467,0.03663496514204443,0.03660916308559694,-0.010157267239195435
1.3286653534706907,0.037319069768942566,0.03729234779532556,-0.009842013077465024
1.349232284564102,0.03801426004788256,0.037986586267093427,-0.009501719027220188
1.3701175792345393,0.03872067154031116,0.0386920129947556,-0.009136459112544319
1.3913261655564297,0.03943844042807987,0.03940876305834255,-0.008746305285490892
1.4128630478877944,0.04016770349301459,0.04013697210256992,-0.008331327428322648
1.4347333080510707,0.04090859809599158,0.040876776314848776,-0.007891593356937478
1.4569421065322146,0.04166126215555168,0.04162831240280003,-0.007427168825468005
1.4794946836983645,0.04242583412605408,0.04239171757127381,-0.006938117532040979
1.502396361034353,0.043202452975370634,0.043167129498875134,-0.006424501125682183
1.525652542398359,0.04399125816212173,0.04395468631399686,-0.005886379214355169
1.5492687152969977,0.04479238961245487,0.04475452657036101,-0.005323809374119726
1.5732504521801474,0.04560598769636707,0.04556678922206956,-0.004736847159394574
1.597603411755819,0.04643219320357201,0.04639161359816579,-0.004125546114314617
1.6223333403253801,0.0472711473189132,0.04722913937670732,-0.003489957785165612
1.647446073139446,0.0481229915973241,0.04807950655835187,-0.002830131733885859
1.672947535774761,0.048987867938336316,0.048942855439456784,-0.0021461155526183817
1.6988437455323904,0.049865918560136974,0.04981932658469976,-0.0014379548793030125
1.7251408128575587,0.050757285973309696,0.050709060799353424,-0.0007056934142933773
1.7518449427814642,0.051662112954209964,0.051612199100925946,5.062706201498375e-05
1.7789624363854113,0.052580542517576975,0.052528882690389016,0.0008309666705582032
1.8064996922876086,0.05351271788903371,0.05345925292297563,0.0016352874139915078
1.8344632081529808,0.054458782477064455,0.0544034512784965,0.002463553156107733
1.8628595822263512,0.05541887984459151,0.05536161933120549,0.0033157296002958724
1.8916955148893575,0.05639315368015724,0.056333898719218393,0.004191784267056512
1.9209778102414679,0.057381747768715165,0.057320431113488564,0.005091686470585549
1.9507133777054688,0.05838480596203424,0.05832135818634363,0.006015407294441822
1.9809092336578076,0.05940247214871999,0.05933682157958716,0.00696291956630882
2.0115725030841682,0.06043489022385664,0.06036696287216914,0.007934197831867723
2.0427104212606775,0.06148220405827393,0.06141192354742928,0.00892921832779248
2.0743303354611333,0.06254455746744281,0.06247184495991711,0.009947958953880983
2.1064397066906606,0.06362209418000347,0.06354686830179264,0.01099039924433765
2.1390461114462043,0.06471495780593031,0.0646371345688118,0.012056520338217703
2.172157243504269,0.06582329180433685,0.0657427845259003,0.01314630494904915
2.2057809157363395,0.06694723945092543,0.06686395867232353,0.01425973733364481
2.2399250619523956,0.06808694380523338,0.06800079720650581,0.015396803260119094
2.2745977387729672,0.06924254767754141,0.06915343999039883,0.016557489975119785
2.309807127530168,0.07041419359519585,0.0703220265134606,0.01774178617029279
2.3455615361981526,0.07160202376887015,0.071506695856282,0.01894968194799042
2.3818694013534607,0.07280618005842725,0.07270758665382855,0.020181168786236117
2.4187392901657017,0.07402680393848272,0.07392483705830458,0.021436239502962428
2.4561799024190583,0.07526403646367513,0.0751585847016455,0.022714888219531625
2.494200072565076,0.07651801823364901,0.07640896665764416,0.024017110323555146
2.5328087718072356,0.07778888935775692,0.0776761194037175,0.02534290243102528
2.5720151102177873,0.0790767894194858,0.07896017878231903,0.02669226234777033
2.611828338887356,0.08038185744061399,0.08026127996200344,0.02806518903024937
2.6522578521078195,0.08170423184510447,0.08157955739814897,0.029461682545698285
2.6933131895889773,0.08304405042274028,0.08291514479334389,0.030881744031642025
2.73500403870953,0.08440145029250803,0.0842681750574426,0.0323253756547845
2.777340236802906,0.08577656786573518,0.0856387802672975,0.033792580569291866
2.8203317734784683,0.08716953880898724,0.0870270916261728,0.035283362874480646
2.8639887929786534,0.08858049800673033,0.08843323942284553,0.03679772757192645
2.908321596572597,0.09000957952376692,0.08985735299032672,0.03833568052200371
2.9533406449868136,0.09145691656757489,0.09129956066417663,0.039897228399873065
2.9990565608734956,0.09292264145032915,0.0927599897408633,0.041482378650927396
3.0454801313170288,0.0944068855506679,0.09423876643548207,0.04309113944571186
3.092622310379299,0.09590977927536151,0.09573601583932863,0.04472351963432937
3.1404942216844063,0.09743145202076307,0.09725186187717623,0.046379528700347325
3.18910716104338,0.09897203213407892,0.09878642726425249,0.04805917671421716
3.2384725991195302,0.1005316468744659,0.10033983346292258,0.049762474286220874
3.2886021841350557,0.10211042237396162,0.10191220063908535,0.051489432518958454
3.339507744619545,0.10370848359825442,0.10350364761828972,0.05324006295938901
3.391201292201027,0.10532595430730032,0.10511429184157783,0.05501437755043841
3.4436950244402222,0.10696295701579266,0.106744249321062,0.056812388582190024
3.4970013277086682,0.10861961295349179,0.10839363459524207,0.05863410864266676
3.551132780111396,0.11029604202542131,0.11006256068407042,0.060479550568223496
3.606102154454848,0.11199236277193741,0.11175113904377106,0.06234872739356
3.661922421260737,0.11370869232867771,0.11345947952141977,0.06424165230136707
3.718606751826559,0.11544514638639704,0.1151876903092926,0.06615833857162315
3.7761685213334797,0.1172018391506961,0.11693587789898865,0.06809879953055148
3.8346213120023287,0.1189788833016497,0.11870414703533469,0.07006304849925217
3.8939789162984493,0.12077638995334179,0.12049260066984696,0.07205109874202283
3.9542553401861547,0.12259446861329831,0.12230133991355012,0.07406296341438277
4.0154648064335605,0.12443322714186492,0.12413046399089417,0.07609865551080967
4.07762175796858,0.12629277171151437,0.1259800701922724,0.07815818781220914
4.14074086128686,0.1281732067660547,0.12785025382672052,0.08024157283312326
4.204837009912472,0.13007463497978994,0.1297411081744106,0.08234882276869673
4.269925327912181,0.13199715721662736,0.1316527244389046,0.08447994944141254
4.336021173464098,0.13394087248913616,0.13358519169917346,0.08663496424761022
4.403140142481585,0.13590587791756462,0.13553859686138842,0.08881387810379945
4.471298072293255,0.13789226868882212,0.13751302461049195,0.09101670139278546
4.540511045379925,0.139900138015432,0.1395085573615538,0.09324344390961539
4.6107953931694325,0.14192957709446116,0.1415252752109197,0.09549411480736361
4.682167699890175,0.1439806750664338,0.14356325588715885,0.09776872254276552
4.754644806484316,0.1460535189742347,0.1456225747018171,0.10006727482171586
4.828243814581554,0.1481481937220081,0.1477033044999822,0.10238977854464366
4.902982090534408,0.15026478203405963,0.1498055156106678,0.10473623975177854
4.978877269515964,0.15240336441376617,0.15192927579702292,0.10710666356832041
5.055947259681058,0.15456401910250137,0.1540746502063741,0.10950105414952659
5.134210246391862,0.15674682203858128,0.15624170132010484,0.11191941462573064
5.2136846965088885,0.1589518468162387,0.15843048890338196,0.114361747047305
5.294389362748412,0.16117916464462997,0.16064106995473268,0.11682805232958159
5.376343288107345,0.163428844306883,0.1628734986546096,0.1193183301977447
5.4595658103566,0.16570095211924665,0.1651278263139351,0.12183257913170725
5.544076566604016,0.1679955518901492,0.16740410132444958,0.12437079631098663
5.629895497927912,0.17031270487945213,0.16970236910660944,0.12693297755959168
5.717042854082363,0.17265246975785037,0.17202267205818678,0.12951911729093527
5.805539198275315,0.17501490256617425,0.17436504950267884,0.1321292084527855
5.895405412020656,0.1774000566747885,0.176729537637519,0.13476324247226884
5.986662700065406,0.17980798274309484,0.17911616948209658,0.1374212092009397
6.079332595393159,0.18223872867914173,0.18152497482558877,0.1401030968599277
6.173436964304995,0.1846923395993473,0.18395598017461218,0.1428088919851794
6.268998011579025,0.1871688577883394,0.1864092087006972,0.14553857937280468
6.366038285709815,0.18966832265891767,0.18888468018759252,0.148292142024543
6.464580684228902,0.19219077071214238,0.1913824109784038,0.15106956109336286
6.564648459107677,0.1947362354975554,0.1939024139225725,0.15387081582920792
6.6662652222439,0.19730474757353644,0.19644469832270012,0.15669588352490224
6.769454951033135,0.19989633446780147,0.19900926988122336,0.15954473946223002
6.874241994026442,0.20251102063804632,0.20159613064694507,0.1624173568582013
6.980651076675631,0.20514882743274088,0.20420527896142707,0.16531370681151836
7.08870730716746,0.20780977305207873,0.20683670940524948,0.1682337582492557
7.198436182348136,0.2104938725090868,0.20949041274414287,0.17117747787376822
7.309863593739532,0.2132011375908999,0.21216637587499748,0.17414483010983828
7.42301583364852,0.21593157682020434,0.2148645817717556,0.1771357770520791
7.537919601370886,0.2186851954168567,0.21758500943119277,0.18015027841260442
7.654602009491261,0.22146199525968058,0.220327633817962,0.1831882914689794
7.7730905902805905,0.22426197484844798,0.2230924258079003,0.1862497710124665
7.893413302192617,0.22708512926737925,0.2258793521361804,0.18933466929658013
8.015598536460933,0.22993145014754698,0.22868837534134082,0.19244293598596088
8.13967512379815,0.2328009256275643,0.23151945371003513,0.19557451810558654
8.265672341198766,0.23569354031899808,0.2343725412217999,0.19872935999033106
8.393619918847332,0.23860927526936082,0.2372475874936737,0.20190740323488507
8.523548047133568,0.24154810792540374,0.24014453772467098,0.205108586644052
8.655487383776054,0.24451001209675938,0.24306333264011346,0.20833284618343398
8.789469061056195,0.24749495791993517,0.24600390843582118,0.211580114930518
8.925524693164164,0.25050291182265977,0.2489661967221678,0.21485032302617993
9.063686383658563,0.25353383648858396,0.2519501244680021,0.21814339762661733
9.20398673304154,0.25658769082233607,0.25495561394443844,0.22145926285572382
9.346458846451183,0.25966442991493544,0.25798258266852003,0.22479783975792106
9.491136341472963,0.26276400500956404,0.26103094334675814,0.2281590462514599
9.638053356072119,0.265886363467698,0.2641006038185484,0.23154279708220443
9.787244556648819,0.2690314487356008,0.2671914669994697,0.2349490037779129
9.938745146218004,0.27219920031117917,0.2703034308244671,0.23837757460302877
10.09259087271587,0.2753895537112039,0.2734363881909224,0.2418284145139954
10.248818037434905,0.27860244043889576,0.27659022690161433,0.24530142511510697
10.407463503589513,0.28183778795187975,0.2797648296075737,0.24879650461491104
10.568564705014225,0.2850955196305073,0.28296007375083315,0.252313547783174
10.73215965499655,0.2883755547465492,0.2861758315070777,0.2558524459084247
10.898286955246556,0.291677808432261,0.2894119697281977,0.2594130867560889
11.066985805005285,0.29500219164981983,0.2926683498847461,0.26299535452722683
11.238296010294178,0.2983486111611381,0.2959448280083052,0.26659912981789075
11.412257993307668,0.30171696949805205,0.29924125463376494,0.27022428957911193
11.588912801951151,0.3051071649328884,0.30255747474144395,0.2738707070775332
11.768302119526624,0.3085190914494103,0.3058933276976584,0.27753825185669934
11.950468274568228,0.3119526387141436,0.30924864719755596,0.2812267896990197
12.135454250830058,0.3154076920480855,0.31262326120819217,0.28493618258841547
12.323303697428557,0.3188841323996395,0.31601699191002414,0.28866628867366534
12.514060939141931,0.3223818363342462,0.31942965563836306,0.2924169622324641
12.707770986868978,0.32590067599203393,0.3228610628248085,0.29618805363620654
12.90447954824982,0.32944051906187316,0.3263110179386646,0.2999794093155092
13.104233038451026,0.33300122876071825,0.329779319428337,0.3037908717264864
13.307078591117701,0.3365826638089819,0.333265759662708,0.30762227931779074
13.513064069495094,0.34018467840662303,0.33677012487248925,0.31147346649843394
13.722238077722357,0.34380712220994797,0.3402921950915528,0.31534426360640044
13.934649972301143,0.3474498403091256,0.3438317440982348,0.3192344968780664
14.150349873741709,0.3511126732064198,0.3473885393566152,0.3231439884184399
14.369388678389315,0.35479545679513824,0.3509623419577697,0.32707255617223396
14.591818070433664,0.35849802233929984,0.354552906560993,0.3310200138957852
14.817690534104273,0.36222019645402226,0.3581599813349924,0.33498617112983453
15.047059366054581,0.3659618010866306,0.3617833078990516,0.3389708331731804
15.279978687937795,0.3697226534984881,0.3654226212641606,0.34297380105721925
15.516503459177375,0.37350256624755,0.3690776497741133,0.3469948715213867
15.756689489935209,0.37730134717164404,0.3727481150465711,0.3510338369895137
16.00059345428053,0.38111879937247417,0.37643373191408924,0.35509048554710815
16.248272903562665,0.38495472120035445,0.38013420836510664,0.35916460091957975
16.499786279990815,0.38880890623967024,0.3838492454848986,0.36325596245141817
16.75519293042401,0.392681143295069,0.3875785373964879,0.3673643450863393
17.014553120374536,0.3965712163783828,0.39132177120151673,0.371489519348413
17.277928048228144,0.4004789046962835,0.39507862692107637,0.37563125132418596
17.545379859684346,0.404403982638671,0.3988487774364926,0.3797893026458125
17.816971662420258,0.40834621976779617,0.4026318884300681,0.38396343047520737
18.092767540981445,0.4123053808081215,0.4064276183257784,0.38815338748923417
18.37283257190323,0.4162812256369172,0.4102356182299207,0.392358921865942
18.657232839066104,0.42027350927819457,0.4140555318717149,0.39657977727186405
18.946035449288807,0.4242819819110848,0.41788699554385533,0.4008156928503938
19.239308548162793,0.42830638884487704,0.421729638057091,0.40506640321124754
19.537121336131808,0.43234647051859165,0.42558308067580125,0.40933163842103115
19.83954408482035,0.4364019624989191,0.42944693704580483,0.4136111239949235
20.1466481536149,0.44047259547728584,0.4333208131472965,0.4179045808894881
20.458506006501814,0.44455809526802986,0.4372043072356955,0.4222117254966281
20.775191229165856,0.44865818280769154,0.4410970097827512,0.42653226963869884
21.096778546353413,0.45277257415542194,0.4449985034178984,0.4308659205647884
21.423343839504472,0.45690098049451716,0.44890836286986013,0.43521238094818343
21.754964164657522,0.4610431081350823,0.4528261549084916,0.4395713488850316
22.09171777063165,0.46519865851782904,0.45675143828685827,0.44394251789421213
22.43368411749003,0.46936732821901433,0.4606837636835469,0.4483255769184345
22.78094389528927,0.4735488089565229,0.4646226736451989,0.4527202103265695
23.133579043118928,0.4777427875971004,0.4685677025292665,0.457126097917235
23.491672768435826,0.4819489461647417,0.4725183764469815,0.4615429149236437
23.855309566697567,0.48616696185023894,0.47647421320653527,0.46597033201972976
24.224575241300023,0.49039650702189475,0.4804347222564611,0.4704080153275653
24.599556923823414,0.4946372492374065,0.4843994046292171,0.4748556264260834
24.9803430945918,0.49888885125692556,0.4883677528849624,0.47931282236111705
25.367023603550802,0.5031509710572967,0.4923392510555215,0.48377925565677155
25.759689691468537,0.5074232618474842,0.49631337458853225,0.4882545743281407
26.15843401146467,0.5117053720851877,0.5002895902917717,0.49273842189538186
26.56335065087278,0.5159969454947047,0.5042673562776545,0.4972304373991631
26.974535153441114,0.5202976210925032,0.5082461219078995,0.5017302554174958
27.39208454187699,0.5246070332064235,0.512225327738358,0.5062375060839663
27.8160973407402,0.5289248114939644,0.516204405463999,0.5107518151073787
28.24667359969075,0.5332505809685412,0.5201827778640461,0.5152728037928249
28.68391491709652,0.5375839620248296,0.5241598587472621,0.5198000890641946
29.127924464006263,0.541924570465543,0.5281350528973732,0.5243332834881349
29.578807008493808,0.5462720175296621,0.5321077560186305,0.5288719952994799
30.036668940378995,0.5506259099221238,0.5360773546815014,0.5334158284281573
30.501618296331333,0.5549858498449863,0.540043226268487,0.5379643825275889
30.973764785362228,0.5593514350300814,0.5440047389200598,0.5425172530045993
31.45321981471182,0.5637222587731675,0.5479612514807171,0.5470740310508422
31.940096516136524,0.5680979100537562,0.5519121134451416,0.5516343036757613
32.4345097726035,0.572477973233183,0.5558566649044697,0.5561976537410995
32.93657624539832,0.5768620286061787,0.5597942364926581,0.5607636599969662
33.44641440165226,0.5812496520967566,0.563724149332943,0.5653318971194804
33.96414454229572,0.5856404153869422,0.5676457149843901,0.5699019357500011
34.489888830444244,0.5900338859603356,0.5715582353885263,0.5744733425359573
35.0237713202241,0.5944296271472906,0.5754610028160516,0.579045680173293
35.56591798604392,0.5988271981717269,0.579353299813623,0.5836185074505422
36.116456752319515,0.6032261541995816,0.5832343991507057,0.5881913792945407
36.67551752365882,0.6076260463897868,0.587103563766488,0.5927638468221856
37.24323221551401,0.6120264219481348,0.5909600467168526,0.597335457380157
37.81973478530823,0.6164268241697826,0.5948030911214012,0.6019057545956585
38.40516126404397,0.6208267925036626,0.5986319301105237,0.6064742784368945
38.99964978840088,0.6252258626101872,0.6024457867725119,0.6110405652660931
39.60334063333034,0.6296235664190087,0.6062438741007068,0.6156041478944825
40.2163762451546,0.6340194321887043,0.6100253949406784,0.6201645556392127
40.8389012751783,0.6384129845683683,0.6137895419374316,0.6247213143822047
41.47106261382026,0.6428037446610994,0.6175354974826313,0.6292739466309145
42.11300942527357,0.6471912300893676,0.6212624336618445,0.6338219715809922
42.76489318270225,0.6515749550622492,0.6249695122017909,0.6383649051808226
43.42686770398274,0.6559544304445151,0.6286558844176,0.642902260197933
44.09908918799859,0.660329163827559,0.6323206911600658,0.6474335462872469
44.78171625149699,0.6646986596021506,0.6359630627628978,0.6519582700611734
45.47490996651588,0.6690624190330026,0.63958211898996,0.6564759351615133
46.17883389839031,0.6734199403351347,0.6431769689824937,0.660986042333166
46.893654144347174,0.6777707187520249,0.6467467112063189,0.6654880894996248
47.61953937269736,0.6821142466355288,0.6502904333990107,0.6699815718402371
48.35666086263456,0.6864500135275592,0.6538072125170408,0.6744659818692227
49.10519254465016,0.6907775062435083,0.657296114682884,0.6789408095164275
49.86531104157369,0.6950962089574007,0.6607561951320822,0.6834055422098014
50.63719571024861,0.699405603288761,0.6641864981602601,0.6878596649595786
51.42102868385316,0.7037051683911874,0.667586057070088,0.6923026604441522
52.21699491487633,0.7079943810583822,0.670953894118187,0.6967340091218969
53.0252822187591,0.712272715796015,0.67428902046197,0.7011531892781298
53.84608131821117,0.7165396448881614,0.677590436106416,0.7055596771051995
54.679585888213715,0.7207946385391695,0.6808571298507671,0.7099529468420976
55.52599260171877,0.7250371649685976,0.68408807923515,0.7143324708655767
56.38550117605597,0.7292666905077445,0.6872822504871107,0.7186977197837813
57.25831442005766,0.7334826796986539,0.690438598468061,0.7230481625324288
58.14463828191351,0.7376845953955032,0.693556066619629,0.7273832664734522
59.04468189776581,0.7418718988683067,0.6966335869099097,0.7317024974960243
59.95865764105709,0.7460440499088494,0.6996700797796122,0.7360053201198833
60.8867811726415,0.7502005069387763,0.7026644540880925,0.7402911976008685
61.829271491671975,0.7543407271197542,0.705615607059274,0.7445595920385897
62.78635098727507,0.7584641664656351,0.7085224242274448,0.7488099644861475
63.75824549102568,0.7625702799565345,0.7113837793829302,0.7530417750618145
64.74518433023404,0.7666585216547511,0.7141985345176312,0.7572544830626001
65.74740038205759,0.7707283448224491,0.716965539770429,0.7614475470796157
66.76513012845045,0.7747792020410222,0.7196836333724459,0.7656204251151536
67.79861371196347,0.7788105453320628,0.7223516415921583,0.7697725747013965
68.84809499240805,0.7828218262798589,0.7249683786803585,0.773903453020681
69.91382160439706,0.7868124961553367,0.7275326468149579,0.7780125170272224
70.99604501577647,0.7907820060413732,0.7300432360456266,0.7820992235702231
72.0950205869615,0.7947298069594019,0.7324989242382661,0.7861630295182824
73.21100763119115,0.7986553499972274,0.7348984770193078,0.7902033918850202
74.34426947571559,0.8025580864379762,0.7372406477198304,0.7942197679558335
75.49507352393057,0.8064374678901032,0.7395241773194984,0.7982116154157047
76.66369131847364,0.8102929464351477,0.7417477943903056,0.8021783924787369
77.85039860529714,0.8141239747811068,0.7439102150401277,0.8061195580706539
79.05547539873298,0.8179300062752755,0.7460101428560736,0.8100345718549256
80.27920604756449,0.8217104951462424,0.7480462688476326,0.8139228944015607
81.52187930212109,0.8254648966477741,0.7500172713896099,0.8177839873709758
82.78378838241164,0.8291926671920329,0.7519218161648475,0.8216173136447773
84.06523104731227,0.8328932644852968,0.7537585561067248,0.8254223374591039
85.36650966482527,0.8365661476660319,0.7555261313414312,0.8291985245403647
86.68793128342566,0.8402107774451497,0.7572231691300096,0.8329453422432194
88.02980770451194,0.843826616248289,0.7588482838101622,0.8366622596906288
89.39245555597854,0.8474131283599623,0.7604000767378143,0.8403487479158216
90.776196366927,0.8509697800694063,0.7618771362284319,0.8440042800060125
92.18135664353366,0.8544960398179735,0.7632780374980864,0.8476283312477106
93.6082679460918,0.8579913783479047,0.7646013426042612,0.851220379273456
95.05726696724624,0.8614552688523227,0.7658456003863974,0.8547799042098229
96.52869561143906,0.8648871871262823,0.7670093464061694,0.8583063888265297
98.02290107558504,0.8682866117187201,0.7680911028874883,0.86179931868649
99.54023593099588,0.8716530240851402,0.7690893786562265,0.8652581822966481
101.08105820657262,0.8749859087408755,0.7700026690796589,0.868682471259432
102.64573147328586,0.8782847534147616,0.7708294560056138,0.8720716804246674
104.2346249299635,0.8815490492030683,0.7715682077013315,0.8754253080417868
105.84811349040667,0.8847782907235181,0.7722173787920218,0.8787428559121744
107.48657787185395,0.8879719762692385,0.7727754101991168,0.8820238295414837
109.15040468481507,0.8911296079624854,0.7732407290782148,0.8852677382917693
110.83998652429523,0.8942506919079728,0.7736117487567087,0.8884740955332652
112.55572206243133,0.897334738345651,0.773886868671092,0.8916424187956533
114.29801614256235,0.9003812618120113,0.7740644743039415,0.8947722299263117
116.06727987475581,0.9033897813113339,0.7741429371205676,0.8978630552615059
117.86393073281286,0.9063598204198813,0.7741206145053289,0.9009144257291919
119.68839265277505,0.9092909074846309,0.7739958496976052,0.9039258770444248
121.54109613295583,0.9121825757796643,0.7737669717274226,0.9068969498651679
123.42247833552061,0.915034363658124,0.7734322953507293,0.9098271899427309
125.33298318963901,0.9178458147048105,0.7729901209843117,0.9127161482728772
127.2730614962341,0.9206164778892407,0.7724387346403481,0.9155633812474027
129.24317103435288,0.9233459077189775,0.7717764078605963,0.9183684508060128
131.24377666918338,0.9260336643930531,0.771001397650207,0.9211309245883091
133.27535046174384,0.9286793139552971,0.7701119464111591,0.9238503760857011
135.33837178026985,0.9312824284473866,0.7691062818753114,0.9265263847930593
137.43332741332551,0.9338425860614361,0.7679826170370664,0.9291585363599301
139.56071168466562,0.9363593712919415,0.7667391500856389,0.9317464227411203
141.72102656987593,0.9388323750868937,0.7653740643369263,0.9342896423464742
143.91478181481878,0.9412611949978793,0.7638855281649746,0.9367878001896567
146.14249505591218,0.943645435328984,0.7622716949330325,0.9392405080357569
148.40469194227094,0.9459847072843132,0.7605307029241941,0.9416473845475309
150.70190625973825,0.9482786291139474,0.7586606752716186,0.9440080554300985
153.0346800568373,0.9505268262581497,0.7566597198883249,0.9463221535739093
155.40356377267256,0.9527289314896353,0.7545259293965577,0.948589319195794
157.80911636681085,0.954884585053729,0.7522573810567138,0.9508091999779207
160.25190545117297,0.9569934348130049,0.7498521366958305,0.9529814512122309
162.73250742396675,0.9590551363830303,0.7473082426356269,0.955105735932505
165.25150760569355,0.9610693532640188,0.7446237296200912,0.9571817250478402
167.8095003772599,0.9630357569850975,0.7417966127426143,0.9592090974844527
170.40708932022696,0.9649540272357181,0.7388248913726597,0.9611875403159875
173.0448873592312,0.9668238519953878,0.735706549081965,0.9631167488922266
175.72351690660952,0.9686449276616359,0.7324395535702719,0.9649964269660537
178.4436100092629,0.9704169591760744,0.7290218565905789,0.9668262868185206
181.20580849779378,0.9721396601484003,0.725451393873909,0.9686060493818776
184.01076413795167,0.9738127529781914,0.7217260850535896,0.970335444360406
186.85913878442335,0.9754359689743487,0.71784383358904,0.9720142103489164
189.75160453700323,0.9770090484720358,0.7138025266890587,0.9736420949487563
192.68884389918162,0.9785317409469675,0.709600035234606,0.9752188548811828
195.67154993918749,0.9800038051268994,0.7052342137010792,0.9767442560979497
198.70042645352422,0.9814250091001694,0.7007029000800701,0.9782180738889625
201.7761881330367,0.9827951304211426,0.6960039158006064,0.979640092986851
204.89956073154926,0.9841139562124149,0.6911350656498637,0.9810101076683115
208.0712812371137,0.9853812832636183,0.6860941376933515,0.9823279218520719
211.2920980459084,0.9865969181268683,0.6808789031945595,0.983593349193611
214.56277113882908,0.987760677210799,0.6754871165340658,0.9848062131785097
217.88407226081324,0.9888723868693668,0.6699165151280971,0.9859663472102729
221.25678510294037,0.989931883487829,0.6641648193465389,0.9870735946957184
224.681705487351,0.9909390135651838,0.6582297324303877,0.9881278091266386
228.15964155502795,0.9918936337928246,0.6521089404086436,0.9891288541577506
231.6914139564848,0.9927956111295227,0.6458001120146318,0.9900766036809933
235.27785604540557,0.9936448228726572,0.6393008986017563,0.9909709418960874
238.91981407528215,0.9944411567256157,0.6326089340586726,0.9918117633772838
242.61814739909556,0.9951845108612805,0.6257218347238781,0.9925989731362161
246.37372867208794,0.995874793981524,0.6186371992997155,0.9933324866807753
250.1874440576735,0.996511925372629,0.6113526087657839,0.9940122300699321
254.06019343653685,0.9970958349565577,0.603865626291746,0.9946381399644197
257.992890618968,0.9976264633377958,0.5961737971495367,0.9952101636730034
261.98646356048397,0.9981037618462908,0.5882746486249629,0.9957282591948858
266.04185458078865,0.9985276925772201,0.5801656899286827,0.996192395258953
270.1600205861214,0.9988982284232277,0.5718444121065723,0.9966025513554563
274.34193329504785,0.9992153531044704,0.563308287949464,0.99695871776557
278.58857946774566,0.999479061194206,0.5545547719022534,0.9972608955865002
282.90096113883953,0.9996893581396821,0.5455812999723754,0.9975090967519091
287.2800958538404,0.9998462602783258,0.536385289637635,0.9977033440476524
291.72701690924436,0.9999497948492391,0.5269641397533936,0.9978436711228368
296.2427735963485,1.0,0.5173152304591082,0.9979301224961986
300.82843144884066,0.9999969247887724,0.507435923084206,0.9979627535578044
305.4850724942217,0.9999406291817307,0.4973235600533054,0.9979416305660821
310.2137955091197,0.9998311840457954,0.4869754647907653,0.9978668306401792
315.0157162785562,0.9996686711366869,0.4763889416245663,0.9977384417476566
319.89196785922604,0.9994531830807041,0.465561275689508,0.9975565626860153
324.84370084685196,0.9991848233495748,0.4544897328297311,0.9973213030570577
329.8720836476783,0.9988637062547124,0.4431715595005491,0.9970327832606468
334.9783027541672,0.9984899568954615,0.4316039826695819,0.9966911344430536
340.16356302496183,0.9980637111224645,0.4197842097171992,0.9962964984599064
345.42908796918397,0.9975851154994438,0.40770942833625595,0.9958490278376766
350.7761200351321,0.9970543272592295,0.3953768064311172,0.9953488857294259
356.2059209034483,0.9964715142541887,0.38278349201597334,0.9947962458649751
361.71977178482297,0.9958368549012158,0.3699266131124339,0.9941912924956453
367.31897372230844,0.9951505381214379,0.35680327764639475,0.9935342203337332
373.00484789831177,0.9944127632747904,0.343410573344178,0.9928252344868713
378.77873594633945,0.9936237400896218,0.329745567627938,0.992064550387433
384.64200026756845,0.9927836885874812,0.31580530751032376,0.9912523937171349
390.5960243523167,0.9918928390032449,0.3015868194883952,0.9903890003269958
396.64221310649026,0.9909514317007416,0.28708710943679566,0.9894746161528044
402.78199318308367,0.9899597170840261,0.27230316250015907,0.9885094971262556
409.0168133188118,0.9889179555044639,0.25723194298476004,0.9874939090819084
415.34814467595197,0.9878264171637791,0.24187039424940138,0.9864281276601227
421.77748118947835,0.9866853819937389,0.22621543859552148,0.985312438183805
428.3063399195694,0.9854951395584517,0.21026397715652975,0.9841471355703998
434.9362614095718,0.9842559890251201,0.19401288978636208,0.982932524291444
441.66881004950585,0.9829682389492597,0.17745903494724272,0.981668918160302
448.5055744451973,0.981632207159041,0.16059924959665428,0.9803566402183433
455.44816779312316,0.9802482206398455,0.14343034907351845,0.9789960226193394
462.49822826106043,0.978816615412449,0.1259491269835608,0.9775874065075073
469.6574193746262,0.9773377364051944,0.10815235508387258,0.976131141889559
476.92743040980173,0.9758119373205032,0.0900367831666649,0.9746275875011093
484.3099767915325,0.9742395804960811,0.07159913894219151,0.9730771106677997
491.80680049849826,0.9726210367611754,0.05283612792085555,0.9714800871614893
499.4196704741485,0.9709566852882363,0.033744433294489895,0.9698369010518739
507.1503830441008,0.969246913440339,0.01432071581679087,0.9681479445538815
515.0007623400003,0.9674921166147183,-0.005438386317080502,0.966413617871207
522.9726607299395,0.9656926980827769,-0.02553625759173342,0.9646343290363333
531.0679592555422,0.963849068826913,-0.045976305293657045,0.9628104937474021
539.2885680758114,0.9619616473745318,-0.06676195963416337,0.9609425352022813
547.6364269178493,0.960030859629588,-0.08789667387319464,0.9590308839301925
556.113505534553,0.9580571387020205,-0.10938392444401329,0.9570759776212459
564.7218041693957,0.9560409247354268,-0.13122721107874155,0.9550782609542444
573.4633540284025,0.9539826647333415,-0.15343005693479284,0.953038185423108
582.3402177594314,0.95188281238387,-0.17599600872218027,0.9509562091611045
591.3544899388742,0.9497418278391376,-0.19892863683171239,0.948832796719369
600.5082975658904,0.9475601776079865,-0.22223153546407476,0.9466684189658877
609.8038005642923,0.9453383343390117,-0.2459083227598282,0.9444635528591675
619.243192292198,0.9430767765971974,-0.2699626409302901,0.9422186812299587
628.8287000595748,0.9407759886818451,-0.294398156389328,0.9399342925992129
638.5625856537926,0.9384364604405107,-0.31921855988608144,0.9376108809920639
648.4471458733135,0.9360586870793458,-0.34442756663858326,0.9352489457482267
658.4847130696421,0.9336431689702347,-0.37002891646831265,0.9328489913292074
668.6776556976647,0.9311904114551168,-0.39602637393568463,0.9304115271227155
679.0283788745079,0.9287009246478933,-0.42242372847646187,0.9279370672446717
689.5393249470479,0.9261752232343047,-0.44922479453910963,0.9254261303392071
700.2129740682043,0.9236138262701744,-0.4764334117231063,0.9228792393770403
711.0518447821543,0.9210172569784102,-0.5040534449181875,0.9202969214526334
722.0584946186062,0.9183860425451579,-0.532088784444555,0.9176797075805131
733.2355206962721,0.9157207139154959,-0.5605433461940511,0.9150281324911519
744.5855603356813,0.9130218055890679,-0.5894210717722858,0.9123427344268044
756.1112916814793,0.9102898554160418,-0.618725928641743,0.9096240549376887
767.8154343343616,0.9075254043937915,-0.64846191026587,0.9068726386789074
779.700749992787,0.9047289964646896,-0.6786330362541336,0.904089033208499
791.770043104626,0.9019011783154094,-0.7092433525080707,0.9012737887870179
804.026161528895,0.8990424991638412,-0.7402969313683374,0.8984274581631546
816.4719972077356,0.8961535105599658,-0.7717978717627468,0.8955505963787868
829.1104868487931,0.8932347662082362,-0.8037502993553041,0.8926437605870587
841.9446126181606,0.890286821728497,-0.8361583666962726,0.8897075098151875
854.9774028440469,0.8873102344586539,-0.8690262533732294,0.8867424047677416
868.211932731339,0.8843055632579941,-0.9023581661631418,0.883749007630141
881.6513250872238,0.8812733683102673,-0.9361583391854871,0.8807278818719227
895.2987510580431,0.8782142109268224,-0.9704310340563809,0.8776795920500782
909.1574308775542,0.8751286533501094,-1.0051805400437441,0.8746047036127572
923.2306346267736,0.8720172585578362,-1.0404111742235183,0.8715037827036447
937.5216830055813,0.8688805900680914,-1.0761272816369167,0.8683773959673099
952.033948116271,0.8657192117457284,-1.1123332354487239,0.8652261103558283
966.7708542592275,0.8625336876103125,-1.1490334371066588,0.8620504929369791
981.7358787409217,0.8593245816459333,-1.1862323165017978,0.8588511107043176
996.932552694413,0.8560924576131832,-1.2239343321300482,0.8556285303894264
1012.3644619125528,0.8528378788635994,-1.2621439712547224,0.8523833182766425
1028.0352476940782,0.8495614081568791,-1.3008657500701355,0.8491160400205685
1043.9486077028207,0.846263607481154,-1.3401042138663637,0.8458272604666587
1060.1082968401954,0.8429450378766423,-1.3798639371950185,0.8425175434751913
1076.5181281312068,0.8396062592544536,-1.420149524036131,0.8391874517395679
1093.1819736241653,0.8362478302285055,-1.460965607966163,0.8358375466204584
1110.1037653043331,0.832870307949743,-1.5023168523270856,0.8324683879779882
1127.2874960217116,0.8294742479250339,-1.5442079503965804,0.829080533991983
1144.7372204331898,0.8260602038543599,-1.5866436255593521,0.8256745409994891
1162.457055959278,0.8226287274702778,-1.6296286314795645,0.8222509633344897
1180.4511837556508,0.819180368379704,-1.6731677522743729,0.8188103531699542
1198.7238496997272,0.8157156739081889,-1.7172658026886343,0.8153532603623826
1217.2793653925257,0.8122351889468463,-1.761927628270714,0.8118802322990077
1236.1221091760242,0.8087394558021035,-1.80715810554943,0.8083918137478254
1255.2565271662697,0.8052290140484294,-1.8529621422121645,0.8048885467106102
1274.6871343024804,0.801704400384214,-1.8993446772841196,0.8013709702790854
1294.4185154123857,0.7981661484909566,-1.9463106813086888,0.7978396204944117
1314.4553262940578,0.7946147888959291,-1.9938651565290626,0.7942950302101545
1334.8022948144903,0.791050848838479,-2.0420131370709407,0.7907377289588998
1355.46422202518,0.7874748521401365,-2.0907596891264255,0.7871682428226815
1376.4459832949801,0.7838873190786869,-2.140109911139105,0.7835870943073795
1397.7525294604852,0.7802887662659552,-2.1900689339903217,0.7799948022207145
1419.388887994229,0.7766797065248718,-2.2406419211865845,0.7763918815496869
1441.3601641909595,0.7730606487798322,-2.2918340690482357,0.7727788433513394
1463.6715423722808,0.7694320979394903,-2.343650606899281,0.7691561946355089
1486.3282871099404,0.7657945547871432,-2.3960967972584037,0.7655244382557874
1509.335744468053,0.7621485158765097,-2.4491779360312194,0.761884072805597
1532.6993432645515,0.7584944734308581,-2.502899352703735,0.7582355925176089
1556.4245963521673,0.7548329152455225,-2.5572664105370033,0.7545794871665568
1580.5171019192373,0.751164324593858,-2.612284506763041,0.7509162419754901
1604.9825448106465,0.7474891801366845,-2.667959072781936,0.7472463375255183
1629.8266978692193,0.7438079558352679,-2.724295574360215,0.7435702496690941
1655.0554232978739,0.7401211208678804,-2.7812995118304316,0.7398884494468804
1680.674674042862,0.7364291395499982,-2.838976420292012,0.7362014030082542
1706.690495198421,0.7327324712581765,-2.8973318698133337,0.7325095715354945
1733.109025433168,0.7290315703576522,-2.9563714656350877,0.7288134111716971
1759.936498438574,0.7253268861337251,-3.0161008483748675,0.7251133729524731
1787.1792443998613,0.7216188627269634,-3.0765256942330548,0.7214099027414752
1814.843691489666,0.7179079390706024,-3.1376517151999352,0.7177034411679308
1842.936367384826,0.7141945488336368,-3.1994846592641366,0.7139944235704709
1871.463900806643,0.7104791203668406,-3.2620303106223005,0.7102832799429305
1900.4330230849912,0.706762076649037,-3.325294489890094,0.7065704348811686
1929.8505697466344,0.7030438352398192,-3.38928305431445,0.7028563075360973
1959.7234821281304,0.6993248082355239,-3.4540018979871774,0.699141311569953
1990.058809013704,0.6956054022284187,-3.5194569520597927,0.6954258551157781
2020.8637082984687,0.6918860182690832,-3.5856541849597203,0.6917103407400977
2052.1454486773996,0.6881670518319569,-3.6525996026077734,0.6879951654087643
2083.911411360445,0.6844488927840339,-3.720299248636974,0.6842807204559446
2116.1690918141935,0.6807319253566796,-3.788759204612674,0.6805673915562352
2148.9261015304924,0.6770165281205496,-3.8579855902540316,0.6768555586998724
2182.190169822453,0.6733030739635809,-3.9279845636567767,0.6731455961710211
2215.969145648248,0.6695919300720421,-3.99876232151736,0.6694378725291187
2250.2709994631473,0.665883457914611,-4.070325099358444,0.6657327505932469
2285.1038251002174,0.6621780132294617,-4.142679171755671,0.6620305874295157
2320.475841680134,0.658475946014336,-4.215830852565907,0.6583317343414277
2356.3953955505617,0.6547776005193666,-4.289786495156753,0.654636536862961
2392.870962255545,0.6510833152416822,-4.364552492637434,0.6509453347534875
2429.9111485353933,0.6473934229247702,-4.440135278091092,0.6472584619974161
2467.524694357518,0.6437082505582581,-4.516541324808421,0.6435762468042244
2505.7204749787074,0.6400281193812105,-4.593777146522704,0.63989901161207
2544.5075030393245,0.6363533448881044,-4.671849297646222,0.636227073094042
2583.8949306899185,0.632684236837198,-4.750764373508077,0.6325607421668054
2623.8920517507613,0.6290210992612393,-4.8305290105933585,0.6289003240015824
2664.508303904805,0.6253642304804627,-4.911149886783782,0.6252461180374239
2705.7532709245925,0.6217139231178193,-4.992633721599679,0.6215984179967086
2747.636684933631,0.6180704641163883,-5.074987276443419,0.6179575119028251
2790.1684287027783,0.6144341347589137,-5.158217354844265,0.614323682099976
2833.3585379821707,0.6108052106894181,-5.242330802704609,0.6106972052750577
2877.2172038692493,0.6071839619368318,-5.327334508547704,0.6070783524815547
2921.754775213441,0.6035706529405943,-5.4132354037667465,0.6034673891654031
2966.9817610580644,0.5999655425781657,-5.500040462875424,0.5998645751927635
3012.908833120033,0.5963688841943988,-5.587756703759994,0.5962701648796519
3059.546828307944,0.5927809256327166,-5.676391187932655,0.5926844070233727
3106.9067512791444,0.5892019092674543,-5.765951020786502,0.5891075449350948
3154.99977703638,0.5856320720388196,-5.856443351851891,0.5855398164751117
3203.8372535646386,0.5820716454885713,-5.947875375054222,0.5819814540886991
3253.4307045088094,0.578520855797109,-6.040254328973305,0.5784326848434973
3303.791831892792,0.574979923822566,-6.133587497104105,0.5748937304688461
3354.9325188806934,0.5714490651412268,-6.227882208118986,0.571364807396442
3406.864832580771,0.5679284900892249,-6.323145836131472,0.5678461268022748
3459.601026892773,0.5644184038054678,-6.4193858009614955,0.5643378946497881
3513.153545399359,0.5609190062757473,-6.516609568402052,0.5608403117342244
3567.5350243022754,0.557430492377976,-6.614824650487516,0.557353573728094
3622.7582954039817,0.5539530519285125,-6.71403860576334,0.5538778712277307
3678.8363891354306,0.5504868697295197,-6.814259039557298,0.5504133898008777
3735.782537630716,0.5470321256173092,-6.915493604252241,0.5469603100352585
3793.6101778493144,0.5435889945116232,-7.017749999560438,0.5435188075880832
3852.332954746659,0.5401576464658079,-7.121035972799289,0.5400890532364421
3911.9647244937883,0.5367382467178211,-7.225359319168781,0.5366712129285346
3972.519557746836,0.5333309557420389,-7.330727882030307,0.5332654478356905
4034.011742967131,0.5299359293017993,-7.43714955318712,0.5298719144051305
4096.455789792686,0.5265533185026442,-7.544632273166285,0.5264907644134176
4159.866432461883,0.5231832698462032,-7.653184031502258,0.5231221450205529
4224.258633290146,0.5198259252834253,-7.762812867021889,0.5197661988232924
4289.647586200434,0.5164814222687395,-7.873526868131172,0.5164230639098546
4356.048720308389,0.5131498938237008,-7.985334173103422,0.5130928739235133
4423.477703562977,0.5098314685845378,-8.098242970369057,0.5097757581102662
4491.950446443472,0.5065262708582681,-8.212261498807008,0.5064718413752565
4561.483105713691,0.5032344206799308,-8.327398048037665,0.5031812443401996
4632.092088234316,0.49995603386997745,-8.443660958717421,0.4999040834009689
4703.794054834255,0.4966912220917956,-8.561058622834848,0.49664047078530876
4776.605924241902,0.49344009290935364,-8.67959948400841,0.4933905146106669
4850.5448770772755,0.4902027498449372,-8.799292037785877,0.4901543189421164
4925.6283599059325,0.4869792924369616,-8.920144831945223,0.4869319838503507
5001.874089355649,0.48376981629783733,-9.042166466797257,0.48372360546972865
5079.300056296817,0.4805744131718711,-9.165365595489801,0.48052927605635337
5157.924530087555,0.47739317099317513,-9.289750924313552,0.4773490840461562
5237.766062884523,0.4742261739435711,-9.41533121300951,0.47418311411297415
5318.8434940204825,0.47107350251046554,-9.542115275078139,0.4710314472265944
5401.175954449595,0.4679352335446737,-9.670111978090047,0.4678941607107462
5484.782871261553,0.4648114403181734,-9.79933024399843,0.4647713283010211
5569.683972265575,0.4617021925817703,-9.92977904945307,0.4616630202027
5655.899290645359,0.4586075566226465,-10.061467426116106,0.45856930314846395
5743.449169686096,0.4555275953217817,-10.194404460979344,0.45549024045597264
5832.354267574652,0.4524623682112178,-10.32859929668335,0.4524258920852865
5922.635562274053,0.44941193153115133,-10.464061131838108,0.44937631469611267
6014.314356473426,0.4463763382868297,-10.60079922134547,0.4463415617048542
6107.412282614565,0.4433556383052351,-10.738822876723166,0.44332168334144273
6201.951307996293,0.4403498782915278,-10.878141466430645,0.4403167267059308
6297.953739957853,0.43735910188523686,-11.018764416196488,0.43732673582482795
6395.442231142524,0.4343833497161714,-11.160701209347618,0.4343517517071557
6494.439784842717,0.4314226594597002,-11.30396138714012,0.43139181239996527
6594.969760427812,0.42847706588613427,-11.448554549091853,0.4284469530378187
6697.055878856008,0.4255466009255818,-11.59449035331672,0.4255172059073093
6800.722228271505,0.42263129371790703,-11.741778516860736,0.42260260049794107
6905.9932696883125,0.41973117066393906,-11.890428816039728,0.4197031635530843
7012.893842762054,0.4168462554793853,-12.040451086778862,0.4168189191240251
7121.449171651103,0.41397656924819276,-12.191855224953793,0.41394988862345883
7231.684870968456,0.41112213047535656,-12.344651186733692,0.41109609087842913
7343.6269518257295,0.40828295513917845,-12.498848988925873,0.40825754218271393
7457.301827970718,0.4054590567429721,-12.65445870932235,0.4054342563486565
7572.736322019959,0.40265044636622177,-12.811490487047966,0.402626244758447
7689.957671787767,0.3998571327151915,-12.969954522910454,0.3998335164148526
7808.993536713253,0.39707912217298674,-13.129861079752112,0.3970560779913977
7929.872004386805,0.3943164188490689,-13.291220482803384,0.39429393388199463
8052.621597177623,0.3915690246282266,-13.45404312003811,0.3915470862500294
8177.271278963821,0.38883693921899865,-13.61833944253068,0.38881553507689615
8303.850461966722,0.38612016020155654,-13.784119964814852,0.3860992782099902
8432.389013690934,0.3834186830750427,-13.951395265244473,0.3833983114101535
8562.917263971862,0.3807325013043677,-14.120175986355935,0.380712628398578
8695.466012132305,0.3780616063664658,-14.290472835232437,0.37804222090316497
8830.066534249834,0.3754059877960126,-14.462296583870065,0.3753870787043441
8966.750590536667,0.3727656332306005,-14.635658069545764,0.37274718968034953
9105.550432833783,0.37014052845537976,-14.810568195187017,0.37012253985195825
9246.498812221027,0.3675306574471605,-14.987037929743371,0.3675131134266886
9389.628986745032,0.3649360024179795,-15.165078308559908,0.3649188928424612
9534.974729266754,0.36235654385813143,-15.34470043375241,0.3623398588107233
9682.57033543048,0.3597922605786676,-15.525915474584352,0.3597759903590376
9832.450631756203,0.35724312975193595,-15.708734667846011,0.35722726487181494
9984.650983857247,0.354709126952483,-15.893169318235039,0.3546936581310423
10139.207304785114,0.35219022620205614,-16.079230798739193,0.35217514436162034
10296.156063503484,0.3496864000051401,-16.266930551020796,0.34967169626694555
10455.5342934934,0.347197619388485,-16.456280085803073,0.34718328506847684
10617.379601491659,0.3447238539402052,-16.647290983258415,0.34470988054491875
10781.73017636445,0.34226507184822824,-16.83997489339845,0.3422514510707538
10948.624798118379,0.33982123993809904,-17.034343536466064,0.339807963654128
11118.102847050948,0.3373923237101526,-17.23040870332926,0.33737938397410416
11290.204313042703,0.33497828737606167,-17.428182255877008,0.33496567641728753
11464.969804993198,0.3325790938947699,-17.627676127416795,0.33256680411383543
11642.440560403047,0.33019470500781706,-17.828902323074324,0.3301827289728582
11822.658455104272,0.3278250812740697,-18.03187292019492,0.3278134117172234
12005.666013141294,0.3254701821038597,-18.23660006874701,0.32545881191776654
12191.50641680486,0.3231299657925473,-18.4430959917274,0.32311888802692496
12380.2235168213,0.32080438955351176,-18.65137298556858,0.3207935974117976
12571.861842699504,0.318493409550581,-18.86144342054791,0.3184828963866429
12766.466613238055,0.3161969809299107,-19.073319741198596,0.3161867402448239
12964.083747195025,0.31391505785131674,-19.287014466723015,0.3139050832902064
13164.759874122916,0.31164759351907695,-19.502540191407547,0.31163787886802413
13368.542345371321,0.3093945402122059,-19.719909585039563,0.3093850793952158
13575.479245259912,0.3071558493142134,-19.939135393326424,0.3071466363902456
13785.619402424365,0.3049314713423568,-20.16023043831628,0.30492250050241465
13999.012401337926,0.3027213559763939,-20.38320761882098,0.3027126215406729
14215.708594011305,0.30052545208684844,-20.608079910840875,0.3005169485019424
14435.759111873698,0.2983437077621964,-20.834860367991634,0.29833542959839665
14659.21587783771,0.296176070335354,-21.063562121933064,0.29616801228391176
14886.131618551033,0.29402248641344203,-21.294198382799827,0.29401464328396554
15116.559876837777,0.2918829019010073,-21.52678243963432,0.2918752686189204
15350.555024332383,0.28975726202554647,-21.761327660821284,0.28974983362956863
15588.172274309112,0.28764551136277683,-21.997847494524738,0.2876382830024568
15829.467694710102,0.2855475938613774,-22.236355469126746,0.285540560794678
16074.49822137512,0.2834634528672044,-22.476865193668143,0.2834566104581376
16323.321671476077,0.281393031146993,-22.719390358291417,0.28138637486330553
16575.996757159526,0.27933627091155444,-22.96394473468561,0.2793297963224615
16832.583099400315,0.27729311383848,-23.210542176533046,0.27728681661244636
17093.1412420697,0.27526350109435727,-23.45919661995843,0.2752573769969252
17357.73266622122,0.2732473733565138,-23.709922083979734,0.2732414182481761
17626.41980459771,0.27124467083429327,-23.96273267096116,0.27123888066841134
17899.266056362867,0.2692553332898772,-24.217642567068285,0.26924970411064236
18176.335802060854,0.2672793000586588,-24.474666042725143,0.26727382799909655
18457.69441880749,0.26531651006918144,-24.733817453073403,0.26531119134919723
18743.40829571655,0.26336690186265055,-24.995111238433527,0.2633617327871163
19033.54484956489,0.261430413612026,-25.25856192476835,0.2614253905689072
19328.172540700052,0.25950698314071,-25.524184124148203,0.25950210259923084
19627.360889194093,0.2575965479408349,-25.79199253521855,0.2575918064496828
19931.180491247465,0.2556990451911639,-26.06200194366954,0.2556944393767304
20239.703035846862,0.25381441177461245,-26.33422722270765,0.25380993833927157
20553.001321680844,0.2519425842954026,-26.608683333529385,0.25193824001582416
20871.14927431738,0.25008349909585537,-26.885385325797373,0.2500792808213538
21194.221963647244,0.24823709227210985,-27.164348338118085,0.24823299692305206
21522.295621597423,0.24640329969073194,-27.445587598522096,0.246399324256907
21855.447660118753,0.2445820570051599,-27.729118424946265,0.2445781985442656
22193.75668945195,0.2427732996693842,-28.01495622571808,0.2427695553055149
22537.302536676427,0.24097696295290985,-28.303116500042016,0.24097332987507172
22886.166264546195,0.23919298195535657,-28.59361483848839,0.23918945741601483
23240.430190617375,0.23742129162068967,-28.886466923483937,0.23741787293434652
23600.177906671754,0.23566182675108518,-29.181688529804685,0.23565851129288853
23965.49429844103,0.2339145220204387,-29.479295525071166,0.2339113072248203
24336.46556563638,0.2321793119875249,-29.779303870245474,0.23217619534686762
24713.17924228804,0.2304561311088164,-30.081729620130613,0.23045311017215
25095.72421739977,0.22874491375096664,-30.386588923872246,0.22874198612269137
25484.19075592301,0.22704559420296822,-30.693898025462197,0.22704275754160555
25878.670520055715,0.22535810668799156,-31.003673264244423,0.2253553587049614
26279.256590870893,0.2236823853749118,-31.315931075423062,0.22367972383333604
26686.043490279902,0.2220183643895326,-31.63068799057281,0.22201578710306347
27099.127203335775,0.22036597782551356,-31.94796063815108,0.22036348265718753
27518.605200881746,0.218725159755008,-32.267765744012976,0.2187227446161233
27944.57646255039,0.21709584423902067,-32.59012013192805,0.21709350708803904
28377.141500118756,0.21547796533749153,-32.91504072409931,0.2154757041789628
28816.40238122504,0.2138714571191133,-33.242544541684516,0.2138692700026227
29262.462753452353,0.21227625367089029,-33.572648705319814,0.21227413869002812
29715.427868785322,0.21069228910744744,-33.90537043564515,0.21069024439879994
30175.404608445242,0.20911949758009396,-34.2407270538326,0.20911752132225567
30642.501508109668,0.20755781328565268,-34.578735982116406,0.2075559036982595
31116.828783522396,0.20600717047447376,-34.9194147443254,0.2060053258172694
31598.498356499866,0.2044675034595498,-35.262780966417594,0.20446572203143207
32087.623881340114,0.20293874662454905,-35.60885237701739,0.20293702676268424
32584.32077164055,0.2014208344309087,-35.95764680795444,0.20141917450984387
33088.706227530834,0.1999137014254568,-36.309182194805295,0.19991209985625072
33600.899263327316,0.19841728224779556,-36.663476577437194,0.198415737477168
34121.02073561553,0.19693151163744807,-37.02054810055386,0.19693002214694752
34649.19337176739,0.19545632444077507,-37.38041501424385,0.19545488874596345
35185.54179889987,0.1939916556176652,-37.74309567453124,0.19399027226732046
35730.19257328185,0.19253744024800545,-38.108608543928185,0.1925361078233405
36283.274210196236,0.1910936135379334,-38.47697219199034,0.19109233065183173
36844.91721426432,0.1896601108258799,-38.848205295874166,0.18965887612214735
37415.25411023948,0.18823686758840422,-39.22232664089669,0.1882356797410362
37994.41947427767,0.18682381944582724,-39.599355121097446,0.18682267715829154
38582.54996569179,0.18542090216766802,-39.979309739803135,0.18541980417220247
39179.78435919777,0.18402805167788816,-40.3622096101939,0.18402699673481293
39786.263577659694,0.1826452040599478,-40.74807395587263,0.18264419095699205
40402.1307253418,0.18127229556168,-41.136922111436284,0.1812713231133225
41027.53112167525,0.1799092625999868,-41.52877352304943,0.17990832964680994
41662.61233554759,0.1785560417653621,-41.923647749020326,0.17855514717341966
42307.52422012291,0.1772125698262466,-42.321564460379356,0.17721171248644388
42962.4189482011,0.17587878373321914,-42.722543441459514,0.17587796256070634
43627.45104812438,0.1745546206230288,-43.12660459047976,0.17455383455660634
44302.77744023967,0.17324001782247392,-43.53376792013031,0.17323926582401014
44988.557473925364,0.17193491285213172,-43.94405355816038,0.17193419390599202
45684.95296519127,0.1706392434299428,-44.35748174796851,0.17063855654243062
46392.12823486052,0.1693529474745542,-44.77407284919496,0.1693522916733643
47110.25014734262,0.16807596310857284,-45.1938473383167,0.16807533744225384
47839.488150006575,0.16680822866167994,-45.61682580924476,0.1668076321991089
48580.01431316355,0.1655496826735418,-46.0430289739239,0.16554911450340895
49332.0033706684,0.1643002638966215,-46.472477662934786,0.16429972312692517
50095.63276114972,0.16305991129885267,-46.90519282609838,0.1630593970564042
50871.082669878095,0.16182856406617815,-47.34119553308302,0.1618280754961165
51658.536071282455,0.16060616160495567,-47.780506974013576,0.16060569787027165
52458.178772124505,0.15939264354423135,-48.223148460083415,0.15939220382530092
53270.19945534159,0.15818794973788555,-48.66914142416837,0.1581875332320123
54094.78972456807,0.15699202026665135,-49.118507421443596,0.15699162618761775
54932.144149345964,0.15580479544000886,-49.57126813000238,0.15580442301763614
55782.4603110354,0.15462621579795668,-50.02744535147779,0.15462586427767297
56645.938849435726,0.1534562221126645,-50.48706101166647,0.1534558907550813
57522.78351012826,0.15229475539000578,-50.950137161155176,0.1522944434705021
58413.20119255195,0.15114175687097667,-51.416695975949516,0.15114146367929138
59317.40199882314,0.14999716803300034,-51.886759758105384,0.14999689287283133
60235.59928331106,0.14886093059112007,-52.36035093636246,0.14886067277973145
61168.00970298076,0.14773298649908342,-52.837492066780804,0.1477327453669194
62114.85326851524,0.14661327795031961,-53.31820583337921,0.14661305284062548
63076.353396228995,0.1455017473788113,-53.802515048776726,0.1455015376472611
64052.7369607851,0.14439833745986466,-54.29044265483616,0.1443981424741953
65044.234348728336,0.1433029911107787,-54.782011723310376,0.14330281025043087
66051.079512847,0.14221565149141663,-55.27724545649081,0.1422154841471811
67073.51002737621,0.14113626200468055,-55.77616718785886,0.14113610757835127
68111.7671440556,0.14006476629690226,-56.27880038273938,0.1400646242009348
69166.09584905495,0.1390011082583511,-56.785168638956996,0.13900097791552732
70236.74492078088,0.13794523202286918,-57.29529568749493,0.13794511286596634
71323.96698857832,0.13689708196822814,-57.809205393156,0.13689697343969387
72428.01859234071,0.13585660271630154,-58.32692175522657,0.13585650426793436
73549.16024304293,0.1348237391329425,-58.84846890814305,0.13482365022557696
74687.65648421123,0.133798436327784,-59.37387112216017,0.13379835643098076
75843.77595434464,0.13278063965396003,-59.90315280402296,0.13278056824570048
77017.79145030265,0.13177029470775015,-60.43633849764053,0.1317702312741358
78209.97999167418,0.13076734732814574,-60.97345288476244,0.13076729136310142
79420.62288614274,0.1297717435963386,-61.51452078565789,0.1297716946013203
80650.0057958636,0.12878342983513189,-62.059567159797496,0.12878338731883843
81898.41880486839,0.1278023526082741,-62.60861710653703,0.12780231608636297
83166.15648751297,0.12682845871971496,-63.16169586580477,0.1268284277145215
84453.51797798497,0.12586169521278454,-63.7188288187905,0.12586166925304507
85760.80704088723,0.12490200936929505,-64.28004148863761,0.12490198798987333
87088.33214291374,0.12394934870856557,-64.84535954113751,0.12394933145018265
88436.40652563523,0.1230036609863695,-65.41480878542718,0.12300364739533687
89805.3482794113,0.12206489419380616,-65.9884151746882,0.12206488382176149
91195.4804184467,0.12113299655609362,-66.56620480684974,0.1211329889597401
92607.13095700959,0.12020791653128693,-67.1482039252933,0.1202079112721348
94040.63298682928,0.11928960280891832,-67.7344389195603,0.11928959945302933
95496.3247556924,0.11837800430856157,-68.32493632606217,0.11837800242629583
96974.54974725549,0.117473070178323,-68.91972282879371,0.11747306934408813
98475.65676209297,0.1165747497933413,-69.51882526004768,0.11657474958534411
100000.0,0.11568299275412405,-70.12227060113374,0.11568299275412405
