x_abs_z,Psi_full,Psi_outer_leading,Psi_inner_leading
9.999999999999999e-06,4.130307097010966e-10,4.130307094682306e-10,-623.3241255802903
1.0115847504260395e-05,4.2022872119186153e-10,4.2022872095216154e-10,-620.9357598699271
1.0233037072945147e-05,4.275521743453214e-10,4.275521740985905e-10,-618.5547078372753
1.0351584253535625e-05,4.3500325525767614e-10,4.350032550037084e-10,-616.1809527244878
1.0471504773626977e-05,4.425841881254836e-10,4.425841878640622e-10,-613.8144777992164
1.0592814543014528e-05,4.502972359100277e-10,4.5029723564092567e-10,-611.4552663545928
1.0715529655804694e-05,4.581447010124538e-10,4.581447007354344e-10,-609.103301709207
1.0839666392550017e-05,4.661289259595599e-10,4.661289256743797e-10,-606.7585672070887
1.0965241222409236e-05,4.742522941002084e-10,4.742522938066209e-10,-604.4210462176887
1.109227080533219e-05,4.825172303122629e-10,4.825172300100264e-10,-602.0907221358598
1.1220771994270008e-05,4.909262017199647e-10,4.909262014088508e-10,-599.7675783818388
1.1350761837411142e-05,4.994817184227284e-10,4.994817181025181e-10,-597.4515984012205
1.1482257580442964e-05,5.081863342974895e-10,5.081863339678731e-10,-595.1427656649486
1.1615276668839919e-05,5.17042647735689e-10,5.170426473963968e-10,-592.8410636692894
1.1749836750177829e-05,5.260533023990461e-10,5.260533020497904e-10,-590.5464759358132
1.1885955676475346e-05,5.352209880248358e-10,5.352209876653188e-10,-588.2589860113777
1.2023651506562305e-05,5.445484412244721e-10,5.445484408543894e-10,-585.9785774681048
1.2162942508475503e-05,5.540384462979842e-10,5.540384459170266e-10,-583.7052339033685
1.2303847161882483e-05,5.636938360643023e-10,5.636938356721557e-10,-581.4389389397656
1.2446384160533026e-05,5.735174927072153e-10,5.735174923035591e-10,-579.179676225104
1.2590572414739438e-05,5.835123486369418e-10,5.835123482214471e-10,-576.9274294323808
1.2736431053885172e-05,5.936813873671715e-10,5.93681386939498e-10,-574.6821822597636
1.2883979428962917e-05,6.040276444075184e-10,6.040276439673114e-10,-572.44391843057
1.303323711514168e-05,6.145542081712392e-10,6.145542077181281e-10,-570.2126216932493
1.318422391436399e-05,6.252642208981612e-10,6.252642204317588e-10,-567.9882758213636
1.3336959857972946e-05,6.361608795926905e-10,6.361608791125926e-10,-565.7708646135676
1.349146520936967e-05,6.472474369767874e-10,6.472474364825758e-10,-563.5603718935893
1.364776046670184e-05,6.585272024578615e-10,6.585272019491094e-10,-561.3567815102107
1.3805866365582949e-05,6.700035431114162e-10,6.700035425876953e-10,-559.1600773372518
1.3965803881843509e-05,6.816798846784052e-10,6.816798841392971e-10,-556.9702432735451
1.412759423431368e-05,6.935597125771422e-10,6.935597120222541e-10,-554.7872632429212
1.4291258887638558e-05,7.056465729610887e-10,7.056465723899451e-10,-552.6111211941866
1.4456819555125799e-05,7.179440738494873e-10,7.179440732615926e-10,-550.4418011011074
1.4624298201626218e-05,7.304558861037582e-10,7.304558854986209e-10,-548.2792869623886
1.4793717046448067e-05,7.43185744562866e-10,7.43185743939973e-10,-546.1235628016522
1.4965098566304614e-05,7.561374491550685e-10,7.561374485138925e-10,-543.9746126674225
1.5138465498296364e-05,7.693148660276911e-10,7.693148653676948e-10,-541.8324206331029
1.5313840842927336e-05,7.827219286990375e-10,7.827219280196733e-10,-539.6969707969619
1.549124786715674e-05,7.963626392323642e-10,7.963626385330741e-10,-537.5682472821043
1.56707101074857e-05,8.102410694317022e-10,8.102410687119139e-10,-535.4462342364624
1.5852251373079737e-05,8.243613620594403e-10,8.243613613185643e-10,-533.3309158327717
1.603589574892774e-05,8.387277320755227e-10,8.387277313129476e-10,-531.2222762685502
1.6221667599037056e-05,8.53344467898077e-10,8.533444671131667e-10,-529.1202997660822
1.6409591569666105e-05,8.682159326853966e-10,8.682159318774877e-10,-527.024970572397
1.6599692592593928e-05,8.833465656390644e-10,8.833465648074664e-10,-524.9362729592526
1.6791995888428106e-05,8.987408833281493e-10,8.987408824721454e-10,-522.8541912231112
1.698652696995066e-05,9.144034810342721e-10,9.144034801531254e-10,-520.7787096851247
1.7183311645502727e-05,9.303390341174265e-10,9.303390332103888e-10,-518.7098126911134
1.738237602240877e-05,9.465522994024364e-10,9.465522984687618e-10,-516.6474846115456
1.758374651043995e-05,9.630481165858474e-10,9.630481156248095e-10,-514.5917098415223
1.7787449825318176e-05,9.79831409668063e-10,9.798314086789282e-10,-512.5424728007532
1.7993512992260184e-05,9.96907188538218e-10,9.969071875200884e-10,-510.49975793354037
1.8201963349563218e-05,1.014280550391125e-09,1.0142805493431606e-09,-508.46354970875694
1.8412828552231865e-05,1.0319566812336498e-09,1.0319566801549683e-09,-506.4338326198302
1.8626136575646924e-05,1.0499408574561432e-09,1.0499408563458338e-09,-504.410591184721
1.8841915719277158e-05,1.0682384473993646e-09,1.068238446256495e-09,-502.3938099459029
1.9060194610433454e-05,1.0868549129524797e-09,1.0868549117760988e-09,-500.3834734703471
1.9281002208067107e-05,1.1057958111820175e-09,1.1057958099711533e-09,-498.37956634949836
1.9504367806611484e-05,1.1250667959914978e-09,1.1250667947451564e-09,-496.3820731992593
1.9730321039868757e-05,1.144673619811624e-09,1.144673618528783e-09,-494.3909786599687
1.9958891884941312e-05,1.1646221353207674e-09,1.1646221340003702e-09,-492.4062673963831
2.019011066620866e-05,1.1849182971955719e-09,1.1849182958365234e-09,-490.42792409765883
2.0424008059350848e-05,1.205568163891519e-09,1.2055681624926803e-09,-488.4559334773313
2.0660615095417846e-05,1.2265778994531719e-09,1.226577898013359e-09,-486.4902802732948
2.089996316494677e-05,1.2479537753539985e-09,1.2479537738719833e-09,-484.530949247785
2.1142084022126098e-05,1.269702172365479e-09,1.269702170839993e-09,-482.5779251873593
2.1387009789008783e-05,1.291829582455387e-09,1.2918295808851327e-09,-480.631192902878
2.163477295977376e-05,1.3143426107149978e-09,1.3143426090986636e-09,-478.6907372294813
2.1885406405036765e-05,1.3372479773149937e-09,1.337247975651276e-09,-476.75654302657625
2.2138943376211608e-05,1.3605525194899822e-09,1.3605525177776156e-09,-474.82859517781316
2.239541750992124e-05,1.3842631936315318e-09,1.3842631918690364e-09,-472.9068785910665
2.265486283246068e-05,1.408387077478642e-09,1.4083870756645294e-09,-470.9913781984166
2.2917313764310894e-05,1.4329313720433506e-09,1.4329313701761064e-09,-469.08207895613157
2.318280512470572e-05,1.4579034038417206e-09,1.4579034019197734e-09,-467.17896584464586
2.3451372136250946e-05,1.4833106270709144e-09,1.4833106250926508e-09,-465.2820238685413
2.372305042959759e-05,1.5091606258258461e-09,1.5091606237896145e-09,-463.39123805652866
2.3997876048168877e-05,1.5354611163591803e-09,1.5354611142632936e-09,-461.5065934614268
2.4275885452941942e-05,1.5622199493844473e-09,1.5622199472271785e-09,-459.62807516014817
2.455711552728545e-05,1.589445112422034e-09,1.5894451102016092e-09,-457.7556682536721
2.484160358185247e-05,1.6171447321876682e-09,1.6171447299022598e-09,-455.8893578670307
2.512938735953084e-05,1.6453270770232685e-09,1.6453270746709865e-09,-454.0291291492887
2.5420505040450328e-05,1.6740005593697171e-09,1.674000556948602e-09,-452.1749672735229
2.5714995247047825e-05,1.7031737382814e-09,1.7031737357894184e-09,-450.3268574368037
2.6012897049191718e-05,1.732855321982223e-09,1.7328553194172665e-09,-448.48478486017564
2.6314249969364864e-05,1.7630541704627405e-09,1.7630541678226292e-09,-446.64873478864007
2.6619093987908426e-05,1.7937792981182522e-09,1.7937792954007434e-09,-444.8186924911316
2.6927469548325634e-05,1.8250398764274458e-09,1.8250398736302556e-09,-442.99464326050247
2.723941756264782e-05,1.8568452366714618e-09,1.8568452337922882e-09,-441.1765724135003
2.755497941686177e-05,1.889204872692946e-09,1.8892048697295054e-09,-439.3644652907544
2.787419697640077e-05,1.9221284437130905e-09,1.9221284406630224e-09,-437.55830725674883
2.8197112591698695e-05,1.955625777453753e-09,1.9556257743143914e-09,-435.7580836998084
2.852376910380846e-05,1.989706872870442e-09,1.989706869639187e-09,-433.9637800320773
2.885420985008612e-05,2.024381903147892e-09,2.024381899822038e-09,-432.17538168950085
2.9188478669939934e-05,2.059661218768169e-09,2.0596612153449265e-09,-430.39287413180676
2.9526619910647027e-05,2.0955553505850606e-09,2.0955553470615686e-09,-428.61624284248296
2.98686784332364e-05,2.13207501295927e-09,2.1320750093326016e-09,-426.84547332876065
3.0214699618441074e-05,2.1692311069542343e-09,2.1692311032213903e-09,-425.08055112159565
3.056472937271853e-05,2.207034723591949e-09,2.207034719749855e-09,-423.3214617756466
3.091881413434091e-05,2.245497147168591e-09,2.2454971432140816e-09,-421.5681908692578
3.1277000879556416e-05,2.284629858629512e-09,2.2846298545593217e-09,-419.82072400443906
3.1639337128821096e-05,2.3244445390031136e-09,2.324444534813865e-09,-418.0790468068473
3.200587095310388e-05,2.3649530728933897e-09,2.3649530685815834e-09,-416.3431449257651
3.237665098026361e-05,2.4061675520305574e-09,2.4061675475925684e-09,-414.6130040340837
3.2751726401500954e-05,2.4481002788795738e-09,2.448100274311654e-09,-412.88860982828277
3.3131146977884336e-05,2.490763770306008e-09,2.490763765604292e-09,-411.16994802841043
3.351496304695156e-05,2.5341707612989215e-09,2.534170756459451e-09,-409.45700437806664
3.3903225529388497e-05,2.578334208750464e-09,2.5783342037692112e-09,-407.74976464437987
3.4295985935784196e-05,2.6232672952916013e-09,2.6232672901645195e-09,-406.04821461799116
3.469329637346529e-05,2.6689834331838205e-09,2.6689834279068995e-09,-404.35234011303237
3.50952095534085e-05,2.7154962684660454e-09,2.7154962630347274e-09,-402.66212696711074
3.550177879723437e-05,2.7628196851800904e-09,2.7628196795898524e-09,-400.97756104128325
3.591305804428079e-05,2.810967809188971e-09,2.810967803435155e-09,-399.2986282200446
3.632910185875965e-05,2.8599550125487602e-09,2.85995500662655e-09,-397.6253144113023
3.6749965436995624e-05,2.9097959177746435e-09,2.9097959116790896e-09,-395.95760554635973
3.717570461474879e-05,2.960505402189835e-09,2.9605053959158647e-09,-394.29548757989755
3.76063758746229e-05,3.012098602359502e-09,3.012098595901917e-09,-392.6389464899518
3.804203635355824e-05,3.0645909186089507e-09,3.064590911962417e-09,-390.9879682778987
3.8482743850412535e-05,3.117998019625776e-09,3.1179980127848134e-09,-389.3425389684305
3.892855683362885e-05,3.1723358471452324e-09,3.1723358401041936e-09,-387.7026446095402
3.9379534448992336e-05,3.2276206207183575e-09,3.2276206134714124e-09,-386.0682712724999
3.983573652747762e-05,3.2838688425623966e-09,3.2838688351035155e-09,-384.43940505184196
4.029722359318591e-05,3.341097302492769e-09,3.341097294815713e-09,-382.8160320653414
4.076405687137536e-05,3.3993230829363033e-09,3.39932307503462e-09,-381.19813845399466
4.123629829658312e-05,3.4585635640249097e-09,3.458563555891943e-09,-379.58571038200034
4.1714010520842844e-05,3.5188364287694855e-09,3.51883642039839e-09,-377.9787340367407
4.219725692199599e-05,3.580159668313082e-09,3.5801596596968605e-09,-376.3771956287628
4.2686101612100784e-05,3.6425515872632645e-09,3.6425515783948192e-09,-374.7810813917579
4.318060944593762e-05,3.706030809102751e-09,3.706030799974951e-09,-373.1903775825426
4.3680846029613095e-05,3.770616281736006e-09,3.770616272341414e-09,-371.60507048104097
4.418687772926451e-05,3.8363272836222256e-09,3.836327273952818e-09,-370.02514639026344
4.469877167986396e-05,3.903183429065884e-09,3.903183419113641e-09,-368.4505916362877
4.521659579412571e-05,3.971204674159621e-09,3.971204663916235e-09,-366.8813925682404
4.574041877151585e-05,4.04041132277783e-09,4.0404113122347454e-09,-365.31753555827635
4.62703101073664e-05,4.110824032608402e-09,4.110824021756837e-09,-363.7590070015627
4.6806340102095784e-05,4.18246382130377e-09,4.1824638101347166e-09,-362.2057933162547
4.7348579870534885e-05,4.2553520727502235e-09,4.255352061254442e-09,-360.65788094347965
4.789710135136253e-05,4.3295105434550724e-09,4.32951053162307e-09,-359.11525634731623
4.845197731664878e-05,4.404961369050542e-09,4.404961356872547e-09,-357.57790601477836
4.9013281381510384e-05,4.481727070914052e-09,4.481727058379992e-09,-356.0458164557895
4.958108801387643e-05,4.559830562903602e-09,4.559830550003074e-09,-354.51897420317033
5.015547254436868e-05,4.639295158208079e-09,4.639295144930332e-09,-352.9973658126152
5.0736511176295374e-05,4.720144576311269e-09,4.720144562645191e-09,-351.4809778626739
5.132428099576072e-05,4.802402950068993e-09,4.802402936003116e-09,-349.9697969547328
5.191885998189264e-05,4.886094832898735e-09,4.886094818421247e-09,-348.46380971299413
5.2520327017187355e-05,4.971245206080672e-09,4.971245191179452e-09,-346.9630027844604
5.3128761897975554e-05,5.057879486169752e-09,5.0578794708324306e-09,-345.4673628389102
5.3744245345008076e-05,5.14602353251764e-09,5.146023516731686e-09,-343.97687656888195
5.4366859014165946e-05,5.235703654904212e-09,5.2357036386570405e-09,-342.49153068965296
5.499668550729273e-05,5.326946621764194e-09,5.326946605041841e-09,-341.01131193922356
5.56338083831541e-05,5.419779668299627e-09,5.419779651088263e-09,-339.5362070782931
5.627831216852316e-05,5.514230504093443e-09,5.514230486378743e-09,-338.06620289024346
5.693028236939424e-05,5.610327321651403e-09,5.610327303418591e-09,-336.6012861811189
5.758980548232775e-05,5.708098804767318e-09,5.7080987860012004e-09,-335.1414437796081
5.8256969005924674e-05,5.80757413705489e-09,5.8075741177398756e-09,-333.68666253702287
5.893186145243583e-05,5.908783010646169e-09,5.90878299076625e-09,-332.23692932727977
5.961457235950436e-05,6.011755635054915e-09,6.011755614593655e-09,-330.7922310468813
6.030519230204429e-05,6.116522746204085e-09,6.116522725144575e-09,-329.3525546148969
6.100381290425792e-05,6.2231156156164935e-09,6.223115593941318e-09,-327.91788697294163
6.171052685179055e-05,6.331566059767209e-09,6.3315660374584065e-09,-326.4882150851584
6.242542790402807e-05,6.441906449597107e-09,6.4419064266361345e-09,-325.0635259381989
6.314861090653497e-05,6.554169720186005e-09,6.554169696553711e-09,-323.64380654120447
6.388017180363838e-05,6.6683893805848424e-09,6.6683893562614576e-09,-322.22904392578516
6.462020765115605e-05,6.784599523805297e-09,6.784599498770445e-09,-320.8192251460017
6.536881662927355e-05,6.902834836966328e-09,6.902834811199058e-09,-319.41433727834675
6.612609805556936e-05,7.023130611596115e-09,7.023130585074962e-09,-318.01436742172365
6.689215239819095e-05,7.145522754088516e-09,7.145522726791607e-09,-316.6193026974303
6.766708128918472e-05,7.270047796313271e-09,7.270047768218447e-09,-315.2291302491355
6.845098753797844e-05,7.396742906547749e-09,7.396742877631847e-09,-313.84383724286437
6.924397514502187e-05,7.525645901488345e-09,7.525645871726997e-09,-312.4634108669756
7.004614931558397e-05,7.656795256532864e-09,7.656795225901377e-09,-311.08783833214324
7.085761647371011e-05,7.79023011754236e-09,7.79023008601522e-09,-309.71710687133816
7.167848427634221e-05,7.925990312556017e-09,7.925990280106966e-09,-308.3512037398076
7.250886162760044e-05,8.064116363624467e-09,8.064116330226522e-09,-306.9901162150571
7.334885869323257e-05,8.204649498876671e-09,8.204649464502128e-09,-305.6338315968298
7.41985869152285e-05,8.347631664818275e-09,8.347631629438674e-09,-304.2823372070886
7.505815902660638e-05,8.493105538860597e-09,8.493105502446684e-09,-302.935620389995
7.59276890663676e-05,8.641114542078097e-09,8.64111450459975e-09,-301.59366851189253
7.680729239462739e-05,8.791702852193462e-09,8.79170281361965e-09,-300.25646896128455
7.769708570791915e-05,8.94491541678835e-09,8.94491537708706e-09,-298.92400914881716
7.8597187054676e-05,9.10079796673842e-09,9.10079792587662e-09,-297.5962765072587
7.950771585089332e-05,9.259397029871612e-09,9.259396987815214e-09,-296.2732584914805
8.042879289597038e-05,9.420759944847174e-09,9.420759901561029e-09,-294.95494257843876
8.136054038873782e-05,9.58493487525519e-09,9.584934830703115e-09,-293.64131626715385
8.230308194366922e-05,9.751970823934156e-09,9.751970778078993e-09,-292.3323670786911
8.32565426072805e-05,9.921917647505464e-09,9.921917600309196e-09,-291.02808255614343
8.422104887472094e-05,1.0094826071123588e-08,1.0094826022547482e-08,-289.7284502646095
8.519672870655385e-05,1.0270747703442824e-08,1.027074765344754e-08,-288.4334577911758
8.618371154573445e-05,1.0449735052941917e-08,1.0449735001485002e-08,-287.14309274489676
8.718212833478157e-05,1.063184154344976e-08,1.0631841490488645e-08,-285.85734275677686
8.819211153315114e-05,1.0817121529378328e-08,1.0817121474868983e-08,-284.5761954797496
8.921379513480814e-05,1.1005630312376758e-08,1.1005630256273807e-08,-283.29963858865887
9.02473146860047e-05,1.1197424157741745e-08,1.1197424099998536e-08,-282.02765978023973
9.12928073032625e-05,1.1392560311155049e-08,1.1392560251723639e-08,-280.7602467730985
9.235041169156331e-05,1.159109701574621e-08,1.159109695457735e-08,-279.49738730769667
9.342026816275225e-05,1.1793093529478977e-08,1.179309346652204e-08,-278.23906914632494
9.450251865415143e-05,1.1998610142858062e-08,1.199861007806096e-08,-276.98528007309136
9.559730674739211e-05,1.2207708196955764e-08,1.2207708130264855e-08,-275.7360078938974
9.670477768746219e-05,1.2420450101754883e-08,1.2420450033114883e-08,-274.4912404364199
9.782507840197727e-05,1.2636899354807079e-08,1.2636899284160969e-08,-273.2509655500915
9.895835752067192e-05,1.2857120560203473e-08,1.2857120487492446e-08,-272.0151711060827
0.0001001047653951197,1.3081179447856509e-08,1.3081179373019925e-08,-270.78384499728105
0.0001012644541186796,1.3309142893090068e-08,1.3309142816065465e-08,-269.55697513827215
0.00010243757754667362,1.3541078936536173e-08,1.354107885725931e-08,-268.3345494653207
0.00010362429131680001,1.3777056804336436e-08,1.3777056722741422e-08,-267.1165559363509
0.00010482475286978046,1.401714692864563e-08,1.4017146844665074e-08,-265.90298253092755
0.00010603912147024824,1.426142096843551e-08,1.4261420882000791e-08,-264.69381725023726
0.00010726755822787766,1.450995183106168e-08,1.4509951742101136e-08,-263.48904811706717
0.00010851022611875828,1.4762813695713973e-08,1.4762813604153209e-08,-262.2886631757877
0.00010976729000701743,1.5020082033485652e-08,1.5020081939248684e-08,-261.09265049233255
0.00011103891666669142,1.5281833630595234e-08,1.5281833533603702e-08,-259.90099815417915
0.00011232527480385307,1.5548146611295937e-08,1.5548146511469183e-08,-258.7136942703292
0.00011362653507899202,1.581910046108869e-08,1.581910035834381e-08,-257.53072697129096
0.00011494287012965787,1.609477605039236e-08,1.609477594464414e-08,-256.3520844090579
0.00011627445459336275,1.6375255658666877e-08,1.637525554982773e-08,-255.17775475709044
0.00011762146513075072,1.6660622998987655e-08,1.6660622886967488e-08,-254.0077262102963
0.00011898408044903582,1.6950963243067386e-08,1.695096312777346e-08,-252.84198698501172
0.0001203624813257097,1.7246363046722606e-08,1.72463629280594e-08,-251.6805253189824
0.00012175685063252714,1.7546910575782692e-08,1.754691045365175e-08,-250.5233294713428
0.00012316737335976553,1.785269553243716e-08,1.785269540673697e-08,-249.37038772259794
0.00012459423664076938,1.816380918201975e-08,1.8163809052645664e-08,-248.2216883746043
0.00012603762977677572,1.848034438022525e-08,1.848034424706945e-08,-247.07721975054952
0.00012749774426202936,1.880239560075658e-08,1.8802395463708086e-08,-245.93697019493487
0.0001289747738091881,1.9130058963399642e-08,1.9130058822344427e-08,-244.80092807355354
0.00013046891437502243,1.946343226252217e-08,1.9463432117343325e-08,-243.6690817734735
0.00013198036418641366,1.9802614995994356e-08,1.980261484657238e-08,-242.54141970301703
0.00013350932376665107,2.014770839456237e-08,2.014770824077497e-08,-241.4179302917416
0.00013505599596203715,2.0498815454161627e-08,2.0498815295879492e-08,-240.29860199042093
0.00013662058596879768,2.0856040965700914e-08,2.0856040802792934e-08,-239.1834232710261
0.00013820330136030562,2.1219491545466564e-08,2.1219491377797414e-08,-238.07238262670475
0.00013980435211461963,2.15892756676043e-08,2.1589275495034613e-08,-236.9654685717629
0.00014142395064234165,2.1965503696309853e-08,2.1965503518696282e-08,-235.8626696416459
0.000143062311814798,2.234828791865962e-08,2.2348287735854792e-08,-234.76397439291821
0.0001447196529925447,2.273774257807781e-08,2.2737742389930213e-08,-233.66937140324544
0.00014639619405420649,2.313398390843658e-08,2.3133983714790393e-08,-232.57884927137312
0.00014809215742564666,2.3537130168784016e-08,2.35371299694789e-08,-231.49239661710962
0.0001498077681094767,2.3947301678696345e-08,2.39473014735672e-08,-230.41000208130507
0.00015154325371490712,2.4364620854250933e-08,2.436462064312768e-08,-229.33165432583272
0.00015329884448794432,2.47892122446148e-08,2.4789212027322155e-08,-228.25734203357044
0.00015507477334193771,2.5221202569245507e-08,2.522120234560283e-08,-227.1870539083797
0.0001568712758884787,2.5660720755699678e-08,2.566072052552082e-08,-226.12077867508853
0.00015868859046866128,2.6107897978046072e-08,2.6107897741139375e-08,-225.05850507946985
0.00016052695818470086,2.6562867695877517e-08,2.656286745204583e-08,-224.00022188822396
0.00016238662293192207,2.7025765693919607e-08,2.7025765442960483e-08,-222.94591788895806
0.00016426783143111594,2.749673012222998e-08,2.7496729863935964e-08,-221.8955818901685
0.00016617083326127215,2.79759015369862e-08,2.797590127114528e-08,-220.84920272121937
0.00016809588089269133,2.846342294306677e-08,2.8463422669457976e-08,-219.80676923232525
0.00017004322972047844,2.8959439839692198e-08,2.8959439558087734e-08,-218.76827029453045
0.00017201313809842806,2.9464100259762946e-08,2.9464099969929143e-08,-217.73369479969045
0.00017400586737329837,2.9977554815595586e-08,2.997755451729167e-08,-216.703031660452
0.00017602168191948475,3.049995674374455e-08,3.0499956436722744e-08,-215.67626981023568
0.00017806084917409388,3.1031461950533425e-08,3.1031461634538897e-08,-214.65339820321407
0.0001801236396724244,3.157222905847806e-08,3.1572228733248794e-08,-213.63440581429356
0.00018221032708385968,3.212241945359891e-08,3.2122419118865436e-08,-212.6192816390954
0.00018432118824817322,3.268219733361302e-08,3.268219698909809e-08,-211.60801469393644
0.00018645650321225972,3.3251729757004166e-08,3.325172940242241e-08,-210.6005940158087
0.00018861655526728578,3.383118669296162e-08,3.383118632801915e-08,-209.5970086623619
0.00019080163098627678,3.442074107218497e-08,3.442074069657904e-08,-208.5972477118827
0.00019301202026213428,3.502056883854652e-08,3.502056845196519e-08,-207.60130026327573
0.00019524801634609678,3.563084900160817e-08,3.563084860373006e-08,-206.60915543604457
0.000197509915886646,3.625176368998497e-08,3.625176328047907e-08,-205.62080237027214
0.00019979801896886082,3.688349820555037e-08,3.6883497784076055e-08,-204.6362302266027
0.0002021126291542326,3.752624107847862e-08,3.7526240644685655e-08,-203.6554281862202
0.00020445405352093507,3.8180184123115935e-08,3.8180183676644875e-08,-202.6783854508308
0.0002068226027045674,3.8845522494678004e-08,3.8845522035160545e-08,-201.70509124264288
0.00020921859093936396,3.9522454746933526e-08,3.9522454273991316e-08,-200.73553480434836
0.00021164233609988436,4.021118289599504e-08,4.0211182409232706e-08,-199.76970539910238
0.0002140941597431857,4.091191247762768e-08,4.091191197664179e-08,-198.80759231050547
0.00021657438715148316,4.162485260776698e-08,4.1624852092141637e-08,-197.84918484258245
0.00021908334737530597,4.235021604590199e-08,4.235021551520897e-08,-196.89447231976493
0.0002216213732771502,4.3088219258208136e-08,4.3088218712006934e-08,-195.94344408687056
0.00022418880157564237,4.3839082481934575e-08,4.3839081919772136e-08,-194.99608950908433
0.0002267859728902093,4.460302979103506e-08,4.460302921244542e-08,-194.05239797194017
0.00022941323178626917,4.538028916303784e-08,4.538028856754163e-08,-193.11235888130022
0.00023207092682094447,4.617109254714362e-08,4.617109193424752e-08,-192.17596166333612
0.0002347594105893048,4.697567593354491e-08,4.697567530274103e-08,-191.24319576450966
0.00023747903977114652,4.7794279423959754e-08,4.779427877472504e-08,-190.3140506515536
0.00024023017517831076,4.862714730336902e-08,4.8627146635164685e-08,-189.3885158114532
0.00024301318180255547,4.94745281129528e-08,4.947452742522384e-08,-188.4665807514249
0.0002458284288639761,5.033667472421482e-08,5.033667401638958e-08,-187.54823499889872
0.0002486762898599909,5.121384441428882e-08,5.121384368577883e-08,-186.63346810149866
0.0002515571426148926,5.210629894241758e-08,5.2106298192617455e-08,-185.7222696270229
0.00025447136932997376,5.301430462759855e-08,5.3014303855886163e-08,-184.81462916342488
0.00025741935663423456,5.393813242738568e-08,5.3938131633122593e-08,-183.91053631879402
0.00026040149563567384,5.4878058017840455e-08,5.4878057200372624e-08,-183.0099807213369
0.0002634181819731808,5.5834361877653534e-08,5.583436103630103e-08,-182.11295201935664
0.0002664698158690214,5.680732937670406e-08,5.680732851076801e-08,-181.21943988123468
0.000269556802181937,5.779725085348104e-08,5.7797249962243055e-08,-180.32943399541162
0.0002726795504608563,5.880442170493742e-08,5.880442078765761e-08,-179.44292407036673
0.00027583847499923,5.982914247422211e-08,5.98291415301391e-08,-178.55989983460066
0.00027903399488999594,6.087171893996547e-08,6.087171796829601e-08,-177.68035103661387
0.0002822665340811773,6.193246220730956e-08,6.1932461207248e-08,-176.80426744488915
0.0002855365214321312,6.301168880067674e-08,6.30116877713943e-08,-175.93163884787134
0.0002888443907704423,6.410972075826159e-08,6.410971969890546e-08,-175.06245505394796
0.00029219058094947956,6.522688572823622e-08,6.522688463792859e-08,-174.19670589143112
0.00029557553590661906,6.636351706665966e-08,6.636351594449673e-08,-173.33438120853705
0.0002989997047221401,6.751995393707669e-08,6.751995278212765e-08,-172.47547087336687
0.00030246354167880624,6.869654141179778e-08,6.8696540223104e-08,-171.61996477388772
0.0003059675063221312,6.989363057484672e-08,6.989362935142088e-08,-170.7678528179137
0.0003095120635213514,7.111157862656795e-08,7.11115773673935e-08,-169.91912493308564
0.0003130976835310947,7.23507489898776e-08,7.235074769390839e-08,-169.07377106685314
0.0003167248420537739,7.361151141815253e-08,7.36115100843127e-08,-168.23178118645387
0.00032039402030269393,7.489424210474163e-08,7.489424073192586e-08,-167.3931452788954
0.00032410570506589606,7.619932379408991e-08,7.619932238116402e-08,-166.5578533509353
0.0003278603887707407,7.752714589506922e-08,7.752714444086597e-08,-165.7258954290615
0.00033165856954923403,7.887810460657335e-08,7.887810310988125e-08,-164.89726155947469
0.00033550075130411985,8.025260302814569e-08,8.025260148772397e-08,-164.0719418080671
0.0003393874437757268,8.16510512800916e-08,8.165104969466195e-08,-163.24992626040398
0.00034331916260960045,8.307386662721437e-08,8.307386499546098e-08,-162.43120502170441
0.00034729642942490994,8.452147360260147e-08,8.452147192317048e-08,-161.61576821682164
0.0003513197718836525,8.599430413386294e-08,8.599430240536161e-08,-160.80360599022475
0.0003553897237606581,8.749279767180468e-08,8.749279589280023e-08,-159.99470850597828
0.00035950682501440445,8.901740132152203e-08,8.901739949054018e-08,-159.1890659477233
0.00036367162185865494,9.056856997589709e-08,9.056856809142059e-08,-158.38666851865793
0.0003678846668349204,9.214676645148363e-08,9.214676451195057e-08,-157.58750644151894
0.0003721465188857701,9.375246162676732e-08,9.37524596305695e-08,-156.79156995856113
0.0003764577434289815,9.53861345827801e-08,9.53861325282614e-08,-155.99884933153913
0.00038081891243255665,9.704827274605788e-08,9.704827063151289e-08,-155.20933484168788
0.00038523060449060397,9.87393720339234e-08,9.873936985759613e-08,-154.42301678970273
0.0003896934049000999,1.00459937002079e-07,1.0045993476216189e-07,-153.63988549572068
0.000394207905738542,1.0221048099449521e-07,1.0221047868912854e-07,-152.85993129930097
0.0003987747059424947,1.0399152629557474e-07,1.0399152392284646e-07,-152.0831445594063
0.00040339441138705616,1.0580360428458419e-07,1.058036018425302e-07,-151.30951565438235
0.0004080676349662347,1.0764725559232921e-07,1.0764725307893417e-07,-150.53903498193984
0.00041279499667426316,1.0952303026735715e-07,1.095230276805309e-07,-149.77169295913404
0.00041757712368785274,1.1143148794735061e-07,1.11431485284947e-07,-149.00748002234647
0.00042241465044939993,1.1337319801200486e-07,1.1337319527181558e-07,-148.2463866272654
0.0004273082187511598,1.1534873975913887e-07,1.153487369388902e-07,-147.48840324886524
0.0004322584778203875,1.1735870257646444e-07,1.1735869967381645e-07,-146.73352038138964
0.00043726608440547687,1.194036861166137e-07,1.1940368312915896e-07,-145.98172853833054
0.00044233170286308627,1.2148430047557846e-07,1.2148429740084015e-07,-145.23301825240895
0.00044745600524628067,1.236011663745463e-07,1.2360116320997603e-07,-144.48738007555593
0.0004526396713936919,1.257549153451086e-07,1.2575491208808378e-07,-143.74480457889408
0.00045788338901971235,1.2794618991781848e-07,1.279461865656397e-07,-143.00528235271705
0.0004631878538057358,1.3017564381407938e-07,1.3017564036396773e-07,-142.2688040064703
0.0004685537694924481,1.324439421413361e-07,1.3244393859043028e-07,-141.53536016873292
0.00047398184797319866,1.3475176159155581e-07,1.3475175793690966e-07,-140.80494148719754
0.0004794728093884416,1.3709979064296763e-07,1.370997868815476e-07,-140.07753862865079
0.0004850273822212792,1.3948872976504493e-07,1.394887258937282e-07,-139.35314227895478
0.0004906463033941085,1.4191929162670638e-07,1.4191928764227914e-07,-138.63174314302725
0.0004963303183663881,1.44392201307713e-07,1.443921972068694e-07,-137.9133319448226
0.0005020801812335405,1.469081965132428e-07,1.469081922925844e-07,-137.19789942731208
0.0005078966548269918,1.4946802779161332e-07,1.4946802344764942e-07,-136.4854363524652
0.0005137805108153833,1.5207245875695891e-07,1.5207245428609458e-07,-135.77593350123007
0.0005197325298069431,1.5472226633587798e-07,1.5472226173439617e-07,-135.06938167351407
0.0005257535014530512,1.5741824098168425e-07,1.5741823624577013e-07,-134.3657716881648
0.0005318442245530017,1.6016118691208824e-07,1.6016118203781309e-07,-133.66509438295043
0.0005380055071599788,1.6295192235083294e-07,1.629519173341531e-07,-132.9673406145409
0.000544238166688263,1.657912797703057e-07,1.6579127460706017e-07,-132.2725012584878
0.0005505430300216718,1.6868010613893525e-07,1.6868010082484282e-07,-131.58056720920644
0.0005569209336232695,1.7161926317335786e-07,1.7161925770401353e-07,-130.891529379955
0.0005633727236463321,1.7460962759530566e-07,1.7460962196617642e-07,-130.20537870281663
0.0005698992560466135,1.776520913932011e-07,1.7765208559962164e-07,-129.52210612867916
0.0005765013966958998,1.8074756208841467e-07,1.8074755612558267e-07,-128.84170262721614
0.0005831800214968849,1.8389696300616335e-07,1.8389695686913492e-07,-128.16415918686786
0.0005899360164993799,1.8710123355101775e-07,1.8710122723470272e-07,-127.48946681482137
0.000596770278017857,1.9036132948697935e-07,1.903613229861371e-07,-126.81761653699238
0.0006036837127503734,1.936782232221127e-07,1.9367821653134801e-07,-126.14859939800436
0.0006106772378988513,1.9705290409768326e-07,1.9705289721144302e-07,-125.48240646117077
0.0006177517812907733,2.0048637868178792e-07,2.0048637159435818e-07,-124.81902880847453
0.000624908281502269,2.0397967106743227e-07,2.0397966377293617e-07,-124.15845754054978
0.0006321476879826386,2.0753382317503476e-07,2.0753381566743163e-07,-123.50068377666183
0.000639470961180316,2.1114989505932126e-07,2.1114988733240638e-07,-122.84569865468845
0.0006468790726702895,2.1482896523748467e-07,2.1482895728483585e-07,-122.19349333110004
0.000654373005283004,2.185721310203681e-07,2.1857212283539156e-07,-121.54405898094048
0.000661953753234745,2.2238050881488916e-07,2.2238050039079712e-07,-120.89738679780834
0.0006696223222595505,2.2625523446848713e-07,2.262552257982921e-07,-120.25346799383692
0.000677379729742633,2.3019746360544173e-07,2.3019745468195254e-07,-119.6122937996755
0.0006852270048553602,2.3420837196979552e-07,2.3420836278561273e-07,-118.97385546446951
0.0006931651886917928,2.3828915577495055e-07,2.3828914632246036e-07,-118.33814425584158
0.0007011953344068058,2.4244103205989945e-07,2.4244102233126717e-07,-117.70515145987255
0.0007093185073558134,2.466652390520454e-07,2.466652290392079e-07,-117.07486838108122
0.0007175357852361013,2.509630365365669e-07,2.5096302623122516e-07,-116.4472863424065
0.0007258482582298146,2.55335706232293e-07,2.5533569562590405e-07,-115.82239668518653
0.0007342570291485832,2.5978455217403135e-07,2.5978454125780043e-07,-115.20019076914063
0.0007427632135798355,2.6431090110131986e-07,2.643108898661928e-07,-114.58065997234931
0.0007513679400348017,2.689161028535503e-07,2.6891609129020583e-07,-113.96379569123532
0.0007600723500982323,2.7360153077142547e-07,2.73601518870269e-07,-113.34958934054441
0.0007688775985798552,2.783685821047039e-07,2.7836856985586096e-07,-112.73803235332552
0.0007777848536675753,2.832186784261876e-07,2.8321866581949923e-07,-112.12911618091222
0.0007867952970824687,2.881532660519201e-07,2.8815325307693896e-07,-111.52283229290278
0.0007959101242355515,2.9317381646753513e-07,2.9317380311352275e-07,-110.91917217714136
0.0008051305443863792,2.982818267655561e-07,2.982818130214515e-07,-110.31812733969865
0.0008144577808034776,3.0347882012865565e-07,3.034788059830464e-07,-109.71968930485204
0.0008238930709266319,3.087663462458682e-07,3.087663316870273e-07,-109.12384961506707
0.0008334376665310618,3.1414598178138474e-07,3.1414596679723844e-07,-108.53059983097796
0.0008430928338934849,3.1961933084652473e-07,3.1961931542464615e-07,-107.93993153136782
0.0008528598539601242,3.251880254749182e-07,3.251880096025193e-07,-107.3518363131497
0.0008627400225166416,3.3085372610703663e-07,3.308537097709585e-07,-106.76630579134783
0.0008727346503600535,3.3661812208403056e-07,3.3661810527073234e-07,-106.18333159907755
0.0008828450634726325,3.424829321508026e-07,3.4248291484634904e-07,-105.60290538752618
0.0008930726031978239,3.484499049682611e-07,3.484498871583103e-07,-105.02501882593384
0.000903418626418206,3.545208196346916e-07,3.5452080130448115e-07,-104.44966360157446
0.0009138845057354962,3.6069748621618243e-07,3.60697467350516e-07,-103.87683141973605
0.0009244716296526683,3.6698174628605817e-07,3.669817268692921e-07,-103.30651400370147
0.0009351814027581484,3.733754734732367e-07,3.7337545348926687e-07,-102.73870309472939
0.0009460152459121761,3.7988057401947827e-07,3.798805534517273e-07,-102.17339045203501
0.000956974596435298,3.8649898734543804e-07,3.864989661768439e-07,-101.6105678527702
0.0009680609082990608,3.932326866254854e-07,3.932326648384905e-07,-101.05022709200486
0.0009792756523189126,4.000836793712143e-07,4.000836569477568e-07,-100.49235998270733
0.0009906203163493241,4.0705400802358687e-07,4.0705398494509314e-07,-99.9369583557256
0.0010020964054811964,4.141457505536641e-07,4.141457268010428e-07,-99.38401405976693
0.0010137054422415283,4.213610211092929e-07,4.21360996662816e-07,-98.83351896137958
0.0010254489667954154,4.2870197065530844e-07,4.287019454947131e-07,-98.28546494493324
0.0010373285371503814,4.361707875713394e-07,4.3617076167576445e-07,-97.73984391259941
0.0010493457293630783,4.4376969832447034e-07,4.437696716724425e-07,-97.19664778433257
0.001061502137748381,4.5150096812748863e-07,4.515009406969088e-07,-96.65586849785066
0.0010737993750909035,4.593669016102044e-07,4.5936687337833134e-07,-96.11749800861594
0.0010862390728589699,4.673698435038081e-07,4.673698144472401e-07,-95.58152828981532
0.0010988228814210546,4.755121793381714e-07,4.7551214943282596e-07,-95.04795133234147
0.0011115524702647404,4.837963361520178e-07,4.837963053731098e-07,-94.51675914477337
0.001124429528218206,4.922247832158703e-07,4.922247515378903e-07,-93.98794375335737
0.0011374557636742845,5.008000327676984e-07,5.008000001643884e-07,-93.4614972019872
0.0011506329048171125,5.095246407611689e-07,5.095246072054997e-07,-92.93741155218501
0.0011639626998514088,5.184012076264311e-07,5.184011730905787e-07,-92.4156788830825
0.0011774469172344064,5.274323790433381e-07,5.274323434986617e-07,-91.89629129140111
0.0011910873459104777,5.366208467270318e-07,5.366208101440513e-07,-91.37924089143281
0.0012048857955484658,5.459693492257923e-07,5.459693115741682e-07,-90.86451981502098
0.001218844096781776,5.554806727310837e-07,5.554806339795978e-07,-90.3521202115411
0.0012329641014512456,5.651576518997015e-07,5.65157612016241e-07,-89.84203424788129
0.0012472476828508257,5.750031706879358e-07,5.750031296394779e-07,-89.33425410842304
0.0012616967359761098,5.850201632091002e-07,5.850201209616352e-07,-88.8287719950222
0.0012763131777757417,5.952116146786635e-07,5.95211571197139e-07,-88.32558012698968
0.0012910989474057403,6.05580562224828e-07,6.055805174732016e-07,-87.82467074107153
0.0013060560064867594,6.161300958097358e-07,6.161300497509048e-07,-87.32603609143045
0.0013211863393643398,6.268633591513365e-07,6.268633117471143e-07,-86.8296684496258
0.0013364919533721696,6.377835506531107e-07,6.377835018641987e-07,-86.33556010459533
0.0013519748790983977,6.488939243520576e-07,6.48893874138015e-07,-85.84370336263453
0.0013676371706550288,6.601977908848168e-07,6.60197739204026e-07,-85.35409054737853
0.0013834809059504421,6.716985184718215e-07,6.716984652814521e-07,-84.86671399978201
0.0013995081869650704,6.833995339193575e-07,6.833994791753286e-07,-84.3815660781005
0.0014157211400302613,6.953043236394008e-07,6.953042672963413e-07,-83.89863915787055
0.0014321219161103815,7.074164346871327e-07,7.074163766983408e-07,-83.41792563189082
0.0014487126910881832,7.19739475815999e-07,7.197394161334022e-07,-82.93941791020308
0.0014654956660534774,7.322771185502072e-07,7.322770571243218e-07,-82.4631084200719
0.0014824730675951508,7.45033098274526e-07,7.450330350544185e-07,-81.98898960596634
0.0014996471480965673,7.580112153412905e-07,7.580111502745383e-07,-81.51705392954005
0.001517020186034388,7.71215336194476e-07,7.71215269227132e-07,-81.0472938696128
0.001534594486280862,7.846493945107362e-07,7.84649325587295e-07,-80.57970192214997
0.0015523723804096036,7.983173923572705e-07,7.983173214206365e-07,-80.11427060024447
0.0015703562270049272,8.122234013664251e-07,8.122233283578856e-07,-79.65099243409644
0.001588548411974758,8.263715640051925e-07,8.263714888641554e-07,-79.18985997099487
0.0016069513488671686,8.407660948172698e-07,8.407660174814657e-07,-78.73086577529752
0.001625567479190584,8.554112815991656e-07,8.554112020044904e-07,-78.27400242841223
0.001644399272737693,8.703114867131053e-07,8.703114047935771e-07,-77.81926252877723
0.0016634492279131218,8.854711483739862e-07,8.854710640616998e-07,-77.36663869184224
0.001682719872064885,9.008947819618918e-07,9.00894695186965e-07,-76.91612355004867
0.0017022137618196956,9.165869813600277e-07,9.165868920505448e-07,-76.46770975281068
0.0017219334834221484,9.325524203178826e-07,9.325523283998335e-07,-76.02138996649595
0.0017418816530778364,9.487958538394765e-07,9.487957592366912e-07,-75.5771568744062
0.0017620609173004422,9.653221195965092e-07,9.65322022230592e-07,-75.13500317675803
0.001782473953262846,9.821361393662547e-07,9.821360391565142e-07,-74.69492159066337
0.0018031234691523138,9.992429204940347e-07,9.99242817357415e-07,-74.25690485011071
0.0018240122045297797,1.01664755738009e-06,1.0166474512310992e-06,-73.82094570594525
0.0018451429306933092,1.034355232990714e-06,1.0343551237413545e-06,-73.38703692584986
0.0018665184510457643,1.0523712203934446e-06,1.0523711079531452e-06,-72.95517129432581
0.0018881416014667292,1.0707008843161828e-06,1.0707007685917298e-06,-72.52534161267376
0.0019100152506887455,1.0893496827300485e-06,1.0893495636255228e-06,-72.09754069897379
0.001932142300677906,1.1083231684558187e-06,1.1083230458725332e-06,-71.67176138806653
0.001954525687018853,1.127626990793777e-06,1.1276268646302184e-06,-71.24799653153407
0.001977168379304252,1.1472668972004293e-06,1.1472667673520716e-06,-70.82623899768025
0.002000073381528751,1.1672487351346622e-06,1.167248601493835e-06,-70.40648167151171
0.002023243732487528,1.1875784536391422e-06,1.187578316095096e-06,-69.98871745471823
0.002046682506179447,1.2082621051422562e-06,1.2082619635809923e-06,-69.57293926565396
0.002070392812214879,1.2293058472581044e-06,1.229305701562295e-06,-69.15914003931744
0.0020943777962282566,1.250715944602655e-06,1.2507157946515528e-06,-68.74731272733314
0.0021186406402954,1.2724987706454542e-06,1.272498616314797e-06,-68.33745029793143
0.0021431845633556887,1.2946608095966764e-06,1.2946606507585826e-06,-67.92954573592988
0.002168012821639107,1.3172086583292467e-06,1.3172084948521064e-06,-67.5235920427134
0.002193128709098252,1.3401490283358518e-06,1.3401488600842117e-06,-67.1195822362154
0.0022185355578453396,1.363488747720551e-06,1.3634885745549974e-06,-66.71750935089817
0.0022442367385942744,1.3872347632248013e-06,1.3872345850018398e-06,-66.31736643773418
0.00227023566110784,1.411394142287637e-06,1.4113939588595693e-06,-65.9191465641861
0.002296535774650069,1.4359740751397748e-06,1.435973886354576e-06,-65.52284281418768
0.002323140568443864,1.4609818769314256e-06,1.4609816826326226e-06,-65.12844828812487
0.0023500535721338958,1.486424989893546e-06,1.4864247899200945e-06,-64.735956102816
0.002377278356254892,1.5123109855323492e-06,1.5123107797185157e-06,-64.34535939149276
0.002404818532705333,1.538647566856781e-06,1.5386473550320262e-06,-63.956651303780944
0.002432677755226641,1.5654425706387811e-06,1.5654423526276478e-06,-63.56982500568132
0.0024608597198879224,1.592703969706064e-06,1.5927037453280708e-06,-63.18487367954973
0.00248936816557632,1.6204398754177055e-06,1.6204396444867812e-06,-62.8017905240783
0.0025182068744930494,1.6486585400930418e-06,1.6486583024178586e-06,-62.42056875427618
0.002547379672655191,1.6773683593029033e-06,1.6773681146865176e-06,-62.041201601450126
0.00257689043040327,1.7065778744331048e-06,1.7065776226728123e-06,-61.66368231318495
0.002606743062914744,1.7362957751956939e-06,1.7362955160828782e-06,-61.288004153324856
0.002636941530723424,1.7665309021899228e-06,1.7665306355098897e-06,-60.91416040195344
0.002667489840244916,1.7972922495126204e-06,1.7972919750444217e-06,-60.542144355374994
0.002698392044308152,1.8285889674176451e-06,1.8285886849338934e-06,-60.17194932609487
0.0027296522426930726,1.8604303650240953e-06,1.8604300742907685e-06,-59.80356864280034
0.0027612745826745533,1.8928259130729526e-06,1.8928256138491924e-06,-59.43699565034113
0.0027932632595726076,1.9257852467318126e-06,1.925784938769719e-06,-59.07222370971049
0.0028256225173089846,1.9593181684473912e-06,1.959317851491808e-06,-58.70924619802545
0.0028583566489702094,1.9934346508454866e-06,1.9934343246337905e-06,-58.3480565085078
0.002891469997377143,2.0281448396780484e-06,2.0281445039399303e-06,-57.98864805046495
0.002924966955661141,2.063459056817041e-06,2.063458711274293e-06,-57.631014249270336
0.002958851967846888,2.099387803294771e-06,2.099387447661066e-06,-57.27514854634419
0.002993129529441993,2.1359417623903507e-06,2.135941396371037e-06,-56.92104439913429
0.0030278041880333908,2.173131802761974e-06,2.1731314260538597e-06,-56.5686952810969
0.0030628805438906778,2.210968981624654e-06,2.2109685939158086e-06,-56.218094681677044
0.0030983632505764266,2.2494645480131205e-06,2.249464148982427e-06,-55.869236106289556
0.00313425701556357,2.288629946383062e-06,2.288629535699827e-06,-55.52211307629971
0.0031705666008599405,2.328476819702684e-06,2.3284763970266973e-06,-55.176719129003956
0.0032072968236400426,2.3690170129534664e-06,2.369016577934556e-06,-54.83304781761032
0.0032444525568841418,2.4102625766425645e-06,2.410262128920336e-06,-54.49109271121977
0.0032820387300247734,2.452225770341609e-06,2.4522253095451604e-06,-54.15084739480615
0.0033200603296007097,2.494919066294487e-06,2.4949185920421112e-06,-53.812305469197554
0.0033585223999185315,2.5383551530937737e-06,2.5383546649926388e-06,-53.47546055105674
0.0033974300437218546,2.582546939425251e-06,2.582546437071071e-06,-53.14030627286162
0.003436788422868304,2.6275075578801033e-06,2.6275070408567916e-06,-52.80683628288653
0.003476602759014339,2.673250368834309e-06,2.673249836713624e-06,-52.475044245182424
0.0035168783343080003,2.719788964394778e-06,2.7197884167359587e-06,-52.14492383955802
0.0035576204920897076,2.767137172411802e-06,2.7671366087611954e-06,-51.81646876155984
0.003598834637601134,2.815309060557263e-06,2.8153084804479473e-06,-51.48967272245393
0.0036405262387023333,2.864318940468273e-06,2.8643183434196773e-06,-51.16452944920559
0.003682700826597152,2.9141813719556872e-06,2.9141807574732093e-06,-50.84103268446059
0.003725363996567053,2.9649111672770634e-06,2.9649105348516883e-06,-50.519176186525854
0.0037685214087134393,3.016523395473614e-06,3.016522744581534e-06,-50.19895372935027
0.0038121787887085714,3.069033386770667e-06,3.0690327168729033e-06,-49.88035910250497
0.0038563419285552055,3.1224567370412368e-06,3.1224560475832704e-06,-49.56338611116436
0.0039010166873549934,3.176809312584569e-06,3.176808602995138e-06,-49.248028576086966
0.00394620899208582,3.2321072549303698e-06,3.232106524621795e-06,-48.93428033359573
0.0039919248383881315,3.2883669852392946e-06,3.288366233606721e-06,-48.62213523555917
0.00403817029136037,3.3456052093079396e-06,3.345604435728839e-06,-48.31158714937175
0.0040849514863636315,3.403838922454945e-06,3.40383812628863e-06,-48.00262995793489
0.004132274629835633,3.4630854145020578e-06,3.4630845950891685e-06,-47.695257559637284
0.004180146000114138,3.523362274850947e-06,3.52336143151291e-06,-47.38946386833597
0.004228571948269872,3.5846873976550704e-06,3.5846865296935335e-06,-47.0852428133368
0.004277558898949134,3.6470789870859856e-06,3.647078093782224e-06,-46.78258833937549
0.0043271133512261485,3.710555562693461e-06,3.7105546433077715e-06,-46.481494406597974
0.004377241879465291,3.775135964858717e-06,3.77513501862979e-06,-46.1819549905412
0.0044279511341933095,3.840839360340163e-06,3.84083838648444e-06,-45.88396408211382
0.0044792478429816415,3.907685247910985e-06,3.907684245622002e-06,-45.587515687577266
0.00453113881133896,3.975693464087916e-06,3.975692432535641e-06,-45.292603828526005
0.004583630923614067,4.04488418895062e-06,4.044883127280781e-06,-44.999222541868164
0.004636731143909218,4.115277952050875e-06,4.11527685938428e-06,-44.707365879806964
0.004690446517004056,4.186895638411121e-06,4.186894513842976e-06,-44.417027909820604
0.004744784169290239,4.259758494611567e-06,4.259757337210801e-06,-44.12820271464342
0.004799751309716894,4.3338881349652775e-06,4.3338869437738585e-06,-43.840884392246515
0.004855355230747025,4.409306547826455e-06,4.409305321858353e-06,-43.55506705581862
0.004911603309324995,4.486036102581696e-06,4.48603484082157e-06,-43.270744833746384
0.00496850300785524,4.564099555735601e-06,4.564098257138822e-06,-42.987911869595486
0.005026061875192275,4.6435200576252474e-06,4.643518721116637e-06,-42.70656232209113
0.005084287547642214,4.724321159271179e-06,4.7243197837441855e-06,-42.42669036509894
0.005143187749975875,4.806526819245383e-06,4.806525403561188e-06,-42.14829018760553
0.005202770296453615,4.89016141067269e-06,4.890159953659293e-06,-41.87135599369931
0.005263043091862047,4.975249728364707e-06,4.9752482288159564e-06,-41.59588200255095
0.0053240141325627596,5.061816996085353e-06,5.061815452759927e-06,-41.321862448394526
0.005385691507553212,5.149888873947139e-06,5.149887285567511e-06,-41.049291580507834
0.0054480833995398615,5.239491465937125e-06,5.239489831188479e-06,-40.77816366319319
0.0055111980860237855,5.330651327571871e-06,5.330649645100996e-06,-40.50847297575849
0.005575043940398843,5.423395473680296e-06,5.423393742094454e-06,-40.24021381249746
0.005639629433062573,5.517751386313605e-06,5.517749604179376e-06,-39.97338048267049
0.005704963132539955,5.613747022781358e-06,5.61374518862346e-06,-39.70796731048544
0.005771053706620193,5.711410823812769e-06,5.71140893611287e-06,-39.443968635078505
0.005837909923506658,5.810771721842354e-06,5.81076977903787e-06,-39.1813788104945
0.005905540652980188,5.91185914941896e-06,5.911857149901838e-06,-38.920192205667874
0.0059739548675758,6.014703047737292e-06,6.014700989852789e-06,-38.66040320440343
0.006043161643773096,6.119333875291064e-06,6.119331757336529e-06,-38.402006205356955
0.006113170163200427,6.225782616975026e-06,6.225780437197357e-06,-38.144995622015834
0.006183989713853022,6.33408079366725e-06,6.334078550262313e-06,-37.88936588268001
0.006255629691325211,6.4442604705864655e-06,6.444258161697617e-06,-37.63511143044246
0.006328099600056937,6.556354267006436e-06,6.556351890722823e-06,-37.38222672317011
0.006401409054594722,6.67039536573319e-06,6.67039292008824e-06,-37.13070623348433
0.006475567780867199,6.786417522744966e-06,6.786415005714797e-06,-36.88054444874175
0.006550585617475454,6.9044550770165876e-06,6.90445248651835e-06,-36.63173587101508
0.006626472516998318,7.02454296052689e-06,7.024540294417036e-06,-36.384275017073655
0.00670323854731276,7.14671670844797e-06,7.146713964520463e-06,-36.138156418364275
0.006780893892929593,7.271012469514954e-06,7.271009645499418e-06,-35.8933746209917
0.006859448856344637,7.397467016574986e-06,7.3974641101348e-06,-35.649924185699746
0.006938913859405579,7.526117757314278e-06,7.526114766044615e-06,-35.40779968785158
0.007019299444694586,7.657002745161621e-06,7.656999666587452e-06,-35.16699571741063
0.0071006162769270175,7.790160690367493e-06,7.790157521941542e-06,-34.92750687892137
0.0071828751443662985,7.925630971257166e-06,7.92562771035783e-06,-34.68932779149001
0.007266086960255192,8.063453645656654e-06,8.063450289585882e-06,-34.45245308876498
0.007350262764263656,8.203669462490173e-06,8.203666008471337e-06,-34.216877418917825
0.0074354137239534684,8.346319873547932e-06,8.346316318723652e-06,-33.98259544462404
0.007521551136259819,8.491447045422741e-06,8.491443386852699e-06,-33.74960184304356
0.00760868642899009,8.639093871628232e-06,8.639090106286698e-06,-33.51789130580149
0.007696831162339942,8.789303985929341e-06,8.78930011070079e-06,-33.287458538968956
0.007785997030427021,8.942121774615426e-06,8.942117786294415e-06,-33.05829826304379
0.007876195862842411,9.09759238901074e-06,9.0975882842982e-06,-32.83040521293104
0.007967439626220053,9.255761758856711e-06,9.255757534357353e-06,-32.60377413792403
0.008059740425824358,9.416676605558188e-06,9.416672257777775e-06,-32.37839980168461
0.008153110507156195,9.580384455685513e-06,9.580379981028025e-06,-32.154276982224495
0.008247562257577529,9.74693365473095e-06,9.74692904949561e-06,-31.931400471885322
0.008343108207954794,9.916373381117228e-06,9.91636864149544e-06,-31.709765077319762
0.008439761034321402,1.0088753660456767e-05,1.0088748782528929e-05,-31.48936561947204
0.008537533559559437,1.026412538005952e-05,1.0264120359791756e-05,-31.27019693355894
0.008636438755100877,1.0442540303687744e-05,1.044253513692853e-05,-31.05225386905017
0.008736489742648505,1.0624051086555888e-05,1.062404576903259e-05,-30.835531289649165
0.008837699795916743,1.0808711290573596e-05,1.080870581788894e-05,-30.620024073273978
0.008940082342392706,1.0996575399830397e-05,1.0996569767458836e-05,-30.40572711203777
0.009043650965117578,1.1187698836319785e-05,1.1187693039603834e-05,-30.1926353122296
0.009148419404488687,1.138213797590132e-05,1.1382132010047783e-05,-29.980743594295195
0.009254401560082434,1.1579950164498619e-05,1.157994402457479e-05,-29.77004689281773
0.009361611492498348,1.1781193734531602e-05,1.1781187415461388e-05,-29.560540156498245
0.009470063425224495,1.1985928021581149e-05,1.1985921518141157e-05,-29.3522183481366
0.009579771746524496,1.2194213381509934e-05,1.2194206688324046e-05,-29.145076444612076
0.009690751011346406,1.2406111209340716e-05,1.240610432087505e-05,-28.939109436864335
0.009803015943253755,1.2621683955399078e-05,1.2621676865959264e-05,-28.73431232987369
0.009916581436378845,1.2840995143674443e-05,1.2840987847400006e-05,-28.53068014264225
0.0100314625573988,1.3064109390192846e-05,1.3064101881052542e-05,-28.328207908174296
0.010147674547534435,1.3291092421527297e-05,1.3291084693314218e-05,-28.126890673457268
0.010265232824572305,1.3522011093660004e-05,1.3522003139986521e-05,-27.926723499442232
0.010384152984910175,1.3756933411193685e-05,1.3756925225486163e-05,-27.727701461024797
0.010504450805626172,1.3995928546909656e-05,1.3995920122403002e-05,-27.5298196470257
0.010626142246571971,1.4239066861670038e-05,1.4239058191402093e-05,-27.333073160171622
0.010749243452490113,1.4486419924661331e-05,1.4486411001467043e-05,-27.137457117075744
0.010873770755155962,1.4738060533977106e-05,1.473805135048259e-05,-26.942966648218516
0.010999740675544422,1.4994062737537014e-05,1.4994053286153434e-05,-26.749596897928573
0.01112716992602177,1.5254501854339628e-05,1.5254492127256923e-05,-26.55734302436318
0.011256075412562877,1.551945449604663e-05,1.551944448522712e-05,-26.366200199488997
0.011386474236994097,1.5788998588895474e-05,1.5788988286067324e-05,-26.176163609062847
0.011518383699262214,1.60632133959385e-05,1.606320279258904e-05,-25.987228452612527
0.01165182129972954,1.6342179539605277e-05,1.6342168626974228e-05,-25.799389943417253
0.011786804741495729,1.6625979024586197e-05,1.6625967793658755e-05,-25.61264330848863
0.01192335193274643,1.6914695261034357e-05,1.6914683702534194e-05,-25.426983788551237
0.012061480989129144,1.720841308892892e-05,1.7208401193307368e-05,-25.242406638023393
0.012201210236156638,1.7507218803813806e-05,1.750720656124431e-05,-25.05890712499777
0.012342558211638164,1.78112001791239e-05,1.781118757949413e-05,-24.87648053122214
0.012485543668138855,1.8120446492196147e-05,1.8120433525099123e-05,-24.695122152080337
0.012630185575467674,1.843504854963759e-05,1.8435035204363342e-05,-24.514827296572502
0.012776503123194045,1.8755098713107623e-05,1.8755084978634456e-05,-24.335591287296214
0.012924515723193775,1.9080690925582034e-05,1.9080676790567515e-05,-24.15740946042691
0.013074243012224412,1.9411920738094886e-05,1.941190619086648e-05,-23.980277165698837
0.013225704854530436,1.9748885336954872e-05,1.97488703655003e-05,-23.80418976638554
0.013378921344478644,2.009168357143209e-05,2.0091668163389344e-05,-23.62914263928077
0.01353391280922404,2.0440415981912068e-05,2.0440400124559185e-05,-23.455131174679067
0.013690699811406694,2.0795184828513243e-05,2.0795168508757732e-05,-23.282150776356538
0.013849303151879681,2.1156094120163915e-05,2.115607732453196e-05,-23.1101968615515
0.014009743872468783,2.1523249644135595e-05,2.152323235876098e-05,-22.939264860945233
0.014172043258764085,2.1896758996028725e-05,2.1896741206641452e-05,-22.76935021864274
0.014336222842943917,2.227673161020734e-05,2.227671330212207e-05,-22.600448392153407
0.014502304406631522,2.2663278790678693e-05,2.266325994878289e-05,-22.43255485237172
0.014670309983784801,2.3056513742414716e-05,2.305649435115657e-05,-22.26566508355791
0.0148402618636196,2.345655160311137e-05,2.345653164648748e-05,-22.099774583318858
0.015012182593566719,2.3863509475382033e-05,2.3863488936924895e-05,-21.93487886258854
0.015186094982263339,2.4277506461402484e-05,2.4277485324160337e-05,-21.770973445608984
0.015362022102579007,2.469866369717045e-05,2.4698641943700918e-05,-21.608053869910847
0.015539987294676703,2.512710438435615e-05,2.5127081996708965e-05,-21.44611568629419
0.015720014169109373,2.5562953826261406e-05,2.5562930785963848e-05,-21.2851544588091
0.01590212660995231,2.600633946292641e-05,2.6006315750968413e-05,-21.125165764736472
0.016086348777971906,2.645739090689498e-05,2.6457366503713623e-05,-20.966145194568693
0.016272705113830953,2.691623997963537e-05,2.691621486509888e-05,-20.80808835199047
0.016461220341331236,2.738302074861233e-05,2.7382994902003487e-05,-20.650990853859366
0.01665191947069362,2.785786956500453e-05,2.7857842965003594e-05,-20.49484833018658
0.01684482780187613,2.8340925102062696e-05,2.8340897726729776e-05,-20.339656424117663
0.017039970927930494,2.883232839410266e-05,2.883230022085958e-05,-20.185410791913277
0.017237374738397555,2.9332222876128865e-05,2.933219388174054e-05,-20.032107102929835
0.01743706542274201,2.9840754424082622e-05,2.9840724584637925e-05,-19.879741039600244
0.017639069473827016,3.035807139571036e-05,3.0358040686602507e-05,-19.728308297414646
0.017843413691428892,3.088432467204606e-05,3.088429306795252e-05,-19.577804584901045
0.01805012518579269,3.141966769950346e-05,3.141963517436539e-05,-19.4282256236061
0.018259231381228886,3.196425653257252e-05,3.196422305957374e-05,-19.279567148075802
0.01847076001975175,3.251824987711464e-05,3.251821542866018e-05,-19.131824905836176
0.01868473916475986,3.3081809134251995e-05,3.308177368194613e-05,-18.984994657374113
0.01890119720475925,3.365509844486002e-05,3.365506195948335e-05,-18.839072176117828
0.019120162857129763,3.4238284738204416e-05,3.423824718968085e-05,-18.69405324841783
0.01934166517193486,3.483153777769732e-05,3.483149913508073e-05,-18.549933673527445
0.019565733535775766,3.54350302060706e-05,3.543499043751465e-05,-18.406709263583725
0.01979239767569014,3.604893759463663e-05,3.604889666736913e-05,-18.264375843587906
0.020021687663095953,3.667343849175289e-05,3.667339637204935e-05,-18.122929251386395
0.020253633917781056,3.730871447218167e-05,3.7308671125337835e-05,-17.982365337651245
0.020488267211938915,3.795495018733725e-05,3.795490557764071e-05,-17.842679965860995
0.020725618674251257,3.861233341641385e-05,3.861228750711477e-05,-17.70386901228137
0.020965719794017745,3.928105511838613e-05,3.928100787166698e-05,-17.565928365945982
0.021208602425333737,3.9961309484875436e-05,3.996126086181989e-05,-17.428853928637007
0.021454298791316346,4.065329399387441e-05,4.0653243954435305e-05,-17.29264161486595
0.02170284148837945,4.13572094643222e-05,4.135715796728862e-05,-17.157287351854354
0.02195426349055824,4.207326011152347e-05,4.2073207114486926e-05,-17.022787079514416
0.02220859815388389,4.280165360340303e-05,4.280159906272278e-05,-16.88913675042985
0.022465879220808838,4.3542601117589574e-05,4.354254498835706e-05,-16.756332329836557
0.02272614082468348,4.4296317399320914e-05,4.429625963532334e-05,-16.624369795603155
0.02298941749428449,4.506302082016243e-05,4.5062961373845464e-05,-16.493245138211975
0.023255744158395823,4.584293343753294e-05,4.584287225996258e-05,-16.36295436073959
0.023525156150442688,4.663628105502931e-05,4.663621809585292e-05,-16.23349347883758
0.0237976892131792,4.7443293283565124e-05,4.744322849097066e-05,-16.10485852071324
0.02407337950343036,4.8264203608240196e-05,4.82641369289008e-05,-15.977045527110285
0.024352263596888933,4.909924945107163e-05,4.909918083011846e-05,-15.850050551289582
0.024634378492968043,4.99486722330292e-05,4.994860161399959e-05,-15.723869659009834
0.0249197616197097,5.08127174416347e-05,5.0812644766426706e-05,-15.59849892850826
0.02520845083875046,5.1691634697443444e-05,5.1691559906268996e-05,-15.473934450481474
0.025500484450344495,5.258567782172733e-05,5.258560085306358e-05,-15.35017232806593
0.025795901198444864,5.349510490534895e-05,5.349502569588819e-05,-15.227208676818908
0.026094740275843645,5.442017837881681e-05,5.442009686341465e-05,-15.105039624699002
0.026397041329371616,5.536116508351008e-05,5.5361081195132155e-05,-14.98366131204699
0.026702844465158262,5.631833634406382e-05,5.6318250013730806e-05,-14.863069891566399
0.0270121902539525,5.72919680419024e-05,5.7291879198633504e-05,-14.743261528304432
0.02732511973650526,5.828234068991196e-05,5.828224926066678e-05,-14.624232399632408
0.02764167442901435,5.928973950824079e-05,5.9289645417859675e-05,-14.50597869522673
0.027961896328632347,6.0314454501217056e-05,6.031435767235979e-05,-14.388496617049407
0.028285827919038373,6.135678053537365e-05,6.135668088845652e-05,-14.271782379328855
0.02861351217607436,6.241701741856898e-05,6.241691487170047e-05,-14.155832208540602
0.028944992573446623,6.349546998019388e-05,6.349536444910848e-05,-14.04064234338805
0.0292803130884936,6.45924481524542e-05,6.459233955044491e-05,-13.926209034783
0.029619518208020126,6.570826705271698e-05,6.570815529056603e-05,-13.812528545826616
0.029962652934199602,6.684324706691197e-05,6.684313205282005e-05,-13.699597151789922
0.030309762790544374,6.799771393903854e-05,6.799759557853031e-05,-13.587411140094689
0.03066089382794532,6.917199886015475e-05,6.917187705602399e-05,-13.475966810293986
0.031016092630781394,7.036643855008826e-05,7.036631320231082e-05,-13.365260474053038
0.031375406323099916,7.158137535040683e-05,7.158124635605935e-05,-13.25528845512983
0.03173888257486864,7.281715731489146e-05,7.281702456806842e-05,-13.146047089355845
0.032106569608299905,7.407413830158768e-05,7.407400169331569e-05,-13.037532724616819
0.03247851620424836,7.535267806643923e-05,7.535253748458861e-05,-12.929741720833423
0.03285477170868269,7.665314235848694e-05,7.665299768768045e-05,-12.822670449941956
0.03323538603923231,7.797590301661871e-05,7.797575413813753e-05,-12.716315295875102
0.03362040969180993,7.932133806785468e-05,7.932118485954156e-05,-12.610672654542597
0.03400989374731075,8.06898318271532e-05,8.068967416331297e-05,-12.505738933811967
0.0344038898783895,8.2081774998723e-05,8.208161275002001e-05,-12.40151055348919
0.03480245035631562,8.349756477882388e-05,8.349739781217684e-05,-12.297983945299556
0.0352056280579082,8.49376049600444e-05,8.493743313851819e-05,-12.195155552868156
0.03561347647255108,8.640230603703903e-05,8.640212921973382e-05,-12.093021831700787
0.03602604970928925,8.789208531370995e-05,8.789190335564729e-05,-11.991579249164555
0.036443402504007495,8.94073670118193e-05,8.940717976382541e-05,-11.890824284468646
0.03686559022669216,9.094858238101589e-05,9.094838968960206e-05,-11.790753428644994
0.03729266888877703,9.251616981026178e-05,9.251597151750179e-05,-11.691363184529008
0.03772469515057448,9.411057494064362e-05,9.411037088404816e-05,-11.59265006674028
0.03816172632879235,9.57322507822078e-05,9.57320407945775e-05,-11.494610601663355
0.03860382040413827,9.738165784078832e-05,9.73814417500822e-05,-11.397241327428315
0.0390510360290119,9.905926422501502e-05,9.905904185422156e-05,-11.300538793891636
0.03950343253528632,0.00010076554577128646,0.00010076531693827353,-11.204499562616789
0.03996106994217954,0.00010250098616645027,0.0001025007506838191,-11.109120206855021
0.040424008964217197,0.00010426607707170081,0.00010426583474663503,-11.014397311526023
0.04089231101928768,0.0001060613182485445,0.00010606106888265454,-10.92032747319867
0.04136603823679015,0.0001078872176868104,0.00010788696107597297,-10.826907300071712
0.04184525346587742,0.00010974429173468651,0.00010974402766887933,-10.734133411954506
0.04233002028379401,0.00011163306523075738,0.00011163279349388889,-10.642002440247715
0.042820403004311,0.0001135540716380234,0.00011355379200775762,-10.550511027924026
0.04331646668625842,0.0001155078531798791,0.00011550756542745547,-10.459655829508861
0.043818277142156574,0.00011749496097802868,0.0001174946648680769,-10.36943351106109
0.044325900946947536,0.00011951595519231864,0.00011951565048266824,-10.279840750153705
0.04483940544682732,0.00012157140516246207,0.00012157109160394716,-10.190874235854618
0.045358858768180854,0.00012366188955163787,0.00012366156688789636,-10.102530668707303
0.04588432982662025,0.00012578799649193954,0.00012578766445920744,-10.014806760711501
0.046415888336127774,0.00012795032373165294,0.0001279499820585531,-9.927699235303999
0.04695360481830478,0.00013014947878434169,0.0001301491271916674,-9.84120482733927
0.04749755061172777,0.00013238607907971827,0.00013238571728021127,-9.755320283070242
0.04804779788141282,0.00013466075211628656,0.0001346603798144088,-9.670042360128965
0.04860441962838982,0.00013697413562728687,0.00013697375251893565,-9.58536782750733
0.049167489699387265,0.00013932687773871957,0.0001393264835110404,-9.501293465537817
0.049737082796629584,0.00014171963712127021,0.00014171923145238024,-9.417816065874172
0.050313274487747854,0.00014415308315879227,0.0001441526657175237,-9.334932431472133
0.05089614121580528,0.00014662789611285572,0.0001466274665584909,-9.252639376570128
0.051485760309438904,0.00014914476728994648,0.00014914432527194483,-9.170933726670013
0.05208220999311864,0.00015170439921128627,0.0001517039443690028,-9.089812318517756
0.052685569397525556,0.00015430750578524112,0.00015430703774763652,-9.009272000084168
0.05329591857004973,0.0001569548124822863,0.00015695433086762844,-8.92930963054558
0.053913338485410335,0.0001596470565124998,0.00015964656092805647,-8.849922080264635
0.05453791105639846,0.00016238498700554873,0.0001623844770472716,-8.771106230770895
0.05516971914474443,0.00016516936519314127,0.000165168840445341,-8.692858974741652
0.05580884657211104,0.00016800096459391073,0.00016800042462892283,-8.615177215982555
0.056455378131214075,0.0001708805712007015,0.00017088001557854325,-8.538057869408384
0.05710939959707194,0.00017380898367022572,0.00017380841193824362,-8.461497861023714
0.05777099773838504,0.00017678701351505775,0.00017678642520756565,-8.38549412790369
0.05844026032904758,0.00017981548529793923,0.00017981487993584683,-8.310043618174669
0.05911727615979243,0.00018289523682835847,0.00018289461391879038,-8.235143290994959
0.05980213504997094,0.00018602711936137743,0.00018602647839728215,-8.160790116535564
0.06049492785946923,0.00018921199779867227,0.0001892113382584215,-8.086981075960843
0.0611957465007625,0.0001924507508919423,0.00019245007223891276,-8.013713161409262
0.06190468395110901,0.0001957442714664267,0.00019574357314851117,-7.940983375974067
0.06262183426488553,0.00019909346662494844,0.00019909274807419365,-7.868788733684039
0.0633472925860651,0.00020249925795402747,0.00020249851858614634,-7.797126259484174
0.06408115516084004,0.00020596258174600696,0.00020596182095991529,-7.725992989216416
0.06482351935039074,0.00020948438921716838,0.0002094836063945073,-7.655385969600351
0.06557448364380263,0.00021306564672910803,0.00021306484123375215,-7.585302258213939
0.06633414767113256,0.00021670733601333078,0.00021670650719088136,-7.515738923474192
0.06710261221662668,0.00022041045439901406,0.0002204096015762773,-7.44669304461794
0.06787997923209167,0.0002241760150439016,0.00022417513752835176,-7.378161711682487
0.06866635185042028,0.00022800504716827694,0.00022800414424750394,-7.310142025486338
0.06946183439927407,0.000231898596291976,0.00023189766723311715,-7.242631097609954
0.07026653241492463,0.00023585772447439263,0.0002358567685235485,-7.175626050376396
0.0710805526562548,0.00023988351055743138,0.00023988252693906545,-7.109124016832098
0.07190400311892256,0.00024397705041136552,0.0002439760383276872,-7.0431221407275375
0.07273699304968843,0.00024813945718355087,0.00024813841581388155,-6.977617576497961
0.07357963296090972,0.00025237186154995696,0.00025237079005007964,-6.91260748924409
0.07443203464520153,0.00025667541196946445,0.00025667430947095513,-6.8480890547128555
0.07529431119026858,0.00026105127494088814,0.0002610501405504306,-6.784059459278084
0.07616657699390848,0.00026550063526268046,0.0002654994680613623,-6.720515899921226
0.0770489477791887,0.0002700246962952683,0.00027002349533785937,-6.657455584212053
0.07794154060979964,0.00027462468022598205,0.0002746234445401946,-6.59487573028938
0.07884447390558519,0.0002793018283474975,0.00027930055693313704,-6.532773566841778
0.07975786745825386,0.00028405740134787637,0.000284056093176116,-6.471146333088281
0.08068184244727095,0.00028889267955926987,0.00028889133357183486,-6.409991278759099
0.0816165214559357,0.0002938089632506648,0.00029380757835898347,-6.3493056640763275
0.0825620284876443,0.00029880757291065034,0.0002988061479949977,-6.289086759734672
0.08351848898234131,0.00030388984953333447,0.00030388838344195005,-6.22933184688214
0.08448602983316175,0.00030905715490802744,0.00030905564645620766,-6.17003821710078
0.08546477940326594,0.00031431087191262743,0.0003143093198817911,-6.111203172387343
0.0864548675428693,0.000319652404810647,0.0003196508079473741,-6.052824025134081
0.08745642560646982,0.00032508317955181747,0.0003250815365668601,-5.994898098109349
0.08846958647027436,0.0003306046440761991,0.0003306029536434648,-5.937422724438414
0.0894944845498275,0.0003362182686217457,0.0003362165293772521,-5.880395247584104
0.0905312558178444,0.00034192554603525095,0.00034192375657605067,-5.823813021327568
0.09158003782225015,0.0003477279920866144,0.00034772615096969125,-5.767673409748932
0.09264096970442827,0.0003536271457863663,0.00035362525152750053,-5.711973787208068
0.09371419221768036,0.00035962456970638245,0.0003596226207789853,-5.656711538325277
0.09479984774590017,0.0003657218503037313,0.0003657198451376486,-5.601884057961974
0.09589808032246307,0.00037192059824758263,0.0003719185352278663,-5.547488751201467
0.09700903564933519,0.0003782224487491196,0.00037822032621476665,-5.493523033329608
0.0981328611164036,0.0003846290618943882,0.00038462687813704664,-5.4399843298155455
0.09926970582103044,0.0003911421229800204,0.0003911398762426619,-5.386870076292404
0.10041972058783344,0.0003977633428517646,0.00039776103132732333,-5.334177718538023
0.10158305798869631,0.0004044944582614129,0.0004044920800912398,-5.281904712455637
0.10275987236300925,0.00041133723223278564,0.000411334785505318,-5.2300485240546415
0.10395031983814661,0.00041829345437870743,0.00041829093712795963,-5.178606629431229
0.1051545583501785,0.00042536494127252137,0.00042536235147653487,-5.127576514749194
0.10637274766482574,0.0004325535368059697,0.0004325508723852404,-5.0769556762205434
0.10760504939865503,0.0004398611125505774,0.00043985837136643825,-5.026741620086285
0.10885162704052011,0.0004472895681230271,0.0004472867479759841,-4.976931862597117
0.11011264597325308,0.0004548408315544516,0.0004548379301824722,-4.927523929994115
0.11138827349560407,0.00046251685966352304,0.0004625138747402762,-4.878515358489493
0.1126786788444383,0.00047031963843328537,0.0004703165675663321,-4.829903694247255
0.11398403321718698,0.00047825118339160037,0.0004782480241205331,-4.781686493363979
0.11530450979456149,0.0004863135399951591,0.0004863102897896893,-4.733861321849455
0.11664028376352854,0.0004945087840169348,0.0004945054402749282,-4.686425755607433
0.11799153234055144,0.0005028390219369994,0.0005028355819824562,-4.639377380416359
0.11935843479510294,0.000511306391336629,0.00051130285241761,-4.592713791910037
0.12074117247344691,0.0005199130612955753,0.0005199094205820704,-4.546432595558379
0.12213992882269945,0.000528661232792453,0.0005286574873741936,-4.500531406648092
0.12355488941516464,0.0005375531391081095,0.000537549285992322,-4.455007850263407
0.12498624197295649,0.0005465910462319346,0.0005465870823410336,-4.409859561266785
0.12643417639290178,0.0005557772532709711,0.0005557731754401928,-4.36508418427963
0.1278988847717354,0.0005651140928617847,0.0005651098978367582,-4.320679373662993
0.129380561431585,0.0005746039315849625,0.0005745996160192178,-4.276642793498288
0.13087940294575076,0.0005842491703821695,0.0005842447308345819,-4.232972117568026
0.13239560816478663,0.0005940522450028291,0.0005940476779347095,-4.18966502933648
0.1339293782428794,0.0006040156264343908,0.000604010928207076,-4.146719221930445
0.13548091666453807,0.0006141418213017781,0.0006141369881737193,-4.104132398119916
0.1370504292715878,0.0006244333723169926,0.000624428400440885,-4.061902270298827
0.13863812429048072,0.0006348928587137661,0.000634887744133603,-4.020026560465744
0.14024421235992046,0.0006455228966857477,0.0006455176353337939,-3.9785030002045554
0.14186890655880663,0.0006563261398281274,0.0006563207275218064,-3.9373293306652584
0.14351242243450582,0.0006673052795825856,0.0006672997120212822,-3.8965033025445774
0.1451749780314459,0.0006784630456854088,0.0006784573184471821,-3.856022676066764
0.14685679392004627,0.000689802206618699,0.0006897963151569044,-3.8158852209642236
0.14855809322597832,0.0007013255700644945,0.0007013195097043126,-3.7760887164583083
0.1502791016597696,0.0007130359833617412,0.0007130297492966116,-3.7366309512399596
0.15202004754674775,0.0007249363339659396,0.0007249299212538963,-3.697509723450469
0.15378116185733148,0.0007370295499113676,0.0007370229534712749,-3.658722840662172
0.15556267823767536,0.0007493186002757695,0.0007493118148834552,-3.6202681198591407
0.15736483304066512,0.0007618064956473478,0.0007617995159316323,-3.5821433874179527
0.15918786535727694,0.0007744962885939867,0.0007744891090326053,-3.5443464790883206
0.16103201704829495,0.0007873910741345251,0.0007873836890499414,-3.5068752399738945
0.1628975327764012,0.0008004939902120239,0.0008004863937671312,-3.469727524512889
0.16478466003863373,0.0008138082181688378,0.000813800404362549,-3.4329011964588494
0.16669364919922106,0.0008273369832234081,0.0008273289458861278,-3.396394128861357
0.16862475352280015,0.0008410835549486614,0.0008410752877376413,-3.360204204046722
0.17057822920801421,0.0008550512477518397,0.0008550427441464136,-3.3243293135987124
0.17255433542150517,0.0008692434213557143,0.0008692346746524115,-3.2887673583392525
0.17455333433229442,0.0008836634812953112,0.0008836544846025689,-3.2535162483091504
0.1765754911465671,0.0008983148794294445,0.0008983056256625662,-3.2185739027487945
0.17862107414285577,0.0009132011143879211,0.0009131915962638178,-3.183938250078871
0.18069035470763187,0.0009283257320762703,0.0009283159421079372,-3.149607227881091
0.1827836073713127,0.0009436923261676763,0.0009436822566585744,-3.115578782878866
0.18490110984468053,0.000959304538595396,0.0009592941816336821,-3.0818508709180628
0.18704314305572925,0.000975166060046485,0.0009751554074990914,-3.0484214569476804
0.18920999118693188,0.000991280630456586,0.0009912696739631406,-3.015288515000591
0.1914019417129456,0.0010076520395057114,0.0010076407704722944,-2.9824500281742305
0.19361928543874984,0.0010242841271147884,0.0010242725367075225,-2.9499039886112994
0.19586231653822586,0.0010411807839428317,0.0010411688630812973,-2.9176483974805287
0.19813133259318758,0.0010583459518846274,0.001058333691235102,-2.8856812649573222
0.20042663463285826,0.0010757836245686798,0.001075771014537195,-2.854000610204529
0.20274852717381137,0.001093497847855372,0.0010934848785805805,-2.822604461353101
0.20509731826036703,0.001111492720335068,0.001111479381680922,-2.7914908554828632
0.2074733195054638,0.0011297723938261109,0.0011297586753743424,-2.7606578386031626
0.20987684613199656,0.0011483410738724505,0.00114832696491485,-2.730103465633644
0.21230821701464003,0.001167203020240841,0.0011671885097713306,-2.6998258003849034
0.2147677547221525,0.0011863625474173747,0.00118634762412387,-2.6698229155392315
0.2172557855601695,0.0012058240251032184,0.001205808677359276,-2.6400928926313423
0.21977263961449767,0.0012255918787094338,0.0012255760945656783,-2.61063382202903
0.22231865079490354,0.0012456705898506362,0.0012456543570259643,-2.5814438029139484
0.2248941568794168,0.001266064696837439,0.0012660480027099923,-2.552520943262256
0.2274994995591394,0.0012867787951674166,0.0012867616267653232,-2.523863359825395
0.23013502448358092,0.0013078175380145326,0.0013077998820064105,-2.4954691781107345
0.23280108130651417,0.001329185636716791,0.0013291674794020088,-2.4673365323623364
0.23549802373236225,0.0013508878612611026,0.0013508691885598632,-2.4394635655416494
0.23822620956312768,0.001372929040749305,0.0013729098381921236,-2.41184842930821
0.2409860007458579,0.0013953140639236883,0.0013952943166406213,-2.384489284000369
0.24377776342066854,0.0014180478796176614,0.0014180275723279377,-2.357384298615995
0.24660186796931508,0.0014411354972188348,0.0014411146142196225,-2.3305316507931964
0.24945868906433474,0.0014645819871454383,0.0014645605123003505,-2.3039295267910194
0.25234860571875256,0.0014883924813183672,0.001488370398045694,-2.277576121470161
0.25527200133636335,0.001512572173628726,0.0015125494648893822,-2.2514696382737034
0.25822926376260125,0.0015371263204007396,0.001537102968685913,-2.225608289207795
0.2612207853359909,0.0015620602408497634,0.0015620362281682544,-2.1999902948223844
0.26424696294020295,0.0015873793175353486,0.0015873546254005875,-2.174613884191919
0.2673081980567041,0.00161308899680906,0.00161306360622579,-2.149477294896073
0.2704048968180254,0.0016391947892570096,0.0016391686807076238,-2.1245787730004335
0.2735374700616417,0.001665702270136828,0.0016656754235673515,-2.09991657303723
0.2767063333844761,0.0016926170798089468,0.001692589474614647,-2.075488957986064
0.27991190719804027,0.001719944924162068,0.00171991653917269,-2.0512941992545697
0.2831546167842063,0.0017476915750325429,0.0017476623884971484,-2.0273305766591885
0.2864348923516328,0.0017758628706176214,0.0017758328601890309,-2.0035963784058213
0.28975316909283594,0.0018044647158822692,0.0018044338586010883,-1.9800899010705932
0.29310988724193043,0.0018335030829595136,0.0018334713552377378,-1.956809449580524
0.2965054921330334,0.0018629840115440429,0.001862951389148229,-1.9337533371942577
0.2999404342593446,0.0018929136092789298,0.001892880067312921,-1.9109198854827882
0.3034151693329176,0.001923298052135361,0.0019232635650225614,-1.8883074243101352
0.306930158345114,0.0019541435847850804,0.0019541081262502615,-1.865914291814102
0.31048586762776753,0.0019854565209655307,0.001985420064016167,-1.843738834386938
0.31408276891504755,0.0020172432438373632,0.0020172057607444806,-1.8217794066561022
0.3177213394060478,0.002049510206334305,0.002049471668612839,-1.8000343714649225
0.32140206182809455,0.002082263931505083,0.002082224309893732,-1.7785020998533476
0.3251254245007875,0.0021155110128472884,0.0021154702772878528,-1.7571809710386461
0.32889192140078993,0.002149258114633068,0.0021492162342492747,-1.7360693723961114
0.3327020522273587,0.0021835119722263367,0.0021834689153021223,-1.7151656994397857
0.3365563224686445,0.0022182793923915083,0.0022182351263487724,-1.694468355803158
0.3404552434687494,0.002253567253477173,0.002253521744858416,-1.6739757532198933
0.34439933249557136,0.00228938250548281,0.0022893357199215356,-1.653686311504529
0.34838911280942786,0.002325732170749391,0.0023256840729457976,-1.6335984585331893
0.3524251137324744,0.00236262334403915,0.002362573897737253,-1.613710630224308
0.35650787071893447,0.0024000631927638427,0.002400012360726198,-1.59402127051933
0.36063792542613204,0.0024380589572123323,0.00243800670119414,-1.5745288313634278
0.3648158257863592,0.0024766179507638023,0.00247656423148638,-1.555231772686207
0.36904212607956366,0.0025157475600861763,0.0025156923372097804,-1.5361285623824321
0.37331738700689115,0.002555455245319754,0.0025553984774157232,-1.5172176762927176
0.3776421757650672,0.0025957485402456418,0.0025956901847678463,-1.4984975981842623
0.38201706612165204,0.002636635052438971,0.002636575065694547,-1.4799668197315474
0.38644263849116,0.002678122463406535,0.0026780608005258816,-1.4616238404970436
0.3909194800120603,0.002720218528708701,0.002720155143614722,-1.4434671679119477
0.39544818462467796,0.0027629310780654605,0.002762865923442031,-1.4254953172568592
0.4000293531499852,0.002806268015446231,0.0028062010427058618,-1.40770681164253
0.4046635933693186,0.002850237319143431,0.002850168478394121,-1.390100181990537
0.4093515201050065,0.002894847041829372,0.002894776281840619,-1.3726739670140347
0.4140937553019429,0.0029401053105965087,0.0029400325787644634,-1.355426713198432
0.41889092811009826,0.0029860203269806364,0.002985945569292376,-1.3383569747821187
0.42374367496798576,0.0030326003669669073,0.0030325235279638134,-1.321463313737191
0.42865263968710354,0.003079853780978545,0.0030797748037187577,-1.304744299750133
0.4336184735373417,0.003127788993847834,0.0031277078198677726,-1.288198510202564
0.4386418353333929,0.003176414504769447,0.0031763310740443615,-1.271824530151909
0.4437233915221502,0.0032257388872356163,0.0032256531381391687,-1.2556209523121578
0.4488638162711301,0.0032757707889529623,0.0032756826582158484,-1.2395863770345352
0.4540637915579117,0.0033265189316122245,0.0033264283542809906,-1.223719412288235
0.45932400726061134,0.003377992110778743,0.0033778990201708135,-1.2080186736411338
0.4646451612494148,0.0034301991958383365,0.0034301035234980525,-1.1924827842404877
0.47002795947915615,0.003483149129757154,0.0034830508054101376,-1.1771103747936589
0.47547311608298376,0.0035368509288814733,0.0035367498803878807,-1.1619000835488178
0.4809813534670964,0.0035913136827129726,0.003591209836019608,-1.1468505562756637
0.4865534024065914,0.003646546553659553,0.0036464398327508197,-1.131960446246126
0.49219000214241315,0.0037025587767612503,0.0037024491036089006,-1.1172284142150823
0.49789190047942483,0.0037593596593911306,0.0037592469539027874,-1.1026531284010777
0.5036598538856265,0.0038169585809310316,0.003816842760897452,-1.0882332644670183
0.509494627592507,0.003875364992421705,0.003875245973462754,-1.0739675055009048
0.5153969956965752,0.0039345884161874406,0.003934466111696747,-1.0598545419965224
0.5213677412620505,0.003994638445434636,0.003994512766522902,-1.0458930718341723
0.5274076564247593,0.004055524743824418,0.004055395599261343,-1.032081800261371
0.5335175424972236,0.004117257045018834,0.004117124341173633,-1.0184194398735642
0.5396982100749679,0.004179845152200497,0.004179708792980979,-1.004904710594849
0.5459504791440678,0.004243298937565589,0.00424315882435577,-0.9915363396586658
0.5522751791899284,0.004307628341789727,0.004307484373385933,-0.9783130615885351
0.5586731493073411,0.004372843373466815,0.004372695446012267,-0.9652336181787446
0.5651452383117962,0.004438954108520312,0.004438802115438144,-0.9522967584750835
0.571692304852103,0.0045059706895870435,0.0045058145215117335,-0.9395012387555322
0.578315217524303,0.004573903325360124,0.004573742870067175,-0.9268458225109923
0.5850148549869029,0.004642762289818533,0.004642597432152391,-0.9143292804259973
0.591792106077453,0.004712557921606611,0.004712388543407194,-0.901950390359406
0.5986478699304606,0.004783300623271536,0.00478312660329873,-0.8897079373251423
0.6055830560966864,0.0048550008604788825,0.004854822074335316,-0.8776007134728784
0.6125985846638048,0.004927669161206382,0.0049274854812583644,-0.8656275180687751
0.6196953863784812,0.005001316114904543,0.005001127410201138,-0.8537871574761644
0.6268744027698441,0.005075952371623595,0.005075758507813766,-0.8420784451362903
0.6341365862744052,0.005151588641106972,0.005151389480354764,-0.8305002015489963
0.6414829003624162,0.005228235691850909,0.005228031092748616,-0.8190512542534532
0.6489143196656867,0.005305904350130061,0.005305694167609347,-0.8077304378088657
0.6564318301068982,0.005384605498989208,0.005384389584230117,-0.7965365937751805
0.6640364290303951,0.005464350077200496,0.0054641282775383234,-0.7854685706938092
0.671729125334512,0.005545149078186515,0.005544921237016486,-0.7745252240683235
0.6795109396054141,0.005627013548908624,0.005626779505588333,-0.7637054163451842
0.6873829042525065,0.005709954588720786,0.005709714178470364,-0.7530080168944426
0.6953460636453993,0.005793983348188433,0.005793736401988375,-0.7424319019904552
0.7034014742524602,0.00587911102787233,0.00587885737235897,-0.7319759547925975
0.7115502047809847,0.0059653488770774555,0.005965088334436015,-0.7216390653259698
0.7197933363189697,0.006052708192566357,0.006052440580421535,-0.7114201304621223
0.7281319624785528,0.006141200317237323,0.0061409254485413865,-0.7013180538997479
0.7365671895410891,0.006230836638766547,0.006230554321684826,-0.6913317461454108
0.745100136603932,0.006321628588151943,0.006321338625944496,-0.6814601244942518
0.7537319357288981,0.006413587638279058,0.006413289829181795,-0.6717021130106959
0.762463732092453,0.006506725302493817,0.0065064194395954,-0.6620566425091762
0.7712966841376522,0.006601053133061311,0.0066007390041775745,-0.6525226505348306
0.7802319637278188,0.006696582719612887,0.006696260107158372,-0.6430990813442303
0.7892707563020258,0.006793325687554012,0.006792994368410571,-0.6337848858860713
0.7984142610323562,0.006891293696432392,0.006890953441814767,-0.6245790217819112
0.8076636909830068,0.006990498438266799,0.006990149013585134,-0.6154804533068577
0.8170202732712205,0.007090951635836182,0.0070905928005553795,-0.6064881513702934
0.8264852492300822,0.007192665040929179,0.007192296548425047,-0.5976010934965905
0.8360598745732174,0.007295650432554192,0.007295272029966309,-0.588818263805808
0.8457454195613741,0.007399919615109544,0.0073995310431907765,-0.5801386529944228
0.8555431691709604,0.007505484416514255,0.007505085409476854,-0.5715612583160198
0.8654544232645088,0.007612356686298803,0.0076119469716570244,-0.5630850835620297
0.8754804967631401,0.007720548293656446,0.0077201275920656155,-0.5547091390424149
0.8856227198210079,0.007830071125454571,0.007829639150546528,-0.5464324415663989
0.8958824380017646,0.007940937084206259,0.007940493542421132,-0.5382540144231738
0.9062610124570887,0.008053158086002214,0.008052702676416418,-0.5301728873626083
0.916759820107254,0.008166746058402534,0.008166278472552977,-0.5221880965759649
0.9273802538238193,0.008281712938288933,0.008281232859993309,-0.5142986846766061
0.9381237226144054,0.008398070669671834,0.008397577774844628,-0.5065037006807136
0.9489916518096403,0.00851583120141768,0.008515325157881627,-0.49880219998799374
0.959985483252252,0.008635006485013492,0.008634486952308097,-0.4911932443623918
0.9711066754883502,0.008755608472250829,0.008755075101435751,-0.48367590191280635
0.9823567039609457,0.008877649112866653,0.008877101546320904,-0.4762492470737955
0.99373706120568,0.009001140352147817,0.009000578223364539,-0.4689123605862969
1.0052492570488558,0.009126094128494834,0.009125517061871542,-0.4616643294783289
1.0168948188077285,0.00925252237094434,0.009251929981568558,-0.4545042470457134
1.0286752914931507,0.009380436996651167,0.0093798288900813,-0.4474312128327801
1.0405922380145323,0.009509849908329373,0.00950922568037079,-0.4404443326130836
1.0526472393872044,0.009640772991653161,0.009640132228129344,-0.4335427183701114
1.0648418949421667,0.009773218112617221,0.00977256038913587,-0.42672548827799467
1.0771778225382629,0.009907197114856865,0.009906521996570909,-0.41999176668223037
1.0896566587768355,0.010042721816928371,0.010042028858291738,-0.41334068408037605
1.102280059218837,0.010179804009549077,0.010179092754067151,-0.40677137710278
1.1150496986044898,0.010318455452798107,0.010317725432772769,-0.4002829884932771
1.1279672710754534,0.010458687873277106,0.010457938609546242,-0.3938746670899147
1.1410344903996033,0.010600512961231904,0.010599743962903318,-0.3875455678056547
1.154253090198388,0.010743942367634636,0.01074315313181423,-0.3812948516090861
1.1676248241768215,0.01088898770122669,0.010888177712740841,-0.3751216855051471
1.1811514663561604,0.011035660525522914,0.011034829256634938,-0.3690252425158199
1.194834811309247,0.011183972355774162,0.011183119265894445,-0.3630047016608616
1.2086766743986113,0.011333934655880262,0.011333059191269649,-0.3570592479384986
1.2226788920172946,0.011485558835291499,0.011484660428759421,-0.3511880723061535
1.2368433218325015,0.011638856245858866,0.011637934316454445,-0.3453903716611449
1.251171843032047,0.011793838178644572,0.011792892131341163,-0.3396653488214073
1.2656663565736612,0.011950515860695862,0.01194954508606895,-0.3340122125062003
1.2803287854372045,0.01210890045178207,0.012107904325680317,-0.32843017731681806
1.2951610748797686,0.012269003041094514,0.012267980924303876,-0.3229184637173072
1.3101651926937745,0.012430834643910512,0.012429785881811239,-0.3174762980151727
1.3253431294680158,0.012594406198220887,0.01259333012043727,-0.31210291234209325
1.340696898851769,0.012759728561322261,0.012758624481365,-0.30679754463463255
1.3562285378219345,0.012926812506373722,0.012925679721274749,-0.3015594386149485
1.3719401069532742,0.013095668718918523,0.01309450650885816,-0.2963878437715119
1.3878336906918045,0.013266307793371455,0.013265115421297742,-0.291282015339809
1.4039113976313184,0.013438740229471498,0.013437516940711564,-0.2862412142830627
1.4201753607931524,0.013612976428700997,0.013611721450564333,-0.28126470727293695
1.4366277379091517,0.013789026690670832,0.013787739232044299,-0.2763517666702547
1.4532707117079549,0.013966901209472738,0.01396558046040722,-0.27150167050570445
1.4701064902045673,0.014146610069998514,0.014145255201287009,-0.2667137024605558
1.487137306993288,0.01432816324422662,0.014326773406973687,-0.2619871518473713
1.504365421544061,0.014511570587476957,0.014510144912659341,-0.25732131359071475
1.5217931195022125,0.01469684183463331,0.014695379432651617,-0.2527154882078689
1.5394227129917128,0.014883986596343365,0.01488248655656444,-0.24816898178954105
1.5572565409218986,0.015073014355191363,0.015071475745480034,-0.2436811059805816
1.5752969692977963,0.015263934461816115,0.01526235632805914,-0.2392511779606892
1.593546391534011,0.015456756131026818,0.01545513749664635,-0.2348785204251268
1.6120072287722482,0.015651488437878537,0.01564982830333566,-0.23056246156543508
1.6306819302025497,0.01584814031372012,0.015846437656008384,-0.22630233505013786
1.6495729733881985,0.016046720542214617,0.016044974314343333,-0.2220974800054624
1.668682864594444,0.01624723775533379,0.016245446885800895,-0.21794724099604318
1.6880141391209793,0.01644970042932612,0.016447863821580384,-0.2138509680056414
1.7075693616383218,0.01665411688065988,0.016652233412552293,-0.20980801641785035
1.7273511265280568,0.01686049526194101,0.016858563785165134,-0.20581774699681082
1.7473620582270226,0.017068843557806614,0.017066862897327634,-0.2018795258679243
1.767604811575517,0.017279169580794902,0.017277138534267284,-0.19799272449855987
1.788082072169486,0.01749148096719138,0.01748939830436482,-0.19415671967877246
1.8087965567168485,0.01770578517285269,0.017703649634966272,-0.19037089350200806
1.829751013397893,0.0179220894690077,0.017919899768171942,-0.18663463334582273
1.850948222229904,0.018140400938037343,0.018138155756604032,-0.1829473318525877
1.872390995435959,0.01836072646923272,0.018358424459152232,-0.17930838691020712
1.894082177818048,0.01858307275453296,0.018580712536699014,-0.17571720163282573
1.9160246471344835,0.01880744628424261,0.0188050264478241,-0.17217318434154194
1.938221314481677,0.019033853342729327,0.019031372444489107,-0.16867574854512254
1.9606751246803813,0.0192623000041028,0.019259756567703276,-0.16522431292070894
1.9833890566663475,0.019492792127874543,0.019490184643169768,-0.16181830129453642
2.006366123885569,0.019725335354616794,0.019722662276931247,-0.15845714262263805
2.0296093746940436,0.01995993510163217,0.01995719485102244,-0.155140270971564
2.053121892762224,0.020196596558514034,0.020193787519019304,-0.15186712549908787
2.0769067974841167,0.02043532468277013,0.02043244520164729,-0.14863715043492084
2.100967244391115,0.020676124195409637,0.02067317258235338,-0.1454497950614255
2.1253064255706744,0.020918999576515898,0.020915974102863884,-0.14230451369432326
2.1499275700897686,0.021163955060806542,0.021160853958729343,-0.1392007656634112
2.1748339444233244,0.02141099463318305,0.02140781609485861,-0.13613801529326947
2.200028852887548,0.02166012202426895,0.021656864201041258,-0.1331157318839776
2.225515638078336,0.02191134070593865,0.021908001707460368,-0.1301333896918219
2.251297681314726,0.02216465388683645,0.02216123178019515,-0.12719046791001068
2.2773784030874786,0.022420064507886778,0.022416557316714606,-0.12428645064938627
2.303761263512904,0.02267757523779671,0.022673980941363102,-0.12142082691913328
2.3304497627918788,0.022937188468550373,0.022933505000837576,-0.11859309060749558
2.35744744167425,0.023198906310897088,0.023195131559658244,-0.11580274046248372
2.3847578819285515,0.02346273058983264,0.023458862395632097,-0.11304928007259052
2.4123847068172246,0.023728662840075535,0.02372469899531114,-0.1103322178474999
2.4403315815773015,0.023996704301537816,0.023992642549444915,-0.10765106699880012
2.4686022139066566,0.02426685591479154,0.024262693948428393,-0.10500534552069751
2.497200354455939,0.02453911831653196,0.02453485377774631,-0.10239457617072424
2.5261297973261283,0.02481349183503686,0.02480912231341339,-0.09981828645045478
2.5553943805719386,0.025089976485624235,0.025085499517412627,-0.0972760085862136
2.584997986710968,0.02536857196610729,0.025363985033130605,-0.09476727950979161
2.6149445432388294,0.02564927765224897,0.02564457818079212,-0.0922916408391533
2.6452380231501906,0.02593209259321538,0.02592727795289338,-0.08984863885915155
2.6758824454658554,0.02621701550705498,0.026212083009661578,-0.08743782450224048
2.706881875766003,0.026504044776222747,0.026498991674551945,-0.0850587533291837
2.7382404267295217,0.02679317844295535,0.026788001929607588,-0.08271098550977009
2.769962258679681,0.02708441420477363,0.02707911141093872,-0.08039408580352275
2.8020515801360335,0.02737774940995581,0.02737231740417327,-0.0781076235404134
2.834512648372799,0.02767318105301417,0.02766761683991136,-0.075851172601572
2.8673497699836563,0.0279707057701779,0.02796500628918552,-0.07362431140000002
2.9005673014530786,0.028270319834883286,0.028264481958927914,-0.07142662286128303
2.9341696497343492,0.028572019153272496,0.02856603968744575,-0.06925769440429978
2.9681612728341813,0.028875799259700113,0.02886967493990406,-0.06711711792193804
3.0025466804042074,0.029181655312249845,0.02917538280381829,-0.06500448976180302
3.0373304343392236,0.029489582088260243,0.029483157984555464,-0.06291941070693188
3.0725171493824637,0.029799573979861792,0.02979299480084642,-0.06086148595650331
3.108111493737786,0.030111624989524258,0.030104887180307904,-0.05883032510655209
3.144118189689043,0.030425728725616715,0.030418828654976884,-0.05682554213067829
3.180542014226568,0.030741878397979313,0.030734812356856375,-0.054846755360760543
3.2173877996809157,0.031060066813508206,0.031052831013473937,-0.052893587467669055
3.2546604343640104,0.03138028637175458,0.03137287694345395,-0.050965665441975117
3.2923648632176223,0.031702529060537235,0.0316949420521031,-0.04906262057466543
3.330506088469467,0.03202678645157096,0.03201901782701123,-0.047184088437851594
3.3690891702967907,0.03235304969610954,0.03234509533366648,-0.045329708865484306
3.408119227497752,0.03268130952060582,0.0326731652110872,-0.043499125934063965
3.4476014381705067,0.03301155622238806,0.03300321766746961,-0.04169198794335224
3.487541040400167,0.033343779665353596,0.03333524247585266,-0.03990794739708585
3.52794333295378,0.03367796927568137,0.03366922896980111,-0.03814666098368598
3.5688136759832596,0.03401411403756209,0.034005166039106166,-0.03640778955697276
3.6101574917365697,0.03435220248894877,0.03434304212550592,-0.03469099811687475
3.6519802652770346,0.03469222271732626,0.0346828452184246,-0.03299595579014308
3.6942875452110906,0.035034162355563704,0.035024562850797254,-0.03132233581106147
3.7370849444243945,0.03537800857778638,0.03536818209489378,-0.02966981550215904
3.780378140826461,0.03572374809509284,0.035713689558022545,-0.0280380762549228
3.8241728781039983,0.03607136715149098,0.036061071378427345,-0.02642680351050824
3.868474966482862,0.03642085151978547,0.0364103132211415,-0.024835686740452632
3.913290283498956,0.03677218649749152,0.03676140027386861,-0.023264419427385507
3.9586247747779364,0.03712535690277517,0.037114317242889466,-0.021712699045741895
4.004484454824076,0.03748034707042269,0.03746904834899744,-0.020180227042473676
4.050875407818175,0.03783714084783787,0.03782557732346143,-0.018666708817760756
4.09780378842473,0.03819572159106854,0.03818388740401749,-0.017171853705724757
4.145275822608518,0.03855607216086338,0.03854396133089021,-0.015695374955138987
4.1932978084605335,0.03891817491875793,0.03890578134284295,-0.01423698971014227
4.241876117033616,0.039282011723192366,0.039269329173259294,-0.0127964189909487
4.291017193187628,0.03964756392565952,0.039634586046254264,-0.01137338767456182
4.340727556444551,0.04001481236688563,0.04000153267281781,-0.00996762447548471
4.391013801853402,0.0403837373730427,0.040370149246989444,-0.008578861926432575
4.441882600865169,0.040754318751993715,0.04074041544206535,-0.0072068363590456095
4.493340702217968,0.04112653578957188,0.041112310406838874,-0.005851287884598809
4.545394932832328,0.04150036724589269,0.04148581276187352,-0.004511960374716336
4.598052198716984,0.04187579135170148,0.041860900595811,-0.0031886014420811726
4.651319485885023,0.042252785804754896,0.042237551461712555,-0.0018809624211488642
4.705203861280776,0.04263132776623869,0.04261574237343643,-0.0005887983488583908
4.75971247371736,0.04301139385722088,0.04299544980205003,0.0006881320546564108
4.814852554825083,0.04339296015514152,0.0433766496722783,0.0019500664053528972
4.87063142001092,0.04377600219033994,0.0437593173589892,0.0031972386745698195
4.9270564694289725,0.0441604949426187,0.044143427683715396,0.004429879208314141
4.984135188962321,0.04454641283784667,0.044528954911214565,0.005648214746549952
5.04187515121609,0.04493372974459955,0.0449158727460669,0.006852468442485648
5.100284016522189,0.04532241897084066,0.04530415432931223,0.008042859881863148
5.159369533955517,0.045712453260640336,0.04569377223512538,0.00921960510224453
5.219139542362104,0.04610380479093639,0.046084698467532284,0.01038291661230163
5.279601971399053,0.04649644516833472,0.04647690445716565,0.01153300341110334
5.3407648425865375,0.04689034542595109,0.04687036105806287,0.012670071007403113
5.40263627037208,0.04728547602056812,0.04726503854481966,0.013794321438928562
5.465224463207009,0.04768180682953142,0.04766090660931293,0.0149059532916679
5.528537724635559,0.04807930714742202,0.04805793435744744,0.01600516171915948
5.592584454396406,0.04847794568329028,0.048456090306303046,0.017092138461778587
5.657373149537137,0.04887769055772876,0.048855342381159655,0.0181670718660265
5.722912405541513,0.0492785092999935,0.049255657912570194,0.019230146903818524
5.789210917469797,0.04968036884517465,0.04965700363348254,0.020281545191770813
5.8562774811124,0.05008323553141783,0.05005934567641172,0.021321445010490298
5.924120994156722,0.050487075097194654,0.05046264957066082,0.02235002132386121
5.992750457367701,0.0508918526786252,0.05086688023959345,0.02336744579833461
6.06217497578184,0.05129753280685037,0.05127200199795569,0.024373886822214565
6.132403759915254,0.051704079405456974,0.05167797854925018,0.02536950952494829
6.203446126985591,0.05211145578795397,0.05208477298316119,0.026354475796413156
6.2753115021481,0.05251962465530112,0.052492347773031474,0.027328944306204212
6.3480094197461545,0.05292854809349121,0.052900664773392246,0.028293070522923906
6.421549524576061,0.053338187571184185,0.05330968521754486,0.029247006733468448
6.495941573166741,0.05374850393739631,0.0537193697151968,0.03019090206231716
6.571195435074012,0.05415945741924197,0.05412967825015018,0.031124902490819718
6.647321094190074,0.0545710076197311,0.05454057017804515,0.03204915087648463
6.724328650068028,0.054983113515620706,0.054952004224157226,0.03296378697226782
6.802228319261733,0.05539573345532164,0.055363938481249264,0.03386894744585919
6.881030436681332,0.05580882515686174,0.055776330407479494,0.0347647658989726
6.960745456964267,0.05622234570590402,0.05618913682436409,0.03565137288663219
7.0413839558624005,0.05663625155382242,0.05660231391479698,0.03652889593646205
7.1229566316449855,0.05705049851583337,0.05701581722112494,0.03739745956797283
7.205474306518095,0.05746504176918575,0.057429601643280676,0.03825718531185109
7.288947928060362,0.05787983585140775,0.057843621436972546,0.039108191729246754
7.373388570675339,0.05829483465861201,0.05825783021193187,0.03995059443106095
7.45880743706084,0.05870999144385993,0.05867218093021923,0.040784506097234795
7.545215859695078,0.05912525881558387,0.059086625904588096,0.04161003649603656
7.632625302340255,0.059540588736069947,0.05950111679690865,0.04242729250335095
7.7210473615633415,0.059955932520021946,0.059915604616684846,0.04323637812196606
7.810493768274683,0.06037124083364328,0.060330039720102126,0.044037394500861846
7.900976389284298,0.0607864636928699,0.060744371808122824,0.044830439954499
7.992507228876188,0.061201550462088125,0.06115854992520685,0.04561560998210534
8.085098430401052,0.061616449853075544,0.06157252245817795,0.04639299728696551
8.17876227788721,0.06203110992387894,0.061986237135041485,0.04716269179570805
8.273511197670457,0.06244547807776165,0.06239964102387148,0.04792478067759425
8.369357760042513,0.06285950106221823,0.06281268053176507,0.048679348363805414
8.466314680918842,0.06327312496805916,0.06322530140386688,0.04942647656673162
8.56439482352562,0.06368629522856442,0.06363744872246213,0.05016624429925939
8.663611200106228,0.0640989566187065,0.06404906690613923,0.05089872789406005
8.763976973647717,0.06451105325444446,0.06446009970902332,0.05162400102287772
8.865505459626982,0.06492252859208747,0.06487049022007912,0.05234213471581684
8.96821012777747,0.06533332542773024,0.06528018086248588,0.053053197380631745
9.07210460387605,0.06574338589675871,0.0656891133930824,0.05375725482201271
9.177202671550898,0.06615265147342866,0.0660972289018847,0.05445437026087596
9.283518274109998,0.06656106297051514,0.06650446781167484,0.05514460435365032
9.391065516391139,0.06696856053903547,0.06691076987766313,0.05582801521156609
9.499858666633136,0.06737508366804433,0.06731607418722226,0.05650465841994308
9.60991215836873,0.06778057118450229,0.06772031915969488,0.05717458705747802
9.721240592339614,0.06818496125321852,0.06812344254627554,0.057837851715533704
9.833858738433351,0.06858819137686648,0.0685253814299652,0.05849450051742605
9.94778153764305,0.0689901983960752,0.06892607222560156,0.05914457913771309
10.063024104049408,0.06939091848959422,0.069325450679963,0.05978813082148205
10.17960172682604,0.06979028717453485,0.06972345187194863,0.06042519640363828
10.297529872267821,0.07018823930668618,0.07012001021283333,0.06105581432819347
10.41682418584273,0.0705847090809071,0.07051505944659843,0.0616800206675523
10.537500494267672,0.07097963003159548,0.07090853265033989,0.06229784914180258
10.659574807608031,0.07137293503324306,0.07130036223477147,0.06290933113800136
10.78306332140189,0.07176455630134661,0.07169047994511696,0.06351449572946476
10.90798241880851,0.07215442539289425,0.07207881686145494,0.06411336969505453
11.034348672782034,0.0725424732071228,0.07246530339946974,0.06470597753846723
11.162178848270138,0.0729286299864819,0.07284986931135065,0.06529234150752197
11.291489904438164,0.07331282531759764,0.07323244368669692,0.06587248161344782
11.422298996919247,0.07369498813232091,0.07361295495350867,0.06644641565017344
11.554623480090157,0.07407504670885977,0.07399133087926267,0.06701415921361342
11.688480909373881,0.07445292867299813,0.07436749857207513,0.0675757257209576
11.823889043568506,0.07482856099939912,0.07474138448195036,0.06813112642995843
11.96086584720343,0.07520187001299565,0.07511291440211741,0.0686803704582196
12.099429492922646,0.07557278139046679,0.07548201347045343,0.06922346480248392
12.239598363895615,0.07594122016180144,0.07584860617099534,0.06976041435792088
12.381391056256334,0.07630711071195015,0.0762126163355404,0.07029122193741583
12.52482638157026,0.07667037678256368,0.07657396714533476,0.07081588829085689
12.669923369330252,0.07703094147382138,0.0769325811328524,0.07133441212442393
12.816701269480989,0.07738872724634709,0.07728838018366288,0.07184679011987603
12.96517955497303,0.07774365592321554,0.07764128553839036,0.07235301695384003
13.115377924346209,0.07809564869204766,0.07799121779476251,0.07285308531709846
13.267316304342948,0.07844462610719634,0.07833809690975078,0.07334698593387717
13.421014852552112,0.07879050809202319,0.0786818422018029,0.07383470758113447
13.576493960083099,0.0791332139412657,0.0790223723531664,0.07431623710784785
13.73377425427132,0.07947266232349674,0.0793596054123057,0.07479155945430337
13.89287660141462,0.07980877128367529,0.07969345879641129,0.07526065767138268
14.053822109541773,0.08014145824579028,0.08002384929400311,0.07572351293985184
14.2166321312128,0.08047064001559678,0.08035069306762722,0.07618010458964919
14.381328266351714,0.08079623278344575,0.08067390565664698,0.07663041011917308
14.547932365112375,0.08111815212720777,0.08099340198012932,0.07707440521457046
14.716466530777105,0.08143631301529466,0.08130909633983878,0.07751206376902466
14.88695312268935,0.08175062980995172,0.08162090242357894,0.07794335790204361
15.059414759219857,0.08206101627036361,0.0819287333081567,0.0783682579787478
15.233874320767665,0.08236738555590559,0.0822325014626457,0.07878673262915858
15.41035495279541,0.0826696502296143,0.08253211875184034,0.07919874876748587
15.588880068900226,0.0829677222617066,0.08282749643974989,0.07960427161141657
15.76947335391993,0.08326151303319695,0.08311854519319414,0.08000326470140272
15.952158767075172,0.08355093333961414,0.08340517508550134,0.0803956899199491
16.136960545148327,0.08383589339481867,0.08368729560030974,0.08078150751090184
16.323903205698716,0.08411630283492026,0.0839648156354721,0.0811606760987361
16.513011550315596,0.08439207072229721,0.08423764350706518,0.08153315270784459
16.70431066790831,0.08466310554971694,0.08450568695350323,0.08189889278182497
16.89782593803506,0.0849293152445598,0.08476885313975792,0.08225785020276874
17.093583034269884,0.0851906071731453,0.08502704866168359,0.08260997731054888
17.291607927608684,0.08544688814516216,0.0852801795504494,0.08295522492210779
17.491926889914993,0.08569806441820284,0.0855281512770791,0.08329354235074579
17.694566497405187,0.08594404170240239,0.0857708687570981,0.08362487742540874
17.899553634174623,0.08618472516518326,0.08600823635528974,0.08394917650997671
18.106915495764042,0.08642001943610562,0.0862401578905599,0.0842663845225514
18.31667959276786,0.08664982861182458,0.08646653664091203,0.08457644495474463
18.52887375448384,0.0868740562611544,0.0866872753485322,0.08487929989096651
18.74352613260513,0.08709260543024044,0.08690227622498477,0.08517489002771304
18.960665204955347,0.08730537864783965,0.08711144095652039,0.08546315469285479
19.180319779266448,0.08751227793070966,0.0873146707094952,0.08574403186492445
19.402518997000918,0.08771320478910781,0.08751186613590364,0.08601745819240542
19.627292337217664,0.08790806023239975,0.0877029273790239,0.08628336901301933
19.854669620483246,0.08809674477477923,0.08788775407917791,0.08654169837301455
20.084681012828053,0.08827915844107906,0.08806624537960837,0.08679237904645426
20.31735702974828,0.08845520077263472,0.08823829993249498,0.08703534255450426
20.552728540254694,0.08862477083346385,0.0884038159050383,0.0872705191847212
20.790826770967687,0.08878776721634543,0.08856269098566669,0.08749783801034075
21.03168331026041,0.08894408804908906,0.08871482239038495,0.0877172269095656
21.27533011244928,0.08909363100092815,0.0888601068692387,0.08792861258485343
21.521799502033605,0.08923629328902347,0.08899844071289548,0.08813192058220526
21.771124177983967,0.0893719716850766,0.0891297197593427,0.08832707531045321
22.023337218080226,0.08950056252205481,0.08925383940070372,0.08851400006054894
22.27847208330024,0.08962196170102789,0.08937069459017294,0.08869261702485139
22.53656262225876,0.08973606469811765,0.08948017984907017,0.08886284731641501
22.797643075698485,0.08984276657156116,0.08958218927401587,0.08902461098827805
23.06174808103238,0.08994196196888794,0.08967661654422722,0.08917782705275012
23.328912676939336,0.09003354513421256,0.08976335492893654,0.08932241350070089
23.599172308012594,0.0901174099156429,0.08984229729493266,0.08945828732084773
23.872562829462023,0.09019344977280506,0.08991333611422563,0.08958536451904393
24.149120511871335,0.09026155778448576,0.08997636347183637,0.08970356013756677
24.428882046009715,0.0903216266563927,0.09003127107371131,0.08981278827440574
24.711884547699945,0.09037354872903419,0.09007795025476348,0.08991296210255044
24.99816556274215,0.09041721598571816,0.09011629198704017,0.09000399388927866
25.287763071895334,0.09045252006067189,0.09014618688801872,0.09008579501544459
25.580715495916113,0.09047935224728298,0.09016752522903072,0.09015827599476682
25.877061700655823,0.09049760350646223,0.09018019694381556,0.09022134649311654
26.1768410022172,0.09050716447512949,0.09018409163720421,0.09027491534780539
26.48009317217,0.0905079254748231,0.09017909859393419,0.09031889058687372
26.786858442827917,0.09049977652043355,0.0901651067875961,0.09035317944837865
27.097177512585727,0.09048260732906241,0.09014200488971291,0.09037768839968216
27.411091551319178,0.0904563073289159,0.090109681278747,0.09039232315673909
27.72864220584653,0.09042076566789005,0.09006802404941834,0.0903969887033853
28.049871605454207,0.09037587122347764,0.09001692102242215,0.09039158931062576
28.374822367485905,0.0903215126118122,0.08995625975382059,0.09037602855592251
28.703537602996434,0.09025757819705152,0.0898859275447782,0.09035020934248301
29.036060922471645,0.0901839561009592,0.08980581145142424,0.09031403391854782
29.372436441613758,0.09010053421259971,0.08971579829484236,0.09026740389667907
29.71270878719462,0.09000720019814765,0.08961577467118854,0.09021022027304837
30.056923102975862,0.08990384151081243,0.08950562696193844,0.09014238344672484
30.405125055698498,0.08979034540087907,0.08938524134426497,0.09006379323896335
30.757360841141345,0.08966659892586659,0.08925450380154763,0.08997434891249236
31.113677190249607,0.08953248896080453,0.08911330013401429,0.0898739491908023
31.474121375335073,0.0893879022086287,0.08896151596951633,0.08976249227743348
31.838741216347206,0.08923272521069767,0.08879903677443907,0.0896398758752641
32.20758508721791,0.08906684435742991,0.08862574786474713,0.08950599720579853
32.58070192227876,0.08889014589906395,0.0884415344171674,0.08936075302845525
32.95814122275355,0.08870251595654127,0.08824628148050934,0.08920403965985503
33.339953063325375,0.08850384053251381,0.08803987398712439,0.08903575299310879
33.72618809877987,0.08829400552247693,0.08782219676450553,0.0888557885171061
34.11689757072597,0.0880728967260281,0.08759313454702757,0.08866404133580279
34.51213331439358,0.08784039985825365,0.08735257198783004,0.0884604061875094
34.91194776551111,0.08759640056124322,0.08710039367084277,0.08824477746417901
35.31639396726148,0.087340784415734,0.08683648412295616,0.0880170492306955
35.72552557731989,0.08707343695288475,0.08656072782633649,0.0877771152441616
36.139396874972306,0.0867942436661816,0.08627300923088768,0.08752486897318676
36.558062768316454,0.08650309002347613,0.08597321276686087,0.0872602036171756
36.98157880154696,0.08619986147915625,0.08566122285761178,0.0869830121256157
37.410001162323795,0.08588444348645213,0.08533692393224908,0.0866931872173658
37.84338668922724,0.08555672150937396,0.0850002004379336,0.08639062139994381
38.281792879298045,0.08521658103430269,0.08465093685432803,0.08607520698881509
38.725277895666046,0.0848639075845954,0.08428901770619707,0.08574683612668026
39.17390057526644,0.08449858673219328,0.08391432757679362,0.08540540080276336
39.62772043664539,0.08412050411045535,0.08352675112146599,0.08505079287210023
40.08679768785687,0.08372954542719264,0.08312617308139231,0.08468290407482602
40.551193234449826,0.08332559647780474,0.08271247829744555,0.0843016260554639
41.020968687549114,0.08290854315851834,0.08228555172418842,0.08390685038221259
41.49618637202875,0.08247827147973132,0.08184527844400188,0.08349846856623495
41.976909334781126,0.08203466757946144,0.08139154368134643,0.08307637208094552
42.46320135308114,0.08157761773690303,0.08092423281715956,0.08264045238129902
42.95512694304725,0.08110700838609212,0.08044323140339005,0.08219060092307848
43.45275136820138,0.0806227261296807,0.07994842517766967,0.08172670918218272
43.95614064812674,0.08012465775282375,0.07943970007812624,0.08124866867391534
44.46536156722727,0.07961269023717733,0.07891694225833604,0.0807563709722719
44.98048168358721,0.07908671077501239,0.07838003810242082,0.08024970772922878
45.5015693379347,0.07854660678344254,0.07782887424028723,0.07972857069403048
46.0286936627078,0.0779922659187702,0.07726333756301355,0.07919285173247863
46.5619245912269,0.07742357609094964,0.07668331523838197,0.07864244284621921
47.10133286697243,0.07684042547817055,0.07608869472656052,0.07807723619203095
47.64699005297012,0.07624270254156273,0.07547936379593488,0.07749712410111376
48.19896854128586,0.07563029604002235,0.0748552105390909,0.07690199909837621
48.757341562629186,0.07500309504516323,0.07421612338895141,0.07629175392172413
49.3221831960695,0.07436098895639208,0.07356199113506597,0.07566628154134827
49.89356837886337,0.07370386751611162,0.07289270294005791,0.07502547517901277
50.47157291639704,0.0730316208250506,0.0722081483562276,0.07436922832734294
51.05627349224326,0.0723441393577237,0.07150821734231513,0.07369743476911329
51.64774767833451,0.07164131397802286,0.0707928002804237,0.07300998859653623
52.24607394525518,0.07092303595493893,0.07006178799310318,0.07230678423054925
52.85133167265137,0.07018919697841931,0.06931507176059912,0.07158771644010375
53.46360115976298,0.06943968917535819,0.06855254333662775,0.07085268036145259
54.08296363607615,0.06867440512562374,0.0677740949647883,0.07010157151743876
54.70950127210066,0.06789323787363419,0.06697961939980134,0.06933428583678271
55.34329719027115,0.06709608094849198,0.06616900992319674,0.06855071967337091
55.98443547597457,0.06628282838129343,0.06534216036118412,0.06775076982554415
56.633001188706565,0.06545337471973187,0.06449896510268886,0.06693433355538496
57.289080373355326,0.06460761504465885,0.06363931911751067,0.06610130860800643
57.95276007161809,0.06374544498671425,0.06276311797460207,0.06525159323083948
58.62412833354793,0.06286676074303055,0.061870257860473066,0.06438508619292187
59.303274229236195,0.06197145909400909,0.06096063559771917,0.06350168680418553
59.990287860628996,0.0610594374201726,0.060034148663678004,0.06260129493474463
60.685260373480645,0.06013059371909537,0.05909069520921565,0.061683811034184584
61.38828396944677,0.05918482662240961,0.05813017407764174,0.06074913615084889
62.09945191831565,0.05822203541289442,0.0571524848237595,0.05979717195112836
62.818858570383306,0.05724212004164364,0.05615752773304797,0.05882782073874807
63.54659936896987,0.05624498114531918,0.05514520384098239,0.05784098547405664
64.2827708630829,0.05523052006348676,0.05411541495249037,0.05683656979331331
65.02747072022613,0.05419863885603868,0.053068063661548724,0.05581447802797621
65.78079773935654,0.05314924032070515,0.052003053370922384,0.0547746152239913
66.54285186399291,0.05208222801065238,0.05092028831204398,0.05371688716107915
67.31373419547418,0.050997506252174044,0.049819673565041,0.052641200372024265
68.09354700637365,0.049894980162472305,0.04870111507890683,0.051547462161961974
68.88239375406629,0.04877455566753536,0.04756451969182263,0.05043558062766774
69.68037909445532,0.04763613952010757,0.04640979515162694,0.04930546467684422
70.48760889585655,0.04647963931775793,0.04523685013643807,0.04815702404740946
71.30419025304333,0.045304963521047584,0.04404559427543118,0.046990169326786076
72.13023150145581,0.044112021471794646,0.0428359381697677,0.0458048119711877
72.96584223157264,0.042900723411443555,0.04160779341368501,0.0446008643249086
73.81113330345133,0.04167098049953437,0.040361072615741754,0.043378239639610364
74.66621686143495,0.040422704832279485,0.03909568942022674,0.042136852093611364
75.53120634903136,0.03915580946124336,0.03781155852864015,0.040876616811173404
76.40621652396258,0.03787020841213298,0.03650859571697975,0.03959744988179139
77.29136347339062,0.03656581670369133,0.03518671786048602,0.0382992683794797
78.18676462931832,0.03524255036153611,0.03384584295700066,0.03698199038206141
79.09253878416845,0.03390032643813053,0.03248589014731251,0.035645534990456605
80.00880610654507,0.03253906303673055,0.031106779737187958,0.034289822347969116
80.93568815717477,0.031158679327273456,0.029708433219510957,0.03291477365957639
81.87330790503557,0.029759095565308542,0.028290773296526704,0.03152031121121536
82.8217897436697,0.028340233110966114,0.026853723902199544,0.030106358389073364
83.78125950768802,0.0269020144479543,0.025397210224675344,0.028672839698873274
84.751844489464,0.02544436320259495,0.02392115872886035,0.027219680785163364
85.73367345602097,0.0239672041628924,0.022425497179111433,0.025746808450605552
86.72687666611671,0.022470463297635742,0.02091015466203897,0.024254150675262005
87.73158588752358,0.020954067775539858,0.019375061609428704,0.022741636635885056
88.74793441451136,0.019417945984418792,0.01782014982127686,0.021209196725203418
89.77605708553,0.01786202755039935,0.016245352488947377,0.01965676257121229
90.81609030109973,0.01628624335716741,0.014650604218444574,0.018084267056459262
91.86817204190683,0.014690525565255129,0.013035841053810301,0.016491644337333865
92.93244188710878,0.013074807631364753,0.01140100050064212,0.014878829863355885
94.00904103285355,0.011439024327728704,0.009746021549733135,0.013245760396461862
95.09811231101047,0.009783111761511974,0.00807084470084029,0.011592374030295149
96.19980020812119,0.008107007394249528,0.006375411986574796,0.009918610209491984
97.31425088456713,0.006410650061327549,0.004659666996424199,0.00822440974897175
98.44161219396184,0.004693979991500062,0.0029235549008988122,0.006509714853222718
99.58203370276605,0.002956938826449926,0.0011670224758120078,0.004774469135591694
100.73566671013005,0.0011994681950747885,-0.0006099818733091966,0.0030186176375723837
101.90266426796781,-0.0005784844884044748,-0.002407508086683006,0.0012421068482436506
103.08318120126071,-0.0023769746678956307,-0.00422560442559355,-0.000555115271463547
104.27737412859973,-0.004196054858542179,-0.006064317447580835,-0.002373099281608609
105.48540148296232,-0.006035776068200457,-0.007923691981489242,-0.004211894239375236
106.707423532733,-0.007896187773559582,-0.009803771102383022,-0.006071547675531614
107.94360240296562,-0.009777337901151198,-0.01170459610631827,-0.007952105575619045
109.19410209689163,-0.011679272808298098,-0.013626206484975596,-0.00985361236107479
110.45908851767982,-0.013602037264011076,-0.015568639900153147,-0.01177611087029916
111.73872949044494,-0.015545674429836247,-0.017531932158111982,-0.01371964233966882
113.03319478451472,-0.017510225840670503,-0.019516117183781816,-0.015684246384514287
114.34265613595123,-0.01949573138554401,-0.021521226994815665,-0.01766996098006068
115.66728727033667,-0.02150222928838859,-0.02354729167550293,-0.019676822442350844
117.00726392582078,-0.023529756088790887,-0.025594339350529037,-0.021704865409149628
118.36276387643514,-0.02557834662274489,-0.027662396158586993,-0.023754122820844346
119.73396695568013,-0.0276480340034134,-0.029751486225840104,-0.025824625901350887
121.12105508038135,-0.02973884960190013,-0.03186163163922755,-0.027916404139027635
122.5242122748264,-0.031850823028050694,-0.033992852419621446,-0.030029485267615345
123.94362469517735,-0.033983982111280786,-0.03614516649482336,-0.032163895247201466
125.37948065416968,-0.03613835288145114,-0.03831858967241021,-0.03431965824522894
126.83197064609494,-0.03831395954978733,-0.04051313561241745,-0.03649679661754727
128.30128737207272,-0.040510824489859626,-0.0427288157998648,-0.038695330889521505
129.787625765618,-0.042728968218632354,-0.0449656395171244,-0.04091527973720876
131.2911830185009,-0.04496840937758384,-0.04722361381612184,-0.043156659968603385
132.81215860691,-0.04722916471391723,-0.04950274349038106,-0.045419486504971227
134.3507543179146,-0.04951124906185587,-0.05180303104689641,-0.047703772362267007
135.9071742762381,-0.05181467532405028,-0.05412447667784911,-0.05000952863266179
137.48162497133654,-0.0541394544530853,-0.05646707823214677,-0.052336764466169375
139.07431528479586,-0.05648559543311424,-0.058830831186802934,-0.05468548705239868
140.68545651804283,-0.05885310526161591,-0.06121572861814205,-0.05705570160242798
142.3152624203778,-0.06124198893128794,-0.06362176117283423,-0.059447411330814735
143.96394921733446,-0.06365224941206023,-0.06604891703876094,-0.06186061743769772
145.6317356393643,-0.06608388762876141,-0.06849718191570207,-0.06429531908635953
147.3188429508576,-0.06853690245050409,-0.07096653898585441,-0.06675151339339802
149.0254949794962,-0.07101129067198478,-0.07345696888416664,-0.06922919540939419
150.75191814595067,-0.07350704699153682,-0.07596844966850418,-0.07172835809731751
152.49834149391856,-0.0760241639938821,-0.0785009567896305,-0.074248992315378
154.26499672051054,-0.07856263213293786,-0.08105446306100862,-0.0767910867999307
156.05211820699176,-0.08112243971469207,-0.08362893862842499,-0.07935462814844557
157.85994304987457,-0.08370357288014697,-0.08622435093942477,-0.08193960080254321
159.6887110923765,-0.08630601558835414,-0.08884066471257016,-0.08454598703111883
161.53866495623762,-0.08892974959953448,-0.09147784190650504,-0.08717376691354892
163.41005007391124,-0.09157475445830975,-0.09413584168884136,-0.08982291832300666
165.30311472112447,-0.09424100747704173,-0.09681462040485184,-0.09249341690988272
167.21811004981566,-0.0969284837192942,-0.0995141315459741,-0.0951852360853263
169.1552901214571,-0.09963715598343129,-0.1022343257181282,-0.09789834700492012
171.1149119407585,-0.10236699478635096,-0.10497515060983557,-0.1006327185524889
173.0972354897663,-0.10511796834737795,-0.10773655096015276,-0.10338831732406437
175.1025237623526,-0.10789004257230894,-0.11051846852640165,-0.10616510761200093
177.1310427991091,-0.11068318103763662,-0.11332084205171218,-0.10896305138926823
179.18306172264127,-0.11349734497494934,-0.11614360723236272,-0.11178210829391717
181.2588527732717,-0.11633249325552046,-0.11898669668492215,-0.11462223561373407
183.35869134516065,-0.11918858237510205,-0.12185003991319618,-0.11748338827109726
185.48285602283957,-0.122065566438921,-0.12473356327496629,-0.1203655188080346
187.63162861817355,-0.12496339714690231,-0.1276371899485337,-0.12326857737150633
189.8052942077464,-0.12788202377911154,-0.130560839899051,-0.1261925116989059
192.00414117068416,-0.1308213931814444,-0.13350442984465707,-0.12913726710380652
194.228461226913,-0.1337814497515588,-0.13646787322240006,-0.13210278646194856
196.47854947586046,-0.13676213542506463,-0.13945108015395324,-0.1350890101974836
198.75470443560897,-0.13976338966198476,-0.14245395741112604,-0.13809587626948883
201.05722808249675,-0.14278514943214357,-0.14547640838115783,-0.14112332015735557
203.3864258911842,-0.1458273492015276,-0.14851833303180834,-0.1441712748472883
205.74260687517773,-0.14888992092445846,-0.15157962787622564,-0.147239670824469
208.12608362782942,-0.15197279402606284,-0.15466018593760922,-0.15032843605554994
210.53717236380726,-0.1550758953897536,-0.15775989671365118,-0.1534374959761947
212.97619296104602,-0.1581991493452221,-0.16087864614076103,-0.15656677347910977
215.44346900318823,-0.1613424776566481,-0.16401631655807725,-0.15971618890229283
217.93932782251034,-0.16450579951112665,-0.1671727866712514,-0.16288566001749505
220.46410054335337,-0.1676890315073358,-0.17034793151602048,-0.16607510201892312
223.0181221260494,-0.17089208764443653,-0.17354162242154716,-0.1692844275121713
225.60173141136414,-0.17411487931123368,-0.17675372697354652,-0.17251354650341322
228.21527116544718,-0.1773573152755893,-0.17998410897717862,-0.17576236638884338
230.85908812530982,-0.18061930167411253,-0.1832326284197234,-0.1790307919443947
233.53353304482505,-0.18390074200212475,-0.18649914143302243,-0.18231872531572849
236.2389607412606,-0.18720153710391255,-0.18978350025569207,-0.18562606600851123
238.97573014235553,-0.19052158516328518,-0.1930855531951125,-0.188952710878994
241.7442043339353,-0.19386078169442908,-0.19640514458917585,-0.19229855412488736
244.54475060808593,-0.19721901953308962,-0.19974211476781117,-0.19566348727656188
247.37774051187867,-0.2005961888280698,-0.20309630001426782,-0.19904739918856365
250.24354989666634,-0.2039921770330714,-0.20646753252616923,-0.2024501760314716
253.1425589679459,-0.20740686889887644,-0.2098556403763267,-0.20587170128409255
256.0751523357985,-0.21084014646588176,-0.21326044747331382,-0.20931185572600844
259.0417190659193,-0.21429188905700364,-0.21668177352180892,-0.21277051743049222
262.04265273123025,-0.2177619732709444,-0.22011943398268602,-0.21624756175778392
265.0783514640994,-0.22125027297585229,-0.2235732400328745,-0.21974286134875867
268.149218009157,-0.22475665930336258,-0.22704299852496732,-0.22325628611897474
271.25565977673074,-0.22828100064304768,-0.23052851194659074,-0.22678770325312889
274.3980888968954,-0.23182316263702485,-0.23402957837952468,-0.23033697719968776
277.5769222741481,-0.23538300817376848,-0.23754599145857508,-0.23390396966468047
280.7925816427229,-0.23896039738651478,-0.2410775403302041,-0.23748853961005933
284.04549362253715,-0.2425551876473831,-0.24462400961089897,-0.24109054324789628
287.336089775796,-0.24616723356327755,-0.24818517934530493,-0.24470983403626062
290.6648066642427,-0.24979638697264858,-0.2517608249640902,-0.2483462626759755
294.03208590708095,-0.2534424969426547,-0.2553507172415693,-0.25199967710777366
297.4383742395629,-0.2571054097667118,-0.2589546222530652,-0.25566992250984
300.88412357225513,-0.26078496896244474,-0.26257230133201426,-0.25935684129575526
304.369791050998,-0.2644810152700542,-0.2662035110268208,-0.26306027311285385
307.8958391175496,-0.2681933866510866,-0.2698480030574401,-0.2667800548409841
311.46273557094304,-0.271921918287643,-0.27350552427171704,-0.2705160205917059
315.07095362954396,-0.2756664425819999,-0.27717581660144686,-0.2742680017078996
318.7209719938365,-0.27942678915668157,-0.280858617018186,-0.27803582676382527
322.41327490993046,-0.28320278485496597,-0.28455365748879125,-0.2818193215656143
326.1483522338041,-0.2869942537418427,-0.2882606649306939,-0.2856183091522114
329.9266994962974,-0.2908010171054336,-0.29197936116691314,-0.2894326097967802
333.7488179688489,-0.29462289345886744,-0.29570946288079064,-0.293262041008558
337.61521473000437,-0.29845969854263604,-0.299450681570467,-0.29710641753519523
341.5264027326852,-0.30231124532741893,-0.3032027235030775,-0.30096555136555797
345.48290087224643,-0.30617734401740054,-0.3069652896686835,-0.30483925173302506
349.48523405531625,-0.310057802054074,-0.3107380757339262,-0.3087273251192689
353.5339332694331,-0.3139524241205429,-0.31452077199540357,-0.3126295752585329
357.6295356534963,-0.31786101214633566,-0.31831306333277937,-0.3165458031424215
361.77258456902246,-0.3217833653127211,-0.3221146291616035,-0.32047580702518813
365.9636296722386,-0.3257192800585552,-0.3259251433858645,-0.32441938242955465
370.203226986999,-0.3296685500866429,-0.329744274350253,-0.32837632215304413
374.4919389785586,-0.3336309663708321,-0.33357168479215166,-0.3323464162749999
378.83033462818884,-0.33760631716542294,-0.33740703179333426,-0.3363294521661468
383.21898950866944,-0.34159438800646746,-0.34124996673138913,-0.34032521448977343
387.6584858606472,-0.34559496172383786,-0.345100135230852,-0.3443334852134923
392.14941266987915,-0.3496078184516269,-0.3489571771140509,-0.34835404361987504
396.6923657453785,-0.3536327356373798,-0.3528207263516699,-0.352386666315641
401.28794779845384,-0.35766948805190046,-0.35669041101301535,-0.3564311272414225
405.93676852267737,-0.3617178477996575,-0.3605658532159996,-0.3604871976821284
410.6394446747655,-0.3657775843297662,-0.3644466690768243,-0.36455464627788475
415.39660015641016,-0.36984846444757025,-0.3683324686593797,-0.3686332390355743
420.2088660970483,-0.3739302523268039,-0.37222285592434134,-0.37272273934095823
425.0768809375917,-0.37802270952234696,-0.3761174286779753,-0.37682290797138873
430.00129051513386,-0.38212559498357196,-0.3800157785206465,-0.3809335031091143
434.98274814862657,-0.3862386650682757,-0.38391749079502424,-0.3850542803551702
440.0219147255621,-0.3903616735572104,-0.3878221445339953,-0.38918499274386686
445.11945878964576,-0.3944943716691968,-0.3917293124082673,-0.3933253907578607
450.2760566294976,-0.3986365080768379,-0.39563856067367775,-0.39747522234382526
455.49239236837246,-0.4027878289228215,-0.3995494491181946,-0.4016342329287101
460.7691580549197,-0.4069480778368113,-0.40346153100861043,-0.40580216543658865
466.1070537550033,-0.41111699595294243,-0.40737435303693625,-0.40997876030610925
471.50678764457155,-0.4152943219278992,-0.411287455266481,-0.4141637555085276
476.9690761036185,-0.419479791959598,-0.4152003710776281,-0.4183568865663447
482.49464381121754,-0.4236731398064554,-0.4191126271132952,-0.42255788657252824
488.0842238416713,-0.42787409680726113,-0.4230237432240892,-0.426766486210338
493.73855776176526,-0.4320823919016419,-0.426933232413144,-0.4309824137737423
499.45839572914804,-0.43629775165111945,-0.43084060078064235,-0.43520539518842644
505.2444965918613,-0.4405199002607747,-0.43474534746802884,-0.4394351540334071
511.09762798900795,-0.4447485596014986,-0.438646964601898,-0.4436714115632318
517.0185664526025,-0.4489834492328524,-0.44254493723757227,-0.4479138867307866
523.0080975105845,-0.45322428642651474,-0.4464387433023514,-0.45216229621069054
529.0670157910424,-0.4574707862005528,-0.4503278535384507,-0.4564163544323291
535.1961251276322,-0.4617226613318667,-0.45421173144561044,-0.46067577359645473
541.3962386662192,-0.46597962236311563,-0.45808983322338137,-0.46494026367715463
547.6681789727651,-0.4702413776547288,-0.4619616077130926,-0.46920953247540365
554.012778142448,-0.474507633410716,-0.46582649633948325,-0.4734832856451946
560.4308779100662,-0.4787780937048774,-0.4696839330520179,-0.47776122671967647
566.9233297617005,-0.4830524605078055,-0.4735333442658615,-0.48204305713808615
573.4909950476891,-0.4873304337146888,-0.477374148802535,-0.4863284762734833
580.1347450968989,-0.4916117111738898,-0.48120575783023417,-0.4906171814612597
586.8554613323205,-0.4958959887162831,-0.4850275748038113,-0.49490886802841155
593.6540353880149,-0.5001829601853628,-0.48883899540443687,-0.49920322932358013
600.5313692273962,-0.5044723174680712,-0.49263940747890894,-0.5034999567478163
607.4883752629047,-0.5087637505263728,-0.4964281909786393,-0.50779873978609
614.5259764770457,-0.5130569474295298,-0.5002047178982937,-0.5120992660395025
621.6451065448504,-0.5173515943870909,-0.5039683522140973,-0.5164012212582132
628.8467099577425,-0.5216473757825655,-0.5077184498217988,-0.5207042893750505
636.131742148839,-0.5259439742077691,-0.5114543584742871,-0.5250081525397976
643.5011696197163,-0.5302410704978487,-0.5151754177188761,-0.5293124911541556
650.9559700686252,-0.5345383437669429,-0.5188809588342325,-0.5336169839073427
658.4971325202121,-0.5388354714444943,-0.5225703047669682,-0.5379213078123478
666.1256574567213,-0.5431321293121787,-0.5262427700678776,-0.5422251382427985
673.8425569507403,-0.5474279915414577,-0.5298976608278329,-0.5465281489704537
681.648854799459,-0.5517227307317215,-0.5335342746133228,-0.5508300122032871
689.5455866605063,-0.5560160179490303,-0.5371519004016485,-0.5551303986241689
697.5338001893467,-0.5603075227654271,-0.5407498185157604,-0.5594289774301172
705.6145551782671,-0.564596913298808,-0.5443273005587419,-0.5637254163721106
713.7889236969897,-0.5688838562533558,-0.5478836093479432,-0.5680193817954587
722.0579902348907,-0.5731680169604966,-0.5514179988487518,-0.5723105386807009
730.422851844891,-0.5774490594203953,-0.5549297141080124,-0.5765985506850381
738.8846182889902,-0.5817266463439493,-0.5584179911870802,-0.5808830801842668
747.4444121855075,-0.586000439195295,-0.5618820570945218,-0.5851637883152233
756.103369158016,-0.5902700982347941,-0.5653211297184494,-0.5894403350187057
764.8626379859992,-0.5945352825839735,-0.5687344177584909,-0.5937123791026951
773.7233807572708,-0.5987956502378877,-0.5721211206574027,-0.5979795782601829
782.6867730221353,-0.6030508580972586,-0.5754804285323076,-0.6022415890948445
791.7540039493605,-0.6073005620486214,-0.5788115221055755,-0.6064980672035744
800.9262764839314,-0.6115444170087226,-0.5821135726353274,-0.610748667220943
810.2048075066548,-0.6157820769697641,-0.5853857418455751,-0.6149930428643635
819.5908279955985,-0.6200131950454927,-0.5886271818559905,-0.6192308469801063
829.0855831893986,-0.624237423518108,-0.5918370351112957,-0.6234617315901321
838.6903327524768,-0.6284544138859687,-0.5950144343102918,-0.6276853479397266
848.4063509421462,-0.6326638169120552,-0.5981585023344992,-0.6319013465458884
858.2349267776797,-0.6368652826731723,-0.6012683521764346,-0.6361093772464612
868.1773642113094,-0.6410584606098491,-0.6043430868674992,-0.640309089249963
878.2349823012341,-0.6452429995769221,-0.6073817994054986,-0.6445001311860985
888.4091153866129,-0.6494185478947614,-0.6103835726817757,-0.6486821511569163
898.7011132645854,-0.6535847534011107,-0.6133474794079619,-0.6528547967885798
909.1123413693614,-0.657741263503525,-0.6162725820423526,-0.657017715283738
919.6441809533578,-0.661887725232358,-0.6191579327158901,-0.661170553474443
930.2980292704639,-0.6660237852942882,-0.6220025731577692,-0.6653129578756125
941.0752997613986,-0.6701490901263386,-0.6248055346206479,-0.6694445747389807
951.9774222412447,-0.6742632859503768,-0.6275658378054789,-0.6735650501075331
963.0058430891359,-0.6783660188280528,-0.6302824927859461,-0.6776740298703795
974.1620254401412,-0.6824569347161499,-0.6329544989325091,-0.6817711598180397
985.4474493793924,-0.6865356795223281,-0.6355808448360646,-0.6858560856981221
996.8636121384299,-0.6906018991612148,-0.6381605082312031,-0.6899284532713502
1008.4120282938538,-0.6946552396108303,-0.6406924559190807,-0.6939879083679243
1020.0942299682586,-0.6986953469693068,-0.643175643689891,-0.6980340969441775
1031.9117670334838,-0.7027218675118733,-0.6456090162449362,-0.7020666651394954
1043.86620731626,-0.7067344477480919,-0.6479915071183089,-0.7060852593334914
1055.9591368061954,-0.7107327344792937,-0.6503220385981667,-0.7100895262033778
1068.192159866191,-0.7147163748562003,-0.6525995216476077,-0.7140791127815255
1080.5668994452976,-0.7186850164367004,-0.6548228558251447,-0.7180536665131771
1093.0849972940107,-0.7226383072632687,-0.6569909292047723,-0.7220128353333681
1105.7481141821097,-0.7265758958942004,-0.6591026182956364,-0.7259562676994007
1118.5579301189732,-0.7304974314569185,-0.6611567879612896,-0.7298836126426478
1131.5161445764688,-0.7344025637331538,-0.6631522913385421,-0.733794519854228
1144.6244767144265,-0.7382909432172327,-0.6650879697559042,-0.7376886397432306
1157.8846656086992,-0.7421622211749419,-0.6669626526516158,-0.7415656234955158
1171.2984704819141,-0.7460160497029533,-0.6687751574912706,-0.7454251231330709
1184.8676709368488,-0.7498520817887387,-0.6705242896850188,-0.7492667915738612
1198.5940671925398,-0.7536699713709619,-0.672208842504364,-0.7530902826921569
1212.479480323097,-0.7574693734002831,-0.6738275969985351,-0.7568952513792718
1226.5257524993342,-0.7612499439005664,-0.6753793219104527,-0.7606813536047072
1240.7347472331492,-0.76501134003042,-0.6768627735922678,-0.7644482464776259
1255.1083496247604,-0.7687532201450437,-0.678276695920486,-0.7681955883086389
1269.6484666128067,-0.7724752438583475,-0.6796198202106689,-0.7719230386718574
1284.3570272273198,-0.7761770721052886,-0.6808908651317135,-0.7756302584671682
1299.2359828456783,-0.7798583672044042,-0.6820885366197108,-0.779316909982703
1314.2873074514757,-0.7835187929204803,-0.6832115277913757,-0.7829826569574437
1329.5129978964123,-0.7871580145273331,-0.6842585188570538,-0.786627164643943
1344.9150741652234,-0.7907756988706541,-0.6852281770332989,-0.790250099871105
1360.495579643646,-0.794371514430877,-0.6861191564550227,-0.7938511311069922
1376.2565813895476,-0.7979451313860425,-0.6869300980872158,-0.7974299285216271
1392.2001704071397,-0.801496221674598,-0.687659629636235,-0.8009861640497311
1408.3284619244018,-0.8050244590581088,-0.6883063654606589,-0.8045195114533742
1424.643595673684,-0.8085295191838314,-0.6888689064817102,-0.8080296463844872
1441.1477361756192,-0.8120110796471219,-0.6893458400932415,-0.8115162464472095
1457.8430730262655,-0.8154688200536228,-0.6897357400712872,-0.8149789912600145
1474.7318211876054,-0.8189024220811979,-0.6900371664831731,-0.8184175625175856
1491.8162212814086,-0.8223115695415777,-0.6902486655961909,-0.821831644052399
1509.098539886471,-0.8256959484442387,-0.6903687697858292,-0.8252209218986065
1526.5810698393564,-0.8290552470680141,-0.6903959974435662,-0.828585084363426
1544.2661305385616,-0.8323891559963436,-0.6903288528842147,-0.8319238220624336
1562.156068252243,-0.8356973681969232,-0.6901658262528264,-0.8352368279992416
1580.2532564294684,-0.8389795790858908,-0.6899053934311484,-0.8385237976295267
1598.5600960151398,-0.8422354865880947,-0.6895460159436342,-0.8417844289212449
1617.079015768501,-0.8454647911973234,-0.6890861408630035,-0.8450184224148042
1635.8124725853647,-0.8486671960364749,-0.6885242007153556,-0.8482254812831787
1654.7629518240753,-0.8518424069176215,-0.6878586133848297,-0.8514053113919173
1673.9329676352138,-0.8549901324019258,-0.6870877820178137,-0.854557621359005
1693.3250632951874,-0.8581100838593826,-0.6862100949266988,-0.8576821226145488
1712.9418115436197,-0.8612019755283298,-0.6852239254931782,-0.8607785294602343
1732.7858149246804,-0.8642655245747011,-0.6841276320710932,-0.8638465591285233
1752.8597061323715,-0.8673004511509804,-0.6829195578888155,-0.8668859318415529
1773.166148359776,-0.8703064784548101,-0.681598030951179,-0.8698963708696902
1793.7078356524257,-0.8732833327872327,-0.6801613639409412,-0.8728776025897177
1814.4874932656905,-0.8762307436105009,-0.6786078541197919,-0.8758293565425918
1835.507878026351,-0.8791484436054426,-0.676935783228893,-0.8787513654907511
1856.7717786983155,-0.8820361687283175,-0.6751434173889609,-0.8816433654749202
1878.282016352649,-0.8848936582671548,-0.6732290069998732,-0.8845050958703938
1900.0414447418127,-0.8877206548975022,-0.6711907866398182,-0.8873362994427315
1922.052950678278,-0.8905169047375688,-0.6690269749639717,-0.8901367224028479
1944.3194544175267,-0.8932821574027163,-0.6667357746027041,-0.8929061144614491
1966.843910045447,-0.8960161660592525,-0.6643153720593208,-0.8956442288827742
1989.629305870299,-0.8987186874775037,-0.6617639376073229,-0.8983508225376143
2012.6786648191407,-0.9013894820841106,-0.6590796251872019,-0.9010256559555562
2035.995044838885,-0.9040283140136056,-0.6562605723027567,-0.9036684933765211
2059.581539302005,-0.9066349511631367,-0.6533048999169334,-0.9062791028054776
2083.441277416897,-0.9092091652390054,-0.6502107123471926,-0.9088572560587816
2107.5774246430806,-0.9117507318074469,-0.646976097160389,-0.911402728815085
2131.9931831111257,-0.9142594303457195,-0.6435991250671801,-0.9139153006662949
2156.6917920474943,-0.9167350442903037,-0.6400778498159477,-0.9163947551657261
2181.6765282042525,-0.9191773610843699,-0.6364103080862452,-0.91884087987552
2206.950706293847,-0.9215861722245096,-0.6325945193817458,-0.9212534664133295
2232.5176794288327,-0.923961273306682,-0.6286284859227205,-0.9236323104982173
2258.3808395667365,-0.926302464071368,-0.6245101925380218,-0.925977211995764
2284.543617960076,-0.9286095484479002,-0.6202376065565799,-0.9282879749623534
2311.0094856115447,-0.9308823345979437,-0.6158086776984179,-0.930564407688603
2337.7819537345645,-0.9331206349581074,-0.6112213379651597,-0.9328063227419353
2364.8645742190783,-0.935324266281656,-0.6064735015300616,-0.9350135370082397
2392.2609401027885,-0.9374930496792979,-0.6015630646275452,-0.9371858717326179
2419.9746860478517,-0.9396268106590301,-0.5964879054422338,-0.9393231525591839
2448.0094888230497,-0.9417253791650055,-0.5912458839975016,-0.9414252095698856
2476.369067791641,-0.9437885896154112,-0.5858348420435084,-0.9434918773223407
2505.057185404771,-0.9458162809393182,-0.5802526029447557,-0.945522994886641
2534.077647700653,-0.9478082966124887,-0.5744969715671273,-0.9475184058811176
2563.43430480947,-0.9497644846921072,-0.5685657341644482,-0.9494779585070275
2593.131051464236,-0.9516846978504252,-0.562456658264513,-0.9514015055821563
2623.1718275174626,-0.953568793407275,-0.5561674925546357,-0.9532889045732876
2653.56061846387,-0.955416633361433,-0.5496959667666841,-0.955140017627521
2684.301455969152,-0.957228084418873,-0.5430397915616055,-0.9569547116004556
2715.398418404809,-0.9590030180277378,-0.5361966584134582,-0.9587328580913089
2746.8556313892914,-0.9607413104046127,-0.5291642394929108,-0.9604743334688667
2778.6772683352974,-0.9624428425586188,-0.5219401875502521,-0.9621790188956749
2810.8675510034823,-0.9641075003177256,-0.5145221357978792,-0.9638468003543107
2843.4307500625105,-0.9657351743537608,-0.5069076977922856,-0.9654775686723522
2876.371185655711,-0.9673257602061284,-0.4990944673155091,-0.9670712195460582
2909.6932279741836,-0.968879158304224,-0.49108001825609016,-0.9686276535627413
2943.4012978366018,-0.9703952739885521,-0.4828619044895024,-0.9701467762218499
2977.499867275732,-0.97187401753055,-0.4744376597580594,-0.9716284979547508
3011.993460131687,-0.9733153041511055,-0.46580479755032744,-0.973072734143213
3046.8866526521756,-0.9747190540377866,-0.45696081097997426,-0.9744794051365967
3082.1840740995817,-0.976085192360767,-0.4479031726641372,-0.9758484362677445
3117.8904073651393,-0.9774136492874552,-0.43862933460123965,-0.9771797578675743
3154.01038959022,-0.9787043599958278,-0.42913672804830416,-0.9784733052783753
3190.548812794758,-0.9799572646864608,-0.41942276339773094,-0.9797290188658074
3227.5105245130817,-0.9811723085932696,-0.40948483005353414,-0.9809468440296046
3264.9004284369817,-0.9823494419929473,-0.399320296307074,-0.9821267312129794
3302.723485066307,-0.9834886202131053,-0.3889265092122411,-0.983268635910732
3340.9847123670197,-0.9845898036391187,-0.3783007944601319,-0.9843725186760605
3379.689186437005,-0.9856529577196742,-0.36744045625315275,-0.9854383451260774
3418.842042179462,-0.9866780529710181,-0.3563427771786286,-0.9864660859460269
3458.4484739841623,-0.9876650649799111,-0.3450050180818583,-0.9874557168922069
3498.5137364166003,-0.9886139744032765,-0.33342441793862965,-0.9884072187915054
3539.0431449150574,-0.989524766964659,-0.3215981937272222,-0.9893205775380501
3580.0420764958844,-0.9903974334719754,-0.30952354029982654,-0.9901957841107845
3621.5159704668094,-0.9912319697987114,-0.297197630253466,-0.9910328345545357
3663.4703291485835,-0.9920283768788252,-0.28461761380034645,-0.9918317299749931
3705.9107186049855,-0.992786660702622,-0.2717806186376869,-0.9925924765345545
3748.842769381209,-0.9935068323109807,-0.2586837498169967,-0.99331508544652
3792.272177250953,-0.9941889077879627,-0.2453240896127875,-0.9939995729676718
3836.2047039720187,-0.9948329082518306,-0.2316986973907687,-0.9946459603892639
3880.6461780507493,-0.9954388598445135,-0.21780460947547256,-0.9952542740264582
3925.602495515231,-0.996006793719551,-0.20363883901735802,-0.9958245452062381
3971.079620697613,-0.9965367460285443,-0.1891983758593137,-0.9963568102538349
4017.0835870253263,-0.9970287579061496,-0.17448018640265842,-0.9968511104776911
4063.620497821554,-0.9974828754536459,-0.15948121347256328,-0.9973074921530009
4110.696527114972,-0.9978991497211064,-0.14419837618291714,-0.9977260065038561
4158.317920458786,-0.998277636688208,-0.12862856980066598,-0.9981067096840305
4206.490995759429,-0.998618397243712,-0.11276866560953583,-0.998449662756432
4255.222144114684,-0.9989214971636441,-0.09661551077326004,-0.9987549316712605
4304.517830661627,-0.9991870070882092,-0.0801659281981891,-0.9990225872428972
4354.384595434279,-0.9994150024974718,-0.0634167163954232,-0.9992527051255613
4404.829054231376,-0.9996055636858349,-0.04636464934225599,-0.9994453657877651
4455.857899494014,-0.9997587757353465,-0.0290064763431747,-0.9996006544855994
4507.477901193549,-0.9998747284878715,-0.011338921890227917,-0.9997186612348818
4559.695907729782,-0.9999535165161534,0.006641314477160945,-0.9997994807821987
4612.518846839466,-0.9999952390452381,0.024937558312917836,-0.9998432125260037
4665.953726515505,-1.0,0.04355316040567535,-0.9998499605651404
4720.007635936636,-0.9999679080061278,0.062491496920638816,-0.9998198336986344
4774.687746407963,-0.9998990762670523,0.08175596954205099,-0.9997529453030364
4830.001312312387,-0.9997936225333891,0.10135000561623912,-0.9996494133018647
4885.95567207297,-0.9996516690705847,0.12127705829519636,-0.9995093601332325
4942.558249126627,-0.9994733426246137,0.14154060668080495,-0.999332912715524
4999.816552908921,-0.9992587743858063,0.1621441559695763,-0.9991202024111994
5057.738179850373,-0.9990080999508755,0.18309123759801837,-0.9988713649888036
5116.3308143841905,-0.9987214592832268,0.2043854093884945,-0.9985865405832561
5175.602229965887,-0.9983989966716215,0.22603025569581414,-0.9982658736544948
5235.560290104495,-0.9980408606872729,0.24802938755425838,-0.9979095129445518
5296.212949405839,-0.9976472041394475,0.2703864428252685,-0.9975176114331364
5357.568254627886,-0.9972181840296512,0.293105086345708,-0.9970903262918037
5419.634345748222,-0.9967539615044737,0.31618901007667355,-0.9966278188367794
5482.419457044107,-0.9962547018071684,0.3396419332529678,-0.9961302544805224
5545.931918184826,-0.9957205742280404,0.36346760253309207,-0.9955978026820967
5610.180155336803,-0.9951517520537269,0.38766979214985764,-0.995030636896432
5675.172692281523,-0.9945484125154336,0.4122523040615994,-0.9944289345225465
5740.918151546279,-0.9939107367362149,0.43721896810393335,-0.9937928768508101
5807.425255548263,-0.9932389096773659,0.46257364214219654,-0.993122649009319
5874.702827751667,-0.9925331200840047,0.4883202122243913,-0.992418439909466
5942.759793838343,-0.9917935604299222,0.5144625927348085,-0.9916804421907732
6011.605182891863,-0.9910204268617749,0.541004726548125,-0.9909088521650711
6081.24812859555,-0.9902139191426915,0.5679505851842872,-0.9901038697600927
6151.69787044415,-0.9893742405953794,0.5953041689638213,-0.9892656984625651
6222.963754969644,-0.9885015980447958,0.6230695071638336,-0.9883945452608702
6295.055236981282,-0.9875962017604697,0.6512506581746149,-0.9874906205873516
6367.981880819843,-0.9866582653985407,0.6798517096567801,-0.9865541382603454
6441.753361626683,-0.9856880059435994,0.708876778699131,-0.9855853154260065
6516.379466627229,-0.9846856436461949,0.7383300119770221,-0.9845843724957629
6591.870096429473,-0.9836514019190213,0.7682155859113813,-0.9835515330425312
6668.2352663375095,-0.9825855073667336,0.7985377068283455,-0.982487023830627
6745.485107680144,-0.9814881896775359,0.8293006111194537,-0.9813910747071238
6823.629869155185,-0.9803596815414098,0.8605085654025598,-0.9802639185201794
6902.679918189016,-0.9792002185896128,0.8921658666832453,-0.9791057910585259
6982.645742312099,-0.9780100393330698,0.9242768425169463,-0.9779169309898467
7063.5379505502315,-0.9767893850997305,0.9568458511715495,-0.976697579798126
7145.367274832215,-0.9755384999709644,0.9898772817908339,-0.9754479817200327
7228.144571413536,-0.9742576307170803,1.023375554558314,-0.9741683836804277
7311.880822316693,-0.9729470267320374,1.0573451208618234,-0.972859035227068
7396.587136788207,-0.971606939967427,1.0917904634586937,-0.9715201884645767
7482.274752772353,-0.9702376248658066,1.126716096641514,-0.9701520979877679
7568.955038402277,-0.9688393382934496,1.162126566404617,-0.9687550208143885
7656.639493508082,-0.967412339472604,1.1980264506110831,-0.9673292163173672
7745.339751142562,-0.965956889913322,1.234420359160438,-0.9658749461566356
7835.067579124431,-0.9644732533449459,1.2713129341569123,-0.964392474210606
7925.834881599741,-0.9629616956473206,1.3087088500784567,-0.9628820665073767
8017.653700621072,-0.9614224847818131,1.3466128139462363,-0.9613439911557432
8110.536217745179,-0.9598558907222152,1.3850295654948632,-0.9597785182760943
8204.494755649144,-0.9582621853856013,1.4239638773432486,-0.9581859199312623
8299.54177976509,-0.9566416425632267,1.463420555165969,-0.9565664700574161
8395.689899934156,-0.9549945378515283,1.5034044378655211,-0.9549204443950543
8492.951872079313,-0.953321148583321,1.5439203977449503,-0.9532481204201972
8591.340599897718,-0.9516217537592538,1.5849733406812807,-0.9515497772758361
8690.869136572668,-0.9498966339796049,1.62656820629953,-0.9498256957037251
8791.550686505232,-0.9481460713764986,1.66870996814733,-0.9480761579765914
8893.398607066272,-0.9463703495466069,1.7114036338703151,-0.9463014478308344
8996.426410368422,-0.9445697534751653,1.75465424538801,-0.9445018503904985
9100.647765058808,-0.9427445694640869,1.7984668790704528,-0.9426776520954749
9206.076498132308,-0.9408950850933944,1.8428466459153967,-0.9408291406628452
9312.726596766199,-0.9390215891254059,1.8877986917262797,-0.9389566049910744
9420.612210175674,-0.9371243714370749,1.9333281972906928,-0.9370603350923635
9529.74765149106,-0.9352037229537039,1.9794403785596113,-0.9351406220263583
9640.147399656758,-0.933259935582589,2.0261404868272606,-0.9331977578337887
9751.826101352017,-0.9312933021466565,2.073433808911503,-0.9312320354701041
9864.798572934316,-0.9293041163181278,2.1213256673351295,-0.9292437487391325
9979.07980240491,-0.9272926725522842,2.169821420507612,-0.9272331922268428
10094.684951397303,-0.9252592660213765,2.2189264629075627,-0.9252006612352509
10211.62935718878,-0.9232041925487304,2.2686462252658686,-0.9231464517165237
10329.92853473503,-0.9211277485431097,2.3189861747494374,-0.921070860207337
10449.59817872876,-0.919030230933378,2.369951815145737,-0.9189741837635372
10570.654165681728,-0.9169119371035266,2.421548687047828,-0.9168567198951663
10693.11255603117,-0.9147731648281117,2.4737823680401783,-0.9147187665018962
10816.98959627034,-0.9126142122081612,2.5266584728850403,-0.9125606218089355
10942.301721104197,-0.9104353776075954,2.580182653709661,-0.9103825843034468
11069.065555629611,-0.9082369595902268,2.634360600193971,-0.9081849526715465
11197.297917541051,-0.9060192568573829,2.68919803975906,-0.9059680257359273
11327.015819361823,-0.9037825681862092,2.7447007377563373,-0.903732102394158
11458.236470700931,-0.9015271923687115,2.8008744976571687,-0.9014774815577282
11590.977280536545,-0.8992534281515743,2.8577251612435144,-0.8992044620918642
11725.255859525454,-0.896961574176827,2.9152586087989847,-0.8969133427561968
11861.090022339513,-0.8946519289234053,2.9734807593006467,-0.8946044221463216
11998.497790029152,-0.8923247906466895,3.0323975706115287,-0.8922779986333237
12137.497392414027,-0.889980457317511,3.092015039673729,-0.8899343703028182
12278.107270501849,-0.8876192265770715,3.152339202702376,-0.8875738349098389
12420.346078934754,-0.8852413956701031,3.213376135380067,-0.8851966898120023
12564.232688464303,-0.8828472613890456,3.275131953052118,-0.8828032319136916
12709.786188454847,-0.8804371200196618,3.337612810922392,-0.8803937576116745
12857.025889416422,-0.878011267287242,3.400824904249999,-0.8779685627413056
13005.97132556644,-0.8755699983034348,3.4647744685464517,-0.8755279425233611
13156.642257421352,-0.873113607513723,3.529467779773673,-0.8730721915115129
13309.058674418318,-0.8706423886455709,3.594911154542674,-0.8706016035404786
13463.24079756697,-0.8681566346572801,3.661110950312725,-0.8681164716748778
13619.209082132456,-0.8656566376875565,3.7280735655915804,-0.8656170881588009
13776.984220349012,-0.8631426890058402,3.7958054401361094,-0.8631037443661411
13936.587144165296,-0.8606150789634128,3.864313055153722,-0.8605767307517017
14098.039028021201,-0.858074096945307,3.9336029335043974,-0.8580363368031098
14261.361291657391,-0.8555200313230443,4.003681639903613,-0.855482850993554
14426.575602956822,-0.852953169408235,4.074555781125799,-0.8529165607353884
14593.703880819467,-0.8503737974070573,4.1462320062085105,-0.8503377523346128
14762.768298070345,-0.847782200375648,4.218717006657387,-0.8477467109462666
14933.791284400937,-0.8451786621764296,4.292017516651661,-0.8451437205307586
15106.795529345285,-0.8425634654353935,4.366140313250613,-0.8425290638111526
15281.80398528996,-0.8399368915003779,4.441092216600469,-0.8399030222314487
15458.8398705192,-0.837299220400357,4.5168800901421635,-0.8372658759158758
15637.926672295338,-0.8346507308052171,4.593510840819832,-0.8346179036286657
15819.088149974585,-0.8319916999844398,4.6709914192897415,-0.8319593827327477
16002.34833815956,-0.8293224037730693,4.74932882013038,-0.8292905891557155
16187.731549887685,-0.8266431165312942,4.828530082052917,-0.8266117973494073
16375.262379856928,-0.8239541111075687,4.908602288112469,-0.8239232802530349
16564.965707688483,-0.8212556588032159,4.989552565920033,-0.821225309257791
16756.866701227955,-0.8185480293378716,5.071388087855291,-0.8185181541722971
16950.990819884093,-0.8158314908157899,5.154116071279991,-0.8158020831889101
17147.36381800654,-0.8131063096930015,5.237743778752052,-0.8130773628508875
17346.011748302713,-0.8103727507453381,5.322278518240471,-0.8103442580204133
17546.96096529395,-0.8076310770373285,5.407727643340796,-0.8076030318474987
17750.238128812336,-0.804881549891961,5.4940985534915825,-0.8048539457397491
17955.8702075374,-0.8021244288613355,5.581398694191287,-0.8020972593330186
18163.884482574078,-0.7993599716981953,5.669635557216082,-0.7993332304629476
18374.308551072183,-0.7965884343283496,5.758816680838304,-0.7965621151373892
18587.170329887398,-0.7938100708239983,5.8489496500455935,-0.7937841675097375
18802.49805928543,-0.7910251333779481,5.940042096760931,-0.7909996398531487
19020.320306688343,-0.7882338722787423,6.032101700063262,-0.788208782535676
19240.66597046474,-0.7854365358867035,6.125136186408878,-0.7854118439963158
19463.564283763364,-0.7826333706108923,6.219153329853444,-0.782609070721972
19689.044818391936,-0.7798246208869857,6.31416095227501,-0.7798007072253382
19917.137488740114,-0.7770105291560886,6.410166923597535,-0.7769869960237159
20147.872555748283,-0.7741913358436391,6.507179162015188,-0.7741681776179178
20381.28063092236,-0.7713672793403561,6.605205634217465,-0.771344490473233
20617.392680394667,-0.7685385959839202,6.704254355614884,-0.7685161710011004
20856.240029032695,-0.7657055200400886,6.804333390565707,-0.7656834535402329
21097.854364594612,-0.7628682836857126,6.905450852603071,-0.7628465703396409
21342.267741933458,-0.7600271169925609,7.007614904663143,-0.76000575154246
21589.51258724947,-0.7571822479119502,7.110833759313684,-0.7571612251705875
21839.621702392593,-0.7543339022601651,7.215115678983855,-0.7543132171101051
22092.628269213925,-0.751482303704674,7.320468976194248,-0.7514619510975032
22348.565853968033,-0.7486276737511249,7.426902013788057,-0.7486076487066793
22607.468411766255,-0.7457702317311218,7.534423205162762,-0.7457505293367205
22869.370291081137,-0.7429101947907703,7.64304101450258,-0.7428908102004542
23134.306238303994,-0.7400477778799824,7.752763957011878,-0.7400287063137587
23402.311402354317,-0.7371831937425475,7.86360059914914,-0.7371644304856392
23673.421339343047,-0.7343166529069485,7.97555955886169,-0.7342981933090488
23947.67201728991,-0.7314483636779248,8.088649505821305,-0.7314302031524579
24225.099820894866,-0.7285785321287771,8.202879161660363,-0.7285606661521633
24505.741556365825,-0.7257073620943958,8.318257300209108,-0.7256897862053231
24789.634456301348,-0.7228350551650227,8.43479274773328,-0.7228177649637235
25076.81618463045,-0.7199618106807283,8.552494383172816,-0.7199448018282616
25367.324841609065,-0.7170878257266059,8.67137113838095,-0.7170710939441448
25661.198968875375,-0.7142132951286633,8.791431998364645,-0.7141968361967888
25958.477554562738,-0.7113384114502493,8.912686001525179,-0.7113222212082478
26259.200038472296,-0.7084633649889814,9.035142239899955,-0.7084474393341509
26563.406317305555,-0.7055883437749408,9.158809859404808,-0.7055726786618989
26871.13674995702,-0.702713533568898,9.283698060077077,-0.7026981250088988
27182.43216286925,-0.6998391178613973,9.409816096319757,-0.6998239619216517
27497.33385544884,-0.6969652778724683,9.53717327714609,-0.6969503706754714
27815.8836055457,-0.6940921925519328,9.66577896642503,-0.6940775302747965
28138.123674995826,-0.6912200385803011,9.795642583127576,-0.6912056174540914
28464.096815227684,-0.6883489903702474,9.926773601573627,-0.6883348066793286
28793.846272934723,-0.6854792200686454,10.059181551680073,-0.6854652701500298
29127.41579581242,-0.6826108975591673,10.192876019209148,-0.6825971778018689
29464.849638362506,-0.6797441904654217,10.327866646017979,-0.6797306973098192
29806.192567763715,-0.6768792641546337,10.464163130308444,-0.676865994091834
30151.489869811732,-0.674016281741836,10.601775226878495,-0.6740032313130481
30500.787354926757,-0.6711554040945842,10.740712747373566,-0.6711425698904957
30854.131364231285,-0.6682967898381653,10.880985560539257,-0.6682841684983266
31211.56877569827,-0.6654405953613038,11.022603592474564,-0.6654281835735165
31573.147010369903,-0.6625869748223462,11.165576826885808,-0.6625747693220572
31938.91403864969,-0.6597360801559077,11.309915305341752,-0.6597240777256099
32308.918386666177,-0.6568880610799872,11.455629127529129,-0.6568762585486254
32683.209142710984,-0.6540430651035247,11.602728451509064,-0.654031459345907
33061.83596375148,-0.6512012375343957,11.751223493974404,-0.6511898254706096
33444.8490820182,-0.6483627214878452,11.90112453050755,-0.6483515000826814
33832.29931166993,-0.6455276578952029,12.0524418958396,-0.6455166241575827
34224.2380555347,-0.6426961855129072,12.205185984109711,-0.6426853364953162
34620.71731192957,-0.6398684409322386,12.359367249125727,-0.6398577737301658
35021.78968155874,-0.6370445585893195,12.514996204625083,-0.6370340703407018
35427.50837449284,-0.6342246707754475,12.672083424537254,-0.6342143586601211
35837.92721722776,-0.6314089076477868,12.830639543246251,-0.6313987688869418
36253.10065982592,-0.6285973972403864,12.990675255854462,-0.628587429096029
36673.08378314024,-0.6257902654755308,13.152201318447005,-0.6257804652499502
37097.932306121154,-0.6229876361754081,13.315228548356794,-0.6229780012106476
37527.70259320967,-0.6201896310740768,13.479767824430931,-0.6201801587514126
37962.451661814644,-0.6173963698297416,13.645830087297364,-0.6173870575691649
38402.23718987751,-0.6146079700373097,13.8134263396326,-0.6145988152970154
38847.11752352381,-0.6118245472412328,13.98256764643003,-0.6118155475171131
39297.15168480486,-0.6090462149486081,14.15326513526951,-0.6090373677737516
39752.399379527546,-0.6062730846425486,14.325529996587305,-0.6062643875867443
40212.921005175616,-0.603505265795798,14.499373483946963,-0.6034967164650458
40678.77765892279,-0.6007428658845869,14.674806914311253,-0.6007344619206115
41150.031145737754,-0.5979859904027232,14.851841668314323,-0.5979777294824947
41626.74398658488,-0.5952347428758954,15.0304891905356,-0.5952266227111547
42108.979426718106,-0.5924892248761965,15.210760989773592,-0.5924812432129853
42596.80144407187,-0.5897495360368432,15.392668639321116,-0.5897416906550407
43090.274757749175,-0.5870157740670923,15.576223777241124,-0.5870080627799547
43589.46483660717,-0.5842880347673404,15.761438106643006,-0.5842804554210475
44094.43790794389,-0.5815664120443864,15.94832339596074,-0.5815589625175926
44605.26096628391,-0.5788509979268729,16.13689147923072,-0.578843676130263
45122.00178226685,-0.5761418825808285,16.32715425637109,-0.5761346864566782
45644.72891163772,-0.5734391543248254,16.51912369346155,-0.5734320818465676
46173.51170434328,-0.5707428996472848,16.712811823024403,-0.570735948819081
46708.420313731905,-0.5680532032215748,16.90823074430612,-0.5680463720778902
47249.525705861044,-0.5653701479217895,17.105392623559688,-0.5653634345269739
47796.899668912374,-0.5626938148390886,17.304309694328175,-0.562687217286961
48350.61482271518,-0.560024283298123,17.504994257728452,-0.5600177997115624
48910.7446283819,-0.5573616308735327,17.707458682736693,-0.5573552594040727
49477.36339805345,-0.5547059334065242,17.91171540647382,-0.5546996722339531
50050.54630475836,-0.5520572650215102,18.11777693449239,-0.5520511123534757
50630.36939238613,-0.5494156981428183,18.325655841064034,-0.5494096522144362
51216.90958577511,-0.5467813035114567,18.535364769467595,-0.546775362584925
51810.24470091935,-0.544154150201927,18.746916432278653,-0.5441483125661444
52410.45345529153,-0.5415343056390947,18.960323611659444,-0.5415285696092829
53017.61547828686,-0.5389218356150963,19.17559915964974,-0.5389161995324291
53631.81132178654,-0.5363168043062937,19.39275599845838,-0.5363112665375266
54253.122470845876,-0.5337192742902493,19.611807120756225,-0.5337138332273587
54881.63135450398,-0.5311293065627433,19.832765589969398,-0.5311239606225651
55517.42135671982,-0.528546960554807,20.0556445405735,-0.5285417081786832
56160.57682743492,-0.5259722941497778,20.280457178389014,-0.5259671338032054
56811.18309376317,-0.5234053637003704,20.50721678087678,-0.523400293872656
57469.326471312444,-0.5208462240457519,20.73593669743552,-0.5208412432496692
58135.09427563519,-0.5182949285286269,20.96663034969904,-0.5182900353000797
58808.574833812694,-0.5157515290123184,21.199311231835093,-0.5157467219100065
59489.857496173725,-0.5132160758978451,21.43399291084467,-0.513211353502936
60179.03264814756,-0.5106886181409914,21.670689026862128,-0.5106839790567946
60876.19172225682,-0.5081692032693527,21.909413293456698,-0.5081646461209985
61581.427210246904,-0.5056578773993712,22.150179497934325,-0.5056534008334944
62294.83267535718,-0.5031546852533396,22.393001501640555,-0.5031502879377664
63016.502764733086,-0.5006596701763819,22.6378932402641,-0.5006553507998203
63746.53322198435,-0.49817287415338873,22.884868724141818,-0.49816863142512424
64485.02089988627,-0.4956943378259237,23.133942038564005,-0.49569017047551783
65232.06377322939,-0.4932241005090788,23.38512734408068,-0.49322000728607224
65987.76095181803,-0.49076220020819805,23.638438876809072,-0.49075817988182074
66752.21269361798,-0.4883086736329653,23.89389094874119,-0.4883047249918528
67525.52041805946,-0.4858635562193444,24.1514979480535,-0.4858596780712231
68307.78671949111,-0.4834268821445775,24.411274339416227,-0.48342307331600565
69099.11538079183,-0.48099868434188187,24.673234664304577,-0.48099494367797063
69899.6113871384,-0.4785789945171001,24.937393541309547,-0.47857532088123794
70709.38093993555,-0.4761678431652329,25.203765666451403,-0.47616423543881414
71528.53147090446,-0.473765259586887,25.472365813492335,-0.4737617166690442
72357.171656336,-0.471371271904613,25.743208834251018,-0.4713677927119521
73195.41143150906,-0.46898590707914134,26.016309658917706,-0.4689824905454818
74043.36200527436,-0.46660919092552094,26.291683296370014,-0.4666058360016376
74901.13587481035,-0.464241148129145,26.5693448344902,-0.46423785378251475
75768.8468405469,-0.4618818022616811,26.84930944048282,-0.4618785674762329
76646.61002126346,-0.45953117579689357,27.131592361193277,-0.4595279995727614
77534.54186936209,-0.45718929012635995,27.416208923427664,-0.45718617147963914
78432.76018631595,-0.4548561655750857,27.703174534272687,-0.454853103537593
79341.38413829984,-0.4525318214170055,27.992504681417802,-0.4525288150360422
80260.53427199856,-0.45021627589038526,28.284214933476825,-0.4502133242285033
81190.33253060059,-0.4479095462131104,28.57832094031161,-0.44790664834788213
82130.90226997476,-0.4456116485978754,28.87483843335534,-0.4456088036216662
83082.36827503785,-0.4433225982672516,29.173783225938248,-0.44331980528699577
84044.85677630847,-0.4410424094686562,29.47517121361316,-0.4410396676056357
85018.49546665423,-0.43877109548920923,29.779018374482163,-0.4387684038788359
86003.41351823314,-0.43650866867047783,30.085340769524354,-0.43650602646207826
86999.74159962934,-0.4342551404231147,30.394154542924156,-0.434252546779718
88007.61189319097,-0.432010521241377,30.70547592240116,-0.4320079753395058
89027.15811256533,-0.42977482071754214,31.019321219540316,-0.42977232174700636
90058.51552043896,-0.42754804755620596,31.335706830123044,-0.4275455947198993
91101.82094648323,-0.42533020958846846,31.654649234459797,-0.42532780210216786
92157.21280550597,-0.42312131378600953,31.97616499772241,-0.4231189508781776
93224.83111581717,-0.42092136627504334,32.30027077027909,-0.4209190471866329
94304.81751780359,-0.41873037235016547,32.6269832880285,-0.41872809633442776
95397.31529272093,-0.4165483364880782,32.956319372736274,-0.41654610281037274
96502.4693817013,-0.41437526236120936,33.28829593237085,-0.4143730702988171
97620.42640498483,-0.4122111528512012,33.62292996144203,-0.41220900169314045
98751.33468137014,-0.41005601006229314,33.9602385413392,-0.4100538991091373
99895.3442478921,-0.40790983533404285,34.300238840670744,-0.40790776389774713
101052.60687972765,-0.40577262925302726,34.64294811560459,-0.4057705966567447
102223.27611032997,-0.403644391670094,34.98838371020927,-0.4036423972480007
103407.50725180027,-0.4015251217104138,35.33656305679659,-0.4015231648075422
104605.45741549124,-0.39941481778584736,35.687503676264704,-0.3994128977579173
105817.28553285185,-0.39731347760761143,36.041223178442046,-0.3973115938208632
107043.1523765109,-0.39522109819880247,36.397739262432324,-0.3952192500298325
108283.22058160929,-0.39313767590676973,36.75706971696079,-0.39313586274236845
109537.65466737501,-0.39106320641535147,37.119232420721076,-0.39106142765234425
110806.62105895026,-0.38899768475696683,37.48424534272269,-0.3889959398020562
112090.28810947138,-0.3869411053245661,37.852126542640306,-0.3869393935941774
113388.82612240248,-0.38489346188344625,38.22289417116274,-0.38489178280357417
114702.40737413209,-0.382854747582921,38.596566470344314,-0.38285310058898
116031.20613682733,-0.3808249549678598,38.973161773956065,-0.3808233395045356
117375.3987015548,-0.3788040759900914,39.35269850783832,-0.3788024915111948
118735.16340166969,-0.37679210201966923,39.73519519025404,-0.3767905479879926
120110.68063647304,-0.3747890238560092,40.12067043224313,-0.37478749974318465
121502.13289514833,-0.3727948317388895,40.50914293797811,-0.37279333702524897
122909.7047809701,-0.3708095153593251,40.90063150512015,-0.370808049533763
124333.58303579634,-0.36883306387031023,41.29515502517638,-0.36883162643014805
125773.9565648413,-0.36686546589743674,41.69273248385761,-0.3668640563482892
127231.01646174051,-0.3649067095493791,42.093382961438174,-0.36490532740502285
128704.9560339011,-0.3629567824282602,42.4971256331155,-0.36295542721050406
130195.97082814823,-0.3610156716398908,42.903979769371155,-0.3610143428784479
131704.25865666877,-0.3590833638038848,43.31396473633308,-0.35908206103624724
133230.01962325285,-0.3571598450636571,43.72709999613783,-0.35715856783497146
134773.45614984457,-0.3552451010962948,44.1434051072952,-0.3552438489592405
136334.7730033953,-0.3533391171223139,44.56289972505275,-0.35333788963698265
137914.17732303037,-0.3514418779152985,44.985603601761476,-0.35144067464907586
139511.8786475308,-0.34955336781141993,45.41153658724261,-0.34955218833886853
141128.08894313037,-0.3476735707188455,45.84071862915503,-0.3476724146215901
142763.02263164043,-0.3458024701270271,46.273169773364486,-0.34580133699364113
144416.896618895,-0.34394004911588216,46.70891016431284,-0.3439389385417765
146089.93032352865,-0.34208629036482374,47.14796004538876,-0.34208520195213715
147782.34570608422,-0.3402411761604347,47.59033975929881,-0.340240109517927
149494.3672984639,-0.3384046884075576,48.03606974844063,-0.33840364315049803
151226.2222337153,-0.33657680863730566,48.48517055527614,-0.3365757843873718
152978.14027616565,-0.33475751801475984,48.937662822705654,-0.3347565143999343
154750.35385190533,-0.3329467973474689,49.39356729444407,-0.3329458140019378
156543.09807962095,-0.33114462709382914,49.85290481539585,-0.33114366365788095
158356.61080179238,-0.32935098737132673,50.31569633203409,-0.3293500434912544
160191.13261624463,-0.3275658579646698,50.78196289277753,-0.32756493329267283
162046.9069080684,-0.32578921833379026,51.251725648370524,-0.32578831252787926
163924.1798819107,-0.32402104762172795,51.72500585226306,-0.3240201603456302
165823.20059463585,-0.32226132466239826,52.20182486099172,-0.3222604555854648
167744.2209883718,-0.3205100279882367,52.68220413456258,-0.32050917678535107
169687.4959239325,-0.3187671358377343,53.16616523683401,-0.31876630218922236
171653.28321463155,-0.31703262616285505,53.65372983590094,-0.3170318097543965
173641.8436604833,-0.3153064766363443,54.14491970447966,-0.3153056771588856
175653.44108280737,-0.3135886646589217,54.639756720294606,-0.3135878818085895
177688.34235922675,-0.31187916736636917,55.13826286646521,-0.3118784008443864
179746.81745907504,-0.31017796163650946,55.64046023189387,-0.31017721114911184
181829.13947921406,-0.3084850240960784,56.146371011655475,-0.30848428935443245
183935.58468026225,-0.30680033112749583,56.6560175073866,-0.30679961184761795
186066.43252325075,-0.3051238588755266,57.16942212767797,-0.30512315477820373
188221.96570669612,-0.30345558325384864,57.68660738846532,-0.30345489406456005
190402.47020410755,-0.3017954799515153,58.2075959134234,-0.3017948054003556
192608.23530192356,-0.3001435244393244,58.73241043435877,-0.3001428642609274
194839.55363789623,-0.2984996919760848,59.26107379160652,-0.29849904590954923
197096.7212399122,-0.2968639576147939,59.79360893442507,-0.2968633254036093
199380.03756526727,-0.29523629620871805,60.330038921393886,-0.29523567760069314
201689.80554039608,-0.293616682417383,60.87038692081122,-0.2936160771645738
204026.33160105802,-0.29200509071247477,61.41467621109302,-0.29200449857111455
206389.92573299663,-0.29040149538364846,61.96293018117351,-0.29040091611407876
208780.9015130622,-0.28880587054425405,62.515172330905976,-0.28880530391085657
211199.57615081457,-0.2872181901369751,63.071426271464716,-0.2872176359081047
213646.27053060796,-0.28563842793926564,63.63171572574863,-0.2856378858871852
216121.30925415916,-0.28406655756812743,64.19606452878402,-0.2840660274689422
218625.0206836175,-0.28250255248716016,64.76449662813137,-0.28250203412075325
221157.73698512494,-0.28094638601083577,65.3370360842905,-0.28094587916080604
223719.7941728862,-0.27939803130940677,65.91370707110802,-0.2793975357630077
226311.53215374402,-0.2778574614140266,66.49453387618443,-0.27785697696210465
228933.29477227974,-0.276324649221774,67.07954090128506,-0.276324175658709
231585.42985642754,-0.2747995675005923,67.66875266274879,-0.2747991046242384
234268.28926362132,-0.2732821888941377,68.26219379189988,-0.2732817365057649
236982.22892747656,-0.2717724859265393,68.85988903546004,-0.27177204383077674
239727.60890500795,-0.2702704310070762,69.46186325596118,-0.27026999901185544
242504.79342440367,-0.268775996434764,70.06814143216039,-0.2687755743512641
245314.15093334366,-0.2672891544028636,70.67874865945493,-0.26728874204545583
248156.0541478822,-0.2658098770033037,71.2937101502981,-0.26580947418949874
251030.8801018972,-0.2643381362310242,71.91305123461744,-0.26433774278141864
253939.01019710672,-0.26287390398824045,72.53679736023152,-0.2628735197264652
256880.8302536757,-0.261417152088626,73.16497409327103,-0.2614167768412949
259856.73056139835,-0.25996785226142083,73.7976071185983,-0.2599674858580804
262867.10593147983,-0.25852597615546374,74.43472224022892,-0.2585256184285435
265912.3557489113,-0.2570914953431513,75.07634538175311,-0.2570911461279151
268992.88402546267,-0.2556643813243177,75.72250258676135,-0.25566404045881574
272109.09945327824,-0.25424460553005074,76.37322001926698,-0.254244272855072
275261.4154590988,-0.25283213932643195,77.02852396413282,-0.2528318146854579
278450.250259112,-0.2514269540182084,77.68844082749732,-0.2514266372573673
281676.026914432,-0.25002902085239925,78.35299713720168,-0.2500287118204208
284939.1733872341,-0.24863831102183037,79.02221954321972,-0.24863800957000154
288240.1225975272,-0.24725479566860822,79.6961348180868,-0.24725450165072946
291579.3124805906,-0.2458784458875276,80.37476985733049,-0.24587815915987
294957.1860450756,-0.24450923272941655,81.05815167990298,-0.24450895315067936
298374.1914317747,-0.24314712720442155,81.7463074286125,-0.2431468546356907
301830.78197308315,-0.24179210028522913,82.43926437055907,-0.24179183458993597
305327.41625313764,-0.24044412291023093,83.13704989756835,-0.2404438639541121
308864.558168659,-0.23910316598663137,83.83969152662786,-0.23910291363768918
312442.67699049186,-0.23776920039341312,84.54721690032305,-0.23776895452187624
316062.2474258704,-0.23644219698396926,85.25965378727726,-0.2364419574622546
319723.7496813922,-0.23512212658996814,85.9770300825893,-0.23512189329264208
323427.6695267287,-0.2338089600236061,86.69937380827426,-0.2338087328273481
327174.4983590727,-0.23250266808028294,87.42671311370468,-0.23250244686384866
330964.73326832725,-0.23120322154135417,88.15907627605228,-0.23120300618553943
334798.8771030616,-0.22991059117681983,88.89649170073223,-0.22991038156442498
338677.4385372188,-0.22862474774795905,89.6389879218471,-0.228624543763754
342600.9321376042,-0.227345662009904,90.38659360263236,-0.22734546354059373
346569.87843214686,-0.22607330471416015,91.13933753590216,-0.2260731116483509
350584.80397896614,-0.22480764661106578,91.89724864449838,-0.22480745883923162
354646.24143622443,-0.2235486584522013,92.66035598173823,-0.22354847586665114
358754.729632796,-0.2222963109927404,93.42868873186438,-0.2222961334875859
362910.8136397547,-0.22105057499375066,94.20227621049577,-0.2210504024648742
367115.0448426822,-0.21981142122444097,94.98114786507833,-0.21981125356946446
371367.98101482895,-0.21857882046435445,95.76533327533986,-0.2185786575826083
375670.1863911079,-0.21735274350551412,96.55486215374259,-0.21735258529800708
380022.23174295266,-0.2161331611545167,97.34976434593885,-0.21613300752390585
384424.6944540429,-0.2149200442345772,98.15006983122714,-0.21491989508513845
388878.1585968995,-0.2137133635875268,98.95580872300843,-0.2137132188251261
393383.21501038235,-0.21251309007575978,99.76701126924597,-0.21251294960782446
397940.46137807064,-0.21131919458413745,100.58370785292382,-0.2113190583196282
402550.50230756024,-0.210131648021844,101.4059289925074,-0.21013151587122714
407213.94941067015,-0.2089504213241995,102.23370534240442,-0.20895029319941985
411931.42138459464,-0.20777548545442537,103.06706769342856,-0.2077753612688793
416703.5440939789,-0.20660681140537018,103.9060469732625,-0.20660669107387947
421530.95065395377,-0.20544437020119055,104.75067424692303,-0.20544425363997615
426414.28151413274,-0.20428813289899206,105.60098071722678,-0.20428802002564853
431354.1845435729,-0.20313807059042957,106.45699772525599,-0.20313796132389997
436351.31511673797,-0.201994154403265,107.31875675082887,-0.201994048663816
441406.3362004395,-0.20085635550288944,108.18628941296683,-0.20085625321208692
446519.91844179406,-0.19972464509380522,109.0596274703656,-0.19972454617449012
451692.7402571996,-0.198598994421071,109.93880282186622,-0.19859889879733567
456925.4879223332,-0.1974793747717116,110.82384750692688,-0.19747928236887638
462218.8556632097,-0.1963657574760782,111.71479370609747,-0.19636566822066853
467573.54574827757,-0.19525811390911865,112.61167374149376,-0.1952580277288423
472990.26858159166,-0.19415641549170376,113.51452007727292,-0.1941563323154285
478469.74279705476,-0.19306063369185983,114.4233653201097,-0.19306055344959164
484012.69535377,-0.19197074002597053,115.3382422196756,-0.1919706626488317
489619.8616324781,-0.19088670605995064,116.259183669117,-0.19088663148015858
495291.9855331223,-0.18980850341038238,117.18622270553556,-0.18980843156122854
501029.81957354315,-0.18873610374561858,118.11939251046947,-0.18873603456144772
506834.12498930626,-0.18766947878685156,119.05872641037442,-0.1876694122030414
512705.67183470743,-0.18660860030914536,120.00425787710927,-0.18660853626208646
518645.2390849274,-0.1855534401424379,120.95602052841886,-0.1855533785695138
524653.614739382,-0.1845039701725077,121.9140481284206,-0.18450391101207536
530731.5959262573,-0.18346016234190993,122.87837458808974,-0.18346010553328057
536879.9890082766,-0.18242198865087675,123.849033965749,-0.18242193413429683
543099.6096896722,-0.18138942115818915,124.82606046755643,-0.18138936887482165
549391.2831244066,-0.18036243198201535,125.80948844799582,-0.18036238187392128
555755.8440256467,-0.17934099330071795,126.7993524103679,-0.17934094531083838
562194.1367764968,-0.17832507735363237,127.79568700728171,-0.17832503142577022
568707.0155420352,-0.17731465644181116,128.79852704114947,-0.1773146125206137
575295.3443826274,-0.17630970292874196,129.80790746468034,-0.17630966095968342
581959.9973685626,-0.1753101892410335,130.8238633813763,-0.1753101491703978
588701.8586960185,-0.17431608786907377,131.84643004602873,-0.17431604964393754
595521.8228043574,-0.17332737136766008,132.87564286521527,-0.17332733493587607
602420.794494806,-0.17234401235659666,133.91153739780137,-0.17234397766677714
609399.6890504847,-0.17136598352126955,134.95414935543815,-0.17136595052277012
616459.4323578432,-0.17039325761319044,136.00351460306499,-0.17039322625609388
623600.9610294867,-0.16942580745051541,137.05966915941042,-0.16942577768561592
630825.2225284517,-0.1684636059185341,138.12264919749757,-0.1684635776973217
638133.1752938947,-0.16750662597013527,139.19249104514742,-0.16750659924478029
645525.7888682506,-0.16655484062624498,140.26923118548524,-0.1665548153495829
653004.0440258641,-0.1656082229762391,141.35290625744773,-0.16560819910175553
660568.9329030983,-0.1646667461783318,142.4435530562893,-0.1646667236601476
668221.4591299759,-0.16373038345993685,143.5412085340939,-0.16373036225279344
675962.6379633206,-0.16279910811800688,144.64590980028333,-0.16279908817725192
683793.496421453,-0.16187289351941558,145.75769412213046,-0.16187287480098855
691715.0734204473,-0.16095171310129316,146.87659892527046,-0.1609516955617113
699728.4199119527,-0.1600355403708622,148.0026617942132,-0.16003552396720655
707834.5990226397,-0.15912434890602364,149.13592047286218,-0.1591243335959253
716034.6861952327,-0.1582181123555934,150.27641286502748,-0.15821809809721984
724329.7693311949,-0.15731680443947926,151.42417703494382,-0.15731679119152092
732720.9489350476,-0.15642039894883986,152.57925120778796,-0.15642038667049682
741209.3382603909,-0.15552886974622024,153.74167377019967,-0.15552885839718922
749796.0634575874,-0.15464219076567007,154.91148327080208,-0.1546421803061313
758482.2637231705,-0.1537603360128396,156.08871842072259,-0.15376032640344392
767269.091450984,-0.1528832795650554,157.2734180941165,-0.15288327076691172
776157.7123850577,-0.1520109955713772,158.46562132869033,-0.15201098754603976
785149.3057742843,-0.15114345825263134,159.66536732622833,-0.15114345096208737
794245.0645288576,-0.15028064190142698,160.87269545311761,-0.15028063530808436
803446.195378538,-0.1494225208821497,162.08764524087692,-0.14942251494882478
812753.9190327526,-0.14856906963093625,163.31025638668422,-0.14856906432084171
822169.4703425326,-0.14772026265562901,164.54056875390677,-0.14772025793236201
831694.09846436,-0.1468760745357078,165.77862237263284,-0.14687607036323813
841329.0670258795,-0.14603647992220442,167.02445744020332,-0.14603647626486277
851075.6542935504,-0.14520145353759492,168.2781143217455,-0.14520145036006124
860935.1533422194,-0.14437097017567332,169.53963355070667,-0.1443709674429654
870908.8722266931,-0.1435450047014025,170.80905582939107,-0.14354500237886447
880998.1341552628,-0.14272353205074734,172.08642202949596,-0.14272353010403852
891204.277665258,-0.14190652723048647,173.3717731926496,-0.1419065256255699
901528.6568006325,-0.1410939653180036,174.66515053095182,-0.14109396402113528
911972.6412915904,-0.1402858214610602,175.96659542751132,-0.1402858204387778
922537.6167363296,-0.13948207087754516,177.27614943699058,-0.13948207009665717
933224.9847848532,-0.13868268885520724,178.5938542861463,-0.13868268828278213
944036.1633249341,-0.13788765075136475,179.91975187437635,-0.13788765035472017
954972.5866702093,-0.13709693199259892,181.2538842742586,-0.13709693173929105
966035.7057504931,-0.13631050807442135,182.59629373210478,-0.13631050793223423
977226.9883042554,-0.1355283545609727,183.94702266850263,-0.1355283544979076
988547.9190733505,-0.13475044708466333,185.3061136788671,-0.13475044706892852
1000000.0,-0.1339767613457557,186.67360953398898,-0.1339767613457557
