x_abs_z,Psi_full,outer_leading,outer_O1,outer_err_leading,outer_err_O1,inner_leading,inner_O1,inner_err_leading,inner_err_O1
9.999999999999999e-06,4.130298884098076e-10,4.1302988843187535e-10,4.1302988863306863e-10,2.206773117684281e-20,2.232610104117375e-19,-51134.677494995965,-5821251963.1130495,51134.67749499638,5821251963.1130495
1.0097930959924098e-05,4.191119621685256e-10,4.1911196219113957e-10,4.191119623950727e-10,2.2613980573857516e-20,2.2654708879268096e-19,-50919.31419451856,-5740599975.835218,50919.314194518985,5740599975.835218
1.0196820967139383e-05,4.252835973460183e-10,4.252835973691916e-10,4.252835975758993e-10,2.3173309764308217e-20,2.2988098855278765e-19,-50704.728953157966,-5661051052.891681,50704.72895315839,5661051052.891681
1.0296679413687998e-05,4.3154611277080836e-10,4.3154611279455485e-10,4.315461130040724e-10,2.374649423001918e-20,2.3326405386055297e-19,-50490.91942642587,-5582590292.231452,50490.9194264263,5582590292.231452
1.0397515783589335e-05,4.379008466930506e-10,4.379008467173845e-10,4.379008469297476e-10,2.43338958625084e-20,2.366970084990129e-19,-50277.88327549129,-5505202990.786367,50277.883275491724,5505202990.786367
1.0499339653740623e-05,4.443491570707993e-10,4.443491570957359e-10,4.4434915731098043e-10,2.493660033632985e-20,2.401811449378745e-19,-50065.618167170374,-5428874641.84354,50065.61816717082,5428874641.84354
1.060216069482662e-05,4.5089242186025466e-10,4.5089242188580994e-10,4.5089242210397236e-10,2.555527973573123e-20,2.437177039480567e-19,-49854.12177391568,-5353590932.451933,49854.12177391613,5353590932.451933
1.0705988672238033e-05,4.575320393099184e-10,4.575320393361089e-10,4.575320395572259e-10,2.619050274738367e-20,2.47307512710172e-19,-49643.391773806456,-5279337740.863036,49643.391773806914,5279337740.863036
1.0810833446998914e-05,4.6426942825867116e-10,4.642694282855138e-10,4.6426942850962246e-10,2.6842631262805163e-20,2.5095129500725637e-19,-49433.42585053836,-5206101134.004934,49433.42585053883,5206101134.004934
1.0916704976703352e-05,4.711060284377444e-10,4.711060284652565e-10,4.711060286923944e-10,2.75120271735137e-20,2.5464992971871066e-19,-49224.221693413005,-5133867364.989243,49224.22169341348,5133867364.989243
1.1023613316461026e-05,4.780433007765411e-10,4.780433008047392e-10,4.780433010349442e-10,2.819807009404987e-20,2.5840315835059345e-19,-49015.77699732802,-5062622870.650909,49015.7769973285,5062622870.650909
1.1131568619852337e-05,4.850827277123174e-10,4.85082727741217e-10,4.850827279745275e-10,2.8899622651071404e-20,2.622101537222922e-19,-48808.08946276665,-4992354269.119908,48808.08946276714,4992354269.119908
1.124058113989267e-05,4.922258135036731e-10,4.92225813533288e-10,4.92225813769743e-10,2.9614927085776635e-20,2.660698818580412e-19,-48601.156795787785,-4923048357.424892,48601.15679578828,4923048357.424892
1.1350661230006111e-05,4.994740845488088e-10,4.994740845791523e-10,4.994740848187905e-10,3.0343466410282714e-20,2.6998172237238103e-19,-48394.97670801591,-4854692109.128134,48394.97670801641,4854692109.128134
1.146181934500891e-05,5.06829089751347e-10,5.068290897824432e-10,5.068290900253042e-10,3.109620076770597e-20,2.739571523963109e-19,-48189.54691663038,-4787272671.991273,48189.54691663089,4787272671.991273
1.1574066042102242e-05,5.142924008239223e-10,5.142924008557888e-10,5.142924011019126e-10,3.1866512713145976e-20,2.779902782679663e-19,-47984.86514435624,-4720777365.671864,47984.86514435676,4720777365.671864
1.168741198187504e-05,5.218656126135667e-10,5.218656126462227e-10,5.218656128956496e-10,3.265605660782784e-20,2.8208296114372555e-19,-47780.92911945317,-4655193679.449772,47780.92911945369,4655193679.449772
1.1801867929316409e-05,5.295503434549809e-10,5.295503434884469e-10,5.295503437412176e-10,3.3466073222670394e-20,2.8623675198723714e-19,-47577.73657570599,-4590509269.98353,47577.73657570652,4590509269.98353
1.1917444754837948e-05,5.373482355141337e-10,5.373482355484303e-10,5.373482358045859e-10,3.4296562557673633e-20,2.9045216778638394e-19,-47375.28525241437,-4526711959.096007,47375.285252414906,4526711959.096007
1.2034153435306343e-05,5.45260955137724e-10,5.452609551728718e-10,5.452609554324539e-10,3.514783480556727e-20,2.9472993232420192e-19,-47173.572894382596,-4463789731.5889635,47173.57289438314,4463789731.5889635
1.2152005055085685e-05,5.532901932084384e-10,5.532901932444586e-10,5.53290193507509e-10,3.6020200159081005e-20,2.990706659861505e-19,-46972.59725191001,-4401730733.086412,46972.59725191056,4401730733.086412
1.227101080709039e-05,5.614376655060168e-10,5.614376655429304e-10,5.614376658094915e-10,3.6913555220638275e-20,3.034746789649594e-19,-46772.35608078035,-4340523267.905992,46772.35608078091,4340523267.905992
1.239118199384815e-05,5.697051130740631e-10,5.697051131118914e-10,5.69705113382006e-10,3.7828313580545354e-20,3.079429018388177e-19,-46572.847142251856,-4280155796.9583416,46572.84714225242,4280155796.9583416
1.2512530028573326e-05,5.780943025925663e-10,5.78094302631331e-10,5.780943029050424e-10,3.876468203395538e-20,3.12476161788338e-19,-46374.068203047835,-4220616935.6740847,46374.06820304841,4220616935.6740847
1.2635066436251056e-05,5.866070267561401e-10,5.866070267958637e-10,5.866070270732153e-10,3.972359115905748e-20,3.1707518259655628e-19,-46176.01703534573,-4161895451.9576755,46176.01703534632,4161895451.9576755
1.2758802854731765e-05,5.952451046579042e-10,5.952451046986096e-10,5.952451049796453e-10,4.070545454615792e-20,3.2174110163681477e-19,-45978.69141676778,-4103980264.1683397,45978.69141676838,4103980264.1683397
1.2883751035836385e-05,6.040103821789933e-10,6.040103822207047e-10,6.04010382505469e-10,4.1711409568598974e-20,3.2647567666791516e-19,-45782.08913037072,-4046860439.1273236,45782.08913037132,4046860439.1273236
1.3009922846472668e-05,6.129047323836823e-10,6.129047324264251e-10,6.129047327149628e-10,4.274280039487603e-20,3.31280458653506e-19,-45586.207964635876,-3990525190.151257,45586.20796463649,3990525190.151257
1.313733026976202e-05,6.219300559200532e-10,6.219300559638537e-10,6.219300562562099e-10,4.3800454205601645e-20,3.361566883645061e-19,-45391.045713459454,-3934963875.1113873,45391.04571346007,3934963875.1113873
1.3265985406177793e-05,6.310882814262181e-10,6.31088281471104e-10,6.310882817673243e-10,4.4885921964424355e-20,3.411062269572937e-19,-45196.600176142114,-3880165994.5180855,45196.60017614275,3880165994.5180855
1.3395900474694426e-05,6.403813659420408e-10,6.403813659880406e-10,6.403813662881712e-10,4.599972065922701e-20,3.4613031520278765e-19,-45002.869157379144,-3826121189.6306043,45002.869157379784,3826121189.6306043
1.3527087813947878e-05,6.498112953263113e-10,6.498112953734543e-10,6.498112956775416e-10,4.714298766335186e-20,3.5123029726948334e-19,-44809.850467250995,-3772819240.591608,44809.85046725164,3772819240.591608
1.3659559883407656e-05,6.593800846793966e-10,6.593800847277126e-10,6.593800850358034e-10,4.831603316952862e-20,3.564067935428402e-19,-44617.54192121277,-3720250064.5860524,44617.54192121343,3720250064.5860524
1.3793329264559938e-05,6.690897787712666e-10,6.690897788207847e-10,6.690897791329262e-10,4.951813339472131e-20,3.6165959722770505e-19,-44425.94134008469,-3668403714.0243526,44425.94134008536,3668403714.0243526
1.3928408662102689e-05,6.789424524749254e-10,6.789424525256734e-10,6.789424528419132e-10,5.0747944170434524e-20,3.669877777458888e-19,-44235.04655004193,-3617270374.749241,44235.04655004261,3617270374.749241
1.4064810905152203e-05,6.889402112051729e-10,6.889402112571761e-10,6.889402115775625e-10,5.2003190749983744e-20,3.723895773385898e-19,-44044.85538260499,-3566840364.266261,44044.85538260568,3566840364.266261
1.4202548948461451e-05,6.990851913641334e-10,6.990851914174166e-10,6.99085191741998e-10,5.3283149350332985e-20,3.778645824155017e-19,-43855.365674629844,-3517104129.997459,43855.36567463054,3517104129.997459
1.4341635873650664e-05,7.093795608536314e-10,7.093795609082345e-10,7.093795612370598e-10,5.460312281281448e-20,3.834284060106865e-19,-43666.57526829755,-3468052247.5578585,43666.57526829826,3468052247.5578585
1.4482084890449513e-05,7.19825519499036e-10,7.198255195549908e-10,7.198255198881091e-10,5.595473593372613e-20,3.8907308651074837e-19,-43478.482011105356,-3419675419.054794,43478.482011106076,3419675419.054794
1.4623909337951914e-05,7.304252995056171e-10,7.30425299562957e-10,7.304252999004182e-10,5.733995326702274e-20,3.9480110545752495e-19,-43291.083755855885,-3371964471.4093037,43291.08375585661,3371964471.4093037
1.4767122685882806e-05,7.411811659526715e-10,7.411811660114318e-10,7.411811663532859e-10,5.876032577635286e-20,4.0061442740497106e-19,-43104.378360647956,-3324910354.6997423,43104.3783606487,3324910354.6997423
1.491173853587735e-05,7.520954172744406e-10,7.520954173346572e-10,7.520954176809547e-10,6.021657724475246e-20,4.065140863288524e-19,-42918.363688866564,-3278504140.5270925,42918.36368886731,3278504140.5270925
1.5057770622772946e-05,7.631703857492302e-10,7.631703858109397e-10,7.631703861617312e-10,6.170943145525754e-20,4.1250101280735807e-19,-42733.03760917297,-3232737020.4016523,42733.037609173734,3232737020.4016523
1.520523281591345e-05,7.744084379966436e-10,7.744084380598825e-10,7.744084384152195e-10,6.323888840786809e-20,4.1857593062352407e-19,-42548.39799549531,-3187600304.151083,42548.39799549608,3187600304.151083
1.535413912046663e-05,7.858119754829379e-10,7.858119755477436e-10,7.858119759076778e-10,6.480567188562009e-20,4.247398737531161e-19,-42364.44272701834,-3143085418.349166,42364.44272701912,3143085418.349166
1.5504503678754208e-05,7.973834350344257e-10,7.973834351008358e-10,7.973834354654192e-10,6.641009208124326e-20,4.3099346258159356e-19,-42181.169688173715,-3099183904.7653265,42181.169688174516,3099183904.7653265
1.565634077159492e-05,8.091252893588631e-10,8.09125289426916e-10,8.091252897962008e-10,6.805287277777357e-20,4.373376276871456e-19,-41998.576768630934,-3055887418.834555,41998.57676863174,3055887418.834555
1.580966481966106e-05,8.210400475748462e-10,8.210400476445814e-10,8.210400480186206e-10,6.973515134855329e-20,4.43774333623727e-19,-41816.661863286645,-3013187728.1472707,41816.66186328747,3013187728.1472707
1.5964490384847826e-05,8.331302557490866e-10,8.331302558205447e-10,8.331302561993913e-10,7.145806516692468e-20,4.5030471776468e-19,-41635.42287225555,-2971076710.9592233,41635.422872256386,2971076710.9592233
1.6120832171656547e-05,8.45398497441598e-10,8.453984975148214e-10,8.453984978985291e-10,7.322337199168941e-20,4.569310548566891e-19,-41454.85770086043,-2929546354.7208147,41454.85770086128,2929546354.7208147
1.627870502859114e-05,8.578473942586968e-10,8.578473943337296e-10,8.57847394722352e-10,7.503272618407259e-20,4.636552060561327e-19,-41274.9642596225,-2888588754.625863,41274.96425962336,2888588754.625863
1.6438123949568258e-05,8.704796064137895e-10,8.704796064906779e-10,8.704796068842694e-10,7.688840249075874e-20,4.70479963097578e-19,-41095.740464252,-2848196112.1794267,41095.74046425287,2848196112.1794267
1.6599104075341513e-05,8.832978332959267e-10,8.832978333747185e-10,8.832978337733339e-10,7.879184847781982e-20,4.774071871374034e-19,-40917.18423563799,-2808360733.78438,40917.18423563887,2808360733.78438
1.676166069493937e-05,8.963048140460483e-10,8.963048141267932e-10,8.963048145304872e-10,8.074492530163409e-20,4.844388427295635e-19,-40739.29349983893,-2769075029.346655,40739.29349983983,2769075029.346655
1.6925809247117113e-05,9.095033281408651e-10,9.095033282236136e-10,9.095033286324413e-10,8.274846014281409e-20,4.915761706449773e-19,-40562.06618807328,-2730331510.898853,40562.06618807419,2730331510.898853
1.7091565321823384e-05,9.228961959843992e-10,9.228961960692026e-10,9.228961964832197e-10,8.480338357954895e-20,4.9882051505214015e-19,-40385.50023670951,-2692122791.241833,40385.50023671043,2692122791.241833
1.7258944661680545e-05,9.364862795070497e-10,9.36486279593959e-10,9.36486280013222e-10,8.690938541910896e-20,5.061722895413583e-19,-40209.59358725666,-2654441582.60432,40209.5935872576,2654441582.60432
1.742796316348007e-05,9.502764827722222e-10,9.50276482861287e-10,9.502764832858513e-10,8.906481130026901e-20,5.136291159683707e-19,-40034.344186354596,-2617280695.3200245,40034.34418635555,2617280695.3200245
1.759863687969225e-05,9.642697525904165e-10,9.642697526816827e-10,9.642697531116055e-10,9.126614570542576e-20,5.21188926381646e-19,-39859.74998576447,-2580633036.5222507,39859.74998576544,2580633036.5222507
1.7770982019990642e-05,9.784690791429276e-10,9.784690792364412e-10,9.78469079671779e-10,9.351359542973233e-20,5.288513071908778e-19,-39685.80894235933,-2544491608.855673,39685.8089423603,2544491608.855673
1.7945014952791838e-05,9.928774966994578e-10,9.928774967952858e-10,9.92877497236096e-10,9.58280467836557e-20,5.366381786822989e-19,-39512.51901811411,-2508849509.2050114,39512.5190181151,2508849509.2050114
1.8120752206809758e-05,1.0074980842098824e-09,1.0074980843080807e-09,1.0074980847544206e-09,9.81983328289264e-20,5.445381671224866e-19,-39339.87818009646,-2473699927.4405293,39339.87818009746,2473699927.4405293
1.829821047262572e-05,1.0223339659442677e-09,1.0223339660448949e-09,1.022333966496822e-09,1.0062714190253523e-19,5.52554374438738e-19,-39167.88440045692,-2439036145.1799674,39167.884400457944,2439036145.1799674
1.84774066042735e-05,1.0373883121840048e-09,1.0373883122871225e-09,1.037388312744695e-09,1.031177827269324e-19,5.606903161486564e-19,-38996.53565641958,-2404851534.5668373,38996.53565642062,2404851534.5668373
1.8658357620839937e-05,1.052664339894931e-09,1.0526643400006016e-09,1.0526643404638778e-09,1.0567066889242418e-19,5.689468194328545e-19,-38825.829930272455,-2371139557.0647974,38825.82993027351,2371139557.0647974
1.8841080708081573e-05,1.0681653134119145e-09,1.068165313520202e-09,1.0681653139892405e-09,1.0828745476023568e-19,5.773259522428635e-19,-38655.76520935779,-2337893762.2678537,38655.76520935886,2337893762.2678537
1.9025593220056558e-05,1.083894545134797e-09,1.0838945452457659e-09,1.083894545720625e-09,1.1096876071582632e-19,5.858279213738366e-19,-38486.3394860631,-2305107786.72634,38486.339486064186,2305107786.72634
1.9211912680773117e-05,1.0998553962357076e-09,1.0998553963494228e-09,1.099855396830162e-09,1.137152071446555e-19,5.94454381186999e-19,-38317.55075781096,-2272775352.7882385,38317.55075781206,2272775352.7882385
1.9400056785853764e-05,1.116051277377617e-09,1.1160512774941453e-09,1.1160512779808234e-09,1.1652824161279522e-19,6.032063656581163e-19,-38149.397027050014,-2240890267.4558716,38149.39702705113,2240890267.4558716
1.959004340421583e-05,1.1324856494440994e-09,1.1324856495635085e-09,1.1324856500561847e-09,1.1940910489116428e-19,6.120853223532605e-19,-37981.87630124538,-2209446421.2576284,37981.87630124651,2209446421.2576284
1.978189057976883e-05,1.1491620242802846e-09,1.1491620244026437e-09,1.1491620249013778e-09,1.2235903775068151e-19,6.210931124288099e-19,-37814.98659286907,-2178437787.134525,37814.98659287022,2178437787.134525
1.9975616533127856e-05,1.1660839654448192e-09,1.1660839655702006e-09,1.1660839660750519e-09,1.2538134891379714e-19,6.302326310169083e-19,-37648.72591939078,-2147858419.341517,37648.725919391945,2147858419.341517
2.0171239663344347e-05,1.18325508897293e-09,1.1832550891014074e-09,1.183255089612436e-09,1.2847748594658312e-19,6.395061528642403e-19,-37483.09230326814,-2117702452.3632185,37483.092303269324,2117702452.3632185
2.0368778549653425e-05,1.200679064150402e-09,1.200679064282053e-09,1.200679064799319e-09,1.316509643666428e-19,6.489169866932561e-19,-37318.083771937556,-2087964099.8439734,37318.08377193876,2087964099.8439734
2.0568251953238323e-05,1.2183596142984627e-09,1.2183596144333674e-09,1.2183596149569305e-09,1.3490467930612015e-19,6.584678208409465e-19,-37153.69835780486,-2058637653.5320475,37153.698357806075,2058637653.5320475
2.07696788190125e-05,1.2363005175695343e-09,1.236300517707776e-09,1.2363005182376969e-09,1.382417326923122e-19,6.681625844152211e-19,-36989.934098235484,-2029717482.2376616,36989.93409823672,2029717482.2376616
2.097307827741861e-05,1.2545056077537167e-09,1.2545056078953818e-09,1.2545056084317203e-09,1.416650196573629e-19,6.780035521627645e-19,-36826.78903554552,-2001198030.804887,36826.78903554677,2001198030.804887
2.1178469646245697e-05,1.2729787750960503e-09,1.2729787752412262e-09,1.272978775784043e-09,1.4517598776734423e-19,6.87992792035108e-19,-36664.26121699208,-1973073819.097005,36664.261216993356,1973073819.097005
2.1385872432463762e-05,1.2917239671243679e-09,1.2917239672731446e-09,1.2917239678224996e-09,1.4877670497378756e-19,6.9813175159832355e-19,-36502.34869476407,-1945339440.9953182,36502.348694765366,1945339440.9953182
2.1595306334076313e-05,1.310745189487776e-09,1.3107451896402421e-09,1.3107451901961964e-09,1.524661373009272e-19,7.084204308524112e-19,-36341.0495259728,-1917989563.4111655,36341.04952597411,1917989563.4111655
2.1806791241991463e-05,1.3300465068056821e-09,1.3300465069619254e-09,1.330046507524539e-09,1.5624325077299746e-19,7.188567618458397e-19,-36180.36177264247,-1891018925.3109274,36180.3617726438,1891018925.3109274
2.2020347241910728e-05,1.349632043527249e-09,1.3496320436873526e-09,1.3496320442566857e-09,1.601034958966293e-19,7.29436608675546e-19,-36020.28350170134,-1864422336.753999,36020.28350170269,1864422336.753999
2.2235994616236956e-05,1.3695059848045531e-09,1.3695059849686004e-09,1.3695059855447135e-09,1.64047286262129e-19,7.401603849318366e-19,-35860.81278497175,-1838194677.943351,35860.81278497312,1838194677.943351
2.2453753846000522e-05,1.3896725774975852e-09,1.3896725776656896e-09,1.3896725782486433e-09,1.6810440037154846e-19,7.510580759119165e-19,-35701.94769916127,-1812330898.2887177,35701.94769916266,1812330898.2887177
2.2673645612804345e-05,1.4101361310005074e-09,1.4101361311727673e-09,1.4101361317626214e-09,1.7225994897386174e-19,7.621139651841471e-19,-35543.6863258533,-1786826015.4821262,35543.68632585471,1786826015.4821262
2.289569080078847e-05,1.4309010181392008e-09,1.4309010183157191e-09,1.4309010189125339e-09,1.7651827476728472e-19,7.733330158322038e-19,-35386.02675149765,-1761675114.58561,35386.026751499085,1761675114.58561
2.3119910498613127e-05,1.4519716761379621e-09,1.451971676318846e-09,1.4519716769226817e-09,1.8088392724518647e-19,7.847195705543025e-19,-35228.9670674015,-1736873347.131035,35228.967067402955,1736873347.131035
2.334632600146197e-05,1.473352607561659e-09,1.4733526077470182e-09,1.4733526083579341e-09,1.8535918115425148e-19,7.962750769165152e-19,-35072.50536971999,-1712415930.2317512,35072.50536972146,1712415930.2317512
2.3574958813064428e-05,1.4950483812738577e-09,1.4950483814638032e-09,1.4950483820818589e-09,1.8994548406055174e-19,8.080011892800669e-19,-34916.639759446894,-1688298145.706025,34916.639759448386,1688298145.706025
2.380583064773788e-05,1.517063633410895e-09,1.5170636336055403e-09,1.5170636342307953e-09,1.946453175059249e-19,8.199003891867953e-19,-34761.36834240579,-1664515339.2120745,34761.36834240731,1664515339.2120745
2.4038963432450276e-05,1.5394030683718495e-09,1.5394030685713089e-09,1.5394030692038226e-09,1.994593018758304e-19,8.319730902270068e-19,-34606.689229240226,-1641062919.3944612,34606.68922924177,1641062919.3944612
2.4274379308902292e-05,1.5620714598242213e-09,1.5620714600286118e-09,1.5620714606684428e-09,2.0439053909756527e-19,8.442215671473857e-19,-34452.600535405,-1617936357.0418625,34452.600535406564,1617936357.0418625
2.451210063563054e-05,1.5850736517253552e-09,1.585073651934796e-09,1.5850736525820028e-09,2.0944089032750778e-19,8.566476811043105e-19,-34299.100381156786,-1595131184.2559044,34299.10038115837,1595131184.2559044
2.475214999013093e-05,1.6084145593594411e-09,1.608414559574055e-09,1.6084145602286957e-09,2.1461387108326127e-19,8.69254534025078e-19,-34146.18689154485,-1572642993.631019,34146.18689154646,1572642993.631019
2.4994550171002812e-05,1.6320991703899873e-09,1.6320991706099001e-09,1.6320991712720328e-09,2.1991279008727597e-19,8.820454346321386e-19,-33993.85819640213,-1550467437.445169,33993.85819640376,1550467437.445169
2.5239324200114596e-05,1.6561325459278026e-09,1.6561325461531444e-09,1.656132546822826e-09,2.2534178324261463e-19,8.950234848527893e-19,-33842.11243033569,-1528600226.8612065,33842.11243033735,1528600226.8612065
2.5486495324789875e-05,1.6805198216142357e-09,1.6805198218451417e-09,1.6805198225224293e-09,2.309060204281057e-19,9.081936477707055e-19,-33690.947732718065,-1507037131.1388986,33690.947732719746,1507037131.1388986
2.5736087020015646e-05,1.7052662087197388e-09,1.7052662089563492e-09,1.705266209641299e-09,2.3661046472742452e-19,9.21560266084103e-19,-33540.36224767773,-1485773976.857277,33540.36224767943,1485773976.857277
2.5988122990671727e-05,1.7303769952575569e-09,1.7303769955000161e-09,1.7303769961926844e-09,2.4245925204363385e-19,9.351274756960446e-19,-33390.35412408999,-1464806647.1473444,33390.35412409172,1464806647.1473444
2.6242627173781927e-05,1.7558575471124934e-09,1.7558575473609512e-09,1.7558575480613924e-09,2.4845775905071526e-19,9.488989989192869e-19,-33240.92151556813,-1444131080.9349287,33240.921515569884,1444131080.9349287
2.6499623740787798e-05,1.7817133091847394e-09,1.7817133094393487e-09,1.7817133101476183e-09,2.54609294471119e-19,9.628789716568925e-19,-33092.06258045398,-1423743272.1935225,33092.062580455764,1423743272.1935225
2.675913709984413e-05,1.8079498065485239e-09,1.8079498068094404e-09,1.8079498075255923e-09,2.6091654664183583e-19,9.77068427884627e-19,-32943.77548180911,-1403639269.2070577,32943.77548181092,1403639269.2070577
2.702119189813696e-05,1.8345726456256373e-09,1.8345726458930168e-09,1.8345726466171035e-09,2.6737951556286577e-19,9.91466126831572e-19,-32796.058387405625,-1383815173.8424275,32796.05838740746,1383815173.8424275
2.7285813024224798e-05,1.8615875153737177e-09,1.8615875156477147e-09,1.8615875163797891e-09,2.7399696046329e-19,1.0060714481122676e-18,-32648.909469716906,-1364267140.831612,32648.90946971877,1364267140.831612
2.755302561040198e-05,1.889000188489122e-09,1.889000188769886e-09,1.88900018951e-09,2.8076371146428004e-19,1.0208777742818137e-18,-32502.32690590905,-1344991377.0633814,32502.326905910937,1344991377.0633814
2.7822855035085973e-05,1.916816522629265e-09,1.9168165229169468e-09,1.916816523665151e-09,2.876818365173673e-19,1.0358861393159758e-18,-32356.30887783122,-1325984140.884292,32356.308877833137,1325984140.884292
2.8095326925227532e-05,1.9450424618200988e-09,1.945042462114891e-09,1.9450424628712352e-09,2.947922810628731e-19,1.0511364546793097e-18,-32210.853572007047,-1307241741.4090176,32210.853572008993,1307241741.4090176
2.8370467158744422e-05,1.9736840376098244e-09,1.9736840379119004e-09,1.9736840386764336e-09,3.020760199467088e-19,1.0666092816274204e-18,-32065.959179625428,-1288760537.839793,32065.959179627404,1288760537.839793
2.8648301866979578e-05,2.002747370327515e-09,2.002747370637055e-09,2.002747371409825e-09,3.0953967061377476e-19,1.0823099968342894e-18,-31921.623896531488,-1270536938.7948544,31921.623896533492,1270536938.7948544
2.8928857437182445e-05,2.0322386704352815e-09,2.032238670752472e-09,2.0322386715335255e-09,3.171902640992777e-19,1.0982439769738984e-18,-31777.845923217712,-1252567401.6458263,31777.845923219746,1252567401.6458263
2.9212160515015512e-05,2.0621642398469303e-09,2.0621642401719627e-09,2.0621642409613457e-09,3.250323498965867e-19,1.11441535794931e-18,-31634.62346481486,-1234848431.8638482,31634.623464816923,1234848431.8638482
2.9498238007084803e-05,2.0925304732689738e-09,2.0925304736020434e-09,2.0925304743998004e-09,3.330696503184582e-19,1.1308266213023621e-18,-31491.954731082882,-1217376582.374391,31491.954731084974,1217376582.374391
2.978711708349514e-05,2.123343859563955e-09,2.1233438599052598e-09,2.1233438607114337e-09,3.4130464690672985e-19,1.1474785942136671e-18,-31349.83793640235,-1200148452.92065,31349.837936404474,1200148452.92065
3.007882518043102e-05,2.154610983136018e-09,2.154610983485759e-09,2.1546109843003913e-09,3.497410619741582e-19,1.1643733446347564e-18,-31208.27129976496,-1183160689.4353192,31208.271299767115,1183160689.4353192
3.0373390002761896e-05,2.186338525338462e-09,2.186338525696845e-09,2.1863385265199767e-09,3.5838303142380594e-19,1.1815145948783865e-18,-31067.253044765002,-1166409983.420774,31067.25304476719,1166409983.420774
3.067083952667384e-05,2.218533265903328e-09,2.218533266270563e-09,2.2185332671022325e-09,3.672346911587359e-19,1.1989044128960888e-18,-30926.781399590254,-1149893071.337415,30926.781399592473,1149893071.337415
3.0971202002326425e-05,2.251202084392784e-09,2.2512020847690862e-09,2.251202085609331e-09,3.763022450335422e-19,1.2165469345909261e-18,-30786.854597013058,-1133606734.0001564,30786.85459701531,1133606734.0001564
3.1274505956535524e-05,2.2843519616721588e-09,2.2843519620577494e-09,2.2843519629066055e-09,3.8559065613190013e-19,1.2344467094562673e-18,-30647.4708743815,-1117547795.9829304,30647.470874383784,1117547795.9829304
3.1580780195483135e-05,2.3179899814046843e-09,2.3179899817997925e-09,2.317989982657294e-09,3.9510819625993526e-19,1.2526095277564004e-18,-30508.628473610406,-1101713125.0310624,30508.628473612724,1101713125.0310624
3.1890053807452696e-05,2.3521233315675863e-09,2.3521233319724482e-09,2.3521233328386267e-09,4.048618964528543e-19,1.2710403525750007e-18,-30370.325641172643,-1086099631.481487,30370.325641174997,1086099631.481487
3.22023561655922e-05,2.3867593059896176e-09,2.3867593064044777e-09,2.3867593072793643e-09,4.1486002851678273e-19,1.2897466285375812e-18,-30232.560628089977,-1070704267.6906213,30232.560628092364,1070704267.6906213
3.251771693070368e-05,2.4219053059097614e-09,2.421905306334872e-09,2.4219053072184943e-09,4.2511045066753985e-19,1.3087329051375108e-18,-30095.331689924373,-1055524027.4698602,30095.331689926796,1055524027.4698602
3.283616605406007e-05,2.457568841557036e-09,2.4575688419926566e-09,2.457568842885042e-09,4.356206075306386e-19,1.32800579981969e-18,-29958.63708676915,-1040555945.5285696,29958.63708677161,1040555945.5285696
3.315773378025019e-05,2.4937575337513404e-09,2.4937575341977384e-09,2.4937575350989103e-09,4.46397943731592e-19,1.347569862077488e-18,-29822.475083240166,-1025797096.9244572,29822.475083242658,1025797096.9244572
3.3482450650051024e-05,2.530479115525143e-09,2.530479115982589e-09,2.5304791168925694e-09,4.574457679928503e-19,1.3674263326818235e-18,-29686.84394846682,-1011244596.521257,29686.84394846935,1011244596.521257
3.38103475033281e-05,2.5677414337658444e-09,2.5677414342346114e-09,2.5677414351534204e-09,4.687669754465573e-19,1.387576038813309e-18,-29551.741956083453,-996895598.453632,29551.74195608602,996895598.453632
3.4141455481964995e-05,2.605552450878903e-09,2.6055524513592624e-09,2.6055524522869177e-09,4.803594981411817e-19,1.4080148445688817e-18,-29417.167384220338,-982747295.5991492,29417.167384222943,982747295.5991492
3.447580603282047e-05,2.64392024647133e-09,2.6439202469635488e-09,2.6439202479000645e-09,4.922187865833544e-19,1.4287344781424162e-18,-29283.118515495167,-968796919.0573227,29283.118515497812,968796919.0573227
3.481343091071558e-05,2.682853019062835e-09,2.682853019567184e-09,2.682853020512572e-09,5.043489766761383e-19,1.4497370074854439e-18,-29149.593637003996,-955041737.6355296,29149.593637006677,955041737.6355296
3.515436218144942e-05,2.722359088056882e-09,2.722359088573691e-09,2.7223590895279615e-09,5.168092118333308e-19,1.4710795080602308e-18,-29016.591040312513,-941479057.3417925,29016.591040315234,941479057.3417925
3.54986322248443e-05,2.762446895351759e-09,2.7624468958813324e-09,2.7624468968444916e-09,5.295734358656366e-19,1.4927326149550314e-18,-28884.109021447464,-928106220.8843037,28884.109021450226,928106220.8843037
3.584627373782152e-05,2.8031250071053616e-09,2.8031250076480152e-09,2.803125008620066e-09,5.426536428919376e-19,1.5147045999759712e-18,-28752.145880887667,-914920607.1775844,28752.14588089047,914920607.1775844
3.619731973750621e-05,2.844402115626626e-09,2.844402116182686e-09,2.8444021171636297e-09,5.560601726698908e-19,1.5370037349291757e-18,-28620.699923555505,-901919630.8552372,28620.69992355835,901919630.8552372
3.6551803564363565e-05,2.886287041221059e-09,2.8862870417908597e-09,2.8862870427806934e-09,5.698008834153155e-19,1.559634569308014e-18,-28489.769458808038,-889100741.7891583,28489.769458810923,889100741.7891583
3.690975888536516e-05,2.9287887340676566e-09,2.92878873465154e-09,2.928788735650257e-09,5.838832197537245e-19,1.5826004118349363e-18,-28359.352800428274,-876461424.6151509,28359.352800431203,876461424.6151509
3.727121969718624e-05,2.971916276127007e-09,2.971916276725319e-09,2.9719162777329107e-09,5.983121447687932e-19,1.6059037440517802e-18,-28229.448266616757,-863999198.2648736,28229.44826661973,863999198.2648736
3.763622032943506e-05,3.0156788830805265e-09,3.0156788836936212e-09,3.015678884710074e-09,6.130946894957284e-19,1.6295474610906896e-18,-28100.054179982424,-851711615.5039684,28100.05417998544,851711615.5039684
3.800479544791271e-05,3.0600859063004683e-09,3.0600859069287058e-09,3.0600859079540028e-09,6.282374713794304e-19,1.6535344580838086e-18,-27971.16886753426,-839596262.4763885,27971.16886753732,839596262.4763885
3.837698005790602e-05,3.1051468348507483e-09,3.105146835494498e-09,3.1051468365286184e-09,6.437495894066373e-19,1.6778701117051187e-18,-27842.79066067255,-827650758.2547559,27842.790660675655,827650758.2547559
3.875280950751197e-05,3.1508712975182906e-09,3.15087129817793e-09,3.150871299220849e-09,6.596393153834747e-19,1.7025585578576826e-18,-27714.91789518013,-815872754.3967162,27714.91789518328,815872754.3967162
3.913231949099461e-05,3.1972690648746556e-09,3.1972690655505747e-09,3.1972690666022633e-09,6.759190570191308e-19,1.7276076547573197e-18,-27587.54891121389,-804259934.5072126,27587.548911217087,804259934.5072126
3.9515546052175655e-05,3.2443500513680574e-09,3.2443500520606565e-09,3.2443500531210814e-09,6.925991540712626e-19,1.7530240198489303e-18,-27460.68205329603,-792810013.8065615,27460.682053299275,792810013.8065615
3.99025255878571e-05,3.2921243174452417e-09,3.2921243181549346e-09,3.292124319224058e-09,7.096928414296709e-19,1.7788163385289462e-18,-27334.31567030553,-781520738.7043136,27334.31567030882,781520738.7043136
4.0293294851278574e-05,3.340602071703385e-09,3.3406020724305984e-09,3.3406020735083784e-09,7.272133539841566e-19,1.8049932961937993e-18,-27208.44811546945,-770389886.3787633,27208.44811547279,770389886.3787633
4.0687890955607704e-05,3.3897936730716055e-09,3.38979367381678e-09,3.3897936749031682e-09,7.451743402148268e-19,1.831562751059309e-18,-27083.077746354335,-759415264.3620727,27083.077746357725,759415264.3620727
4.1086351377464674e-05,3.43970963302201e-09,3.439709633785599e-09,3.439709634880544e-09,7.63588621421176e-19,1.858533802112213e-18,-26958.202924857706,-748594710.1309347,26958.202924861147,748594710.1309347
4.148871396048215e-05,3.4903606178102066e-09,3.4903606185926723e-09,3.490360619696116e-09,7.824657101802487e-19,1.8859093444846553e-18,-26833.822017199403,-737926090.702664,26833.822017202892,737926090.702664
4.189501691889879e-05,3.541757450744855e-09,3.5417574515466726e-09,3.5417574526585527e-09,8.018176006109267e-19,1.9136976499827618e-18,-26709.933393913183,-727407302.2367066,26709.933393916726,727407302.2367066
4.2305298841189203e-05,3.5939111144864533e-09,3.5939111153081e-09,3.5939111164283475e-09,8.216467742550479e-19,1.941894169113163e-18,-26586.53542983785,-717036269.6414204,26586.535429841446,717036269.6414204
4.271959869372864e-05,3.6468327533747856e-09,3.6468327542167405e-09,3.6468327553452824e-09,8.419548854738373e-19,1.970496833924328e-18,-26463.626504108965,-706810946.1861366,26463.62650411261,706810946.1861366
4.313795582449355e-05,3.700533675785162e-09,3.7005336766478995e-09,3.7005336777846545e-09,8.627373847739258e-19,1.9994924095264555e-18,-26341.205000150363,-696729313.1183819,26341.205000154063,696729313.1183819
4.356040996679924e-05,3.755025356523809e-09,3.75502535740781e-09,3.755025358552692e-09,8.840013031905203e-19,2.028882963871077e-18,-26219.269305665453,-686789379.2861875,26219.269305669208,686789379.2861875
4.3987001243072835e-05,3.8103194395879765e-09,3.8103194404938096e-09,3.810319441646726e-09,9.058330810976323e-19,2.0587491470679168e-18,-26097.817812628724,-676989180.7654634,26097.817812632533,676989180.7654634
4.44177701686645e-05,3.86642774041598e-09,3.866427741344177e-09,3.8664277425050285e-09,9.281975633192285e-19,2.089048772905734e-18,-25976.848917277384,-667326780.4923275,25976.84891728125,667326780.4923275
4.4852757655695124e-05,3.9233622483614175e-09,3.923362249312534e-09,3.923362250481214e-09,9.511162565512353e-19,2.1197967306355553e-18,-25856.361020102697,-657800267.9003409,25856.36102010662,657800267.9003409
4.529200501694164e-05,3.9811351293388765e-09,3.981135130313481e-09,3.981135131489877e-09,9.74604877225291e-19,2.151000464882893e-18,-25736.35252584183,-648407758.5626043,25736.35252584581,648407758.5626043
4.5735553969761355e-05,4.0397587284070284e-09,4.0397587294057076e-09,4.039758730589698e-09,9.986791417730343e-19,2.1826699018150984e-18,-25616.82184346886,-639147393.8385909,25616.8218434729,639147393.8385909
4.618344664005327e-05,4.099245572395385e-09,4.099245573418733e-09,4.099245574610191e-09,1.0233473220005907e-18,2.2148058686127835e-18,-25497.76738618689,-630017340.5257432,25497.76738619099,630017340.5257432
4.663572556625965e-05,4.1596083725750036e-09,4.159608373623629e-09,4.1596083748224186e-09,1.0486251343395987e-18,2.247414982720849e-18,-25379.187571419236,-621015790.5156792,25379.187571423394,621015790.5156792
4.7092433703405806e-05,4.220860027372491e-09,4.220860028447014e-09,4.220860029652992e-09,1.074522504957409e-18,2.280500552861745e-18,-25261.080820801082,-612140960.4550124,25261.080820805302,612140960.4550124
4.755361442717946e-05,4.283013625127234e-09,4.283013626228287e-09,4.2830136274413e-09,1.1010534959244347e-18,2.3140667149385343e-18,-25143.445560171156,-603391091.4107014,25143.445560175438,603391091.4107014
4.8019311538050974e-05,4.346082446891718e-09,4.346082448019951e-09,4.346082449239839e-09,1.1282329964917021e-18,2.34812091357673e-18,-25026.280219563203,-594764448.5398554,25026.28021956755,594764448.5398554
4.848956926543254e-05,4.410079969274421e-09,4.410079970430497e-09,4.41007997165709e-09,1.156075895910237e-18,2.3826689390406196e-18,-24909.583233197773,-586259320.7639695,24909.583233202182,586259320.7639695
4.896443227187953e-05,4.4750198673254345e-09,4.4750198685100365e-09,4.475019869743154e-09,1.1846020465147407e-18,2.4177198903169416e-18,-24793.353039473495,-577874020.4474915,24793.35303947797,577874020.4474915
4.9443945657331996e-05,4.540916017464137e-09,4.540916018677969e-09,4.540916019917424e-09,1.2138313006399145e-18,2.4532870022954967e-18,-24677.588080959056,-569606883.0807042,24677.588080963596,569606883.0807042
4.9928154963397746e-05,4.607782500449022e-09,4.607782501692806e-09,4.607782502938402e-09,1.2437843378010722e-18,2.4893802011436355e-18,-24562.28680438474,-561456266.9668398,24562.28680438935,561456266.9668398
5.041710617767832e-05,4.675633604389382e-09,4.675633605663866e-09,4.675633606915392e-09,1.2744843190553653e-18,2.5260102402093212e-18,-24447.44766063395,-553420552.9133646,24447.447660638623,553420552.9133646
5.091084573813584e-05,4.744483827798398e-09,4.7444838291043496e-09,4.744483830361589e-09,1.3059519239181075e-18,2.5631911815629673e-18,-24333.069104734954,-545498143.9274108,24333.069104739698,545498143.9274108
5.140942053750418e-05,4.814347882687742e-09,4.814347884025953e-09,4.814347885288675e-09,1.338211140627063e-18,2.6009329513719243e-18,-24219.149595852614,-537687464.9152656,24219.149595857427,537687464.9152656
5.191287792774223e-05,4.885240697703159e-09,4.885240699074437e-09,4.885240700342401e-09,1.3712785127944829e-18,2.6392421670810926e-18,-24105.687597279953,-529986962.38588643,24105.68759728484,529986962.38588643
5.2421265724530865e-05,4.957177421300874e-09,4.957177422706046e-09,4.957177423979e-09,1.4051722383938432e-18,2.6781262733159854e-18,-23992.68157643004,-522395104.15838736,23992.681576435,522395104.15838736
5.293463221181493e-05,5.030173424964846e-09,5.030173426404749e-09,5.0301734276824306e-09,1.4399030707731072e-18,2.71758444289599e-18,-23880.130004827337,-514910379.0734157,23880.13000483237,514910379.0734157
5.3453026146388146e-05,5.1042443064640665e-09,5.1042443079395424e-09,5.104244309221673e-09,1.4754759730159501e-18,2.7576067496537556e-18,-23768.03135809988,-507531296.7084264,23768.031358104985,507531296.7084264
5.397649676252452e-05,5.179405893150341e-09,5.179405894662227e-09,5.17940589594852e-09,1.5118859820386968e-18,2.798179131518869e-18,-23656.384115970624,-500256387.09673184,23656.384115975805,500256387.09673184
5.450509377665403e-05,5.255674245311353e-09,5.255674246860507e-09,5.2556742481506595e-09,1.5491537773566609e-18,2.8393065515750056e-18,-23545.186762249403,-493084200.45033294,23545.18676225466,493084200.45033294
5.5038867392084106e-05,5.333065660035641e-09,5.333065661623041e-09,5.333065662916739e-09,1.5873993001586627e-18,2.8810973704824096e-18,-23434.43778482453,-486013306.88645583,23434.437784829865,486013306.88645583
5.557786830376842e-05,5.41159667435522e-09,5.411596675981802e-09,5.411596677278716e-09,1.626582018594687e-18,2.92349616714004e-18,-23324.135675654685,-479042296.1577434,23324.135675660098,479042296.1577434
5.612214770312073e-05,5.491284068714097e-09,5.491284070380831e-09,5.491284071680619e-09,1.6667341927086235e-18,2.966521966701986e-18,-23214.278930760647,-472169777.38607293,23214.278930766137,472169777.38607293
5.66717572828776e-05,5.572144870669252e-09,5.5721448723771365e-09,5.57214487367944e-09,1.7078847738219116e-18,3.0101880040580477e-18,-23104.866050217086,-465394378.7999213,23104.86605022266,465394378.7999213
5.722674924200749e-05,5.65419635850572e-09,5.654196360255776e-09,5.654196361560221e-09,1.75005609581109e-18,3.054500896653126e-18,-22995.895538144174,-458714747.4752588,22995.895538149827,458714747.4752588
5.778717629066804e-05,5.737456064912987e-09,5.737456066706258e-09,5.737456068012457e-09,1.793270492552698e-18,3.0994697434739587e-18,-22887.36590269976,-452129549.0799217,22887.365902705496,452129549.0799217
5.835309165521286e-05,5.8219417807228085e-09,5.82194178256036e-09,5.82194178386791e-09,1.8375511251038865e-18,3.1451011619654465e-18,-22779.275656070884,-445637467.62138873,22779.275656076705,445637467.62138873
5.892454908324637e-05,5.907671558707621e-09,5.907671560590541e-09,5.907671561899018e-09,1.8829195001605824e-18,3.1913968064888144e-18,-22671.62331446567,-439237205.19795364,22671.623314471577,439237205.19795364
5.9501602848728075e-05,5.994663717439446e-09,5.994663719368844e-09,5.994663720677812e-09,1.9293979515993245e-18,3.2383657760308004e-18,-22564.407398105246,-432927481.75323325,22564.40739811124,432927481.75323325
6.008430775712804e-05,6.082936845209086e-09,6.0829368471861015e-09,6.082936848495104e-09,1.977015430741552e-18,3.2860179967587552e-18,-22457.626431215507,-426707034.83395326,22457.62643122159,426707034.83395326
6.067271915063109e-05,6.172509804004918e-09,6.172509806030715e-09,6.1725098073392784e-09,2.0257967530056418e-18,3.3343600861175792e-18,-22351.278942019053,-420574619.35099894,22351.278942025227,420574619.35099894
6.126689291339374e-05,6.263401733551378e-09,6.263401735627155e-09,6.263401736934786e-09,2.075776659977321e-18,3.383407760538911e-18,-22245.36346272703,-414529007.3436532,22245.363462733294,414529007.3436532
6.186688547685144e-05,6.355632055406534e-09,6.355632057533523e-09,6.35563205883971e-09,2.126989066061704e-18,3.4331759092737765e-18,-22139.878529530837,-408568987.74700487,22139.878529537193,408568987.74700487
6.247275382507767e-05,6.449220477118315e-09,6.449220479297781e-09,6.449220480601993e-09,2.1794662313026805e-18,3.4836777672119765e-18,-22034.8226825944,-402693366.1624845,22034.82268260085,402693366.1624845
6.308455550019697e-05,6.544186996439566e-09,6.544186998672816e-09,6.544186999974499e-09,2.2332495147308784e-18,3.5349323595076e-18,-21930.194466045763,-396900964.6314591,21930.194466052308,396900964.6314591
6.370234860784891e-05,6.640551905600942e-09,6.640551907889317e-09,6.6405519091878995e-09,2.2883753122932498e-18,3.5869578841341224e-18,-21825.992427969064,-391190621.4118836,21825.992427975703,391190621.4118836
6.432619182270753e-05,6.738335795641899e-09,6.738335797986779e-09,6.738335799281666e-09,2.344880019936747e-18,3.639766748800733e-18,-21722.215120396555,-385561190.7579379,21722.215120403293,385561190.7579379
6.49561443940536e-05,6.837559560799034e-09,6.83755956320183e-09,6.8375595644924045e-09,2.40279589770526e-18,3.693370534036007e-18,-21618.861099300437,-380011542.70262504,21618.861099307273,380011542.70262504
6.55922661514014e-05,6.938244402951563e-09,6.938244405413722e-09,6.938244406699344e-09,2.462158514365128e-18,3.74778082036852e-18,-21515.928924584976,-374540562.8432952,21515.928924591914,374540562.8432952
6.623461751018179e-05,7.040411836123926e-09,7.040411838646908e-09,7.040411839926914e-09,2.5229819319867646e-18,3.802987681630921e-18,-21413.417160078166,-369147152.13003063,21413.417160085206,369147152.13003063
6.688325947747968e-05,7.144083691044529e-09,7.144083693629816e-09,7.144083694903518e-09,2.5852876572660963e-18,3.8589894634619864e-18,-21311.324373523905,-363830226.656892,21311.32437353105,363830226.656892
6.75382536578279e-05,7.249282119760884e-09,7.249282122409958e-09,7.249282123676643e-09,2.649074035841898e-18,3.915758868901501e-18,-21209.64913657411,-358588717.45596254,21209.64913658136,358588717.45596254
6.819966225905887e-05,7.356029600333484e-09,7.356029603047861e-09,7.356029604306791e-09,2.714377463661122e-18,3.97330747847804e-18,-21108.390024780398,-353421570.29414725,21108.390024787754,353421570.29414725
6.886754809821177e-05,7.464348942247388e-09,7.464348945028763e-09,7.464348946279172e-09,2.7813749573748543e-18,4.031784184701864e-18,-21007.54561758626,-348327745.47271913,21007.545617593725,348327745.47271913
6.954197460749946e-05,7.574263290802094e-09,7.574263293652109e-09,7.5742632948932e-09,2.8500144046045045e-18,4.0911062695117166e-18,-20907.1144983191,-343306217.6295477,20907.114498326675,343306217.6295477
7.022300584033257e-05,7.685796131973459e-09,7.685796134893808e-09,7.685796136124767e-09,2.9203495720898885e-18,4.151308474493326e-18,-20807.095254182095,-338355975.5439862,20807.095254189782,338355975.5439862
7.091070647740251e-05,7.79897129759056e-09,7.79897130058299e-09,7.798971301802964e-09,2.9924300906677593e-18,4.2124040345364926e-18,-20707.486476246588,-333476021.9443928,20707.486476254388,333476021.9443928
7.160514183282546e-05,7.913812970395388e-09,7.913812973461686e-09,7.913812974669795e-09,3.0662973193687447e-18,4.274406184531017e-18,-20608.286759443614,-328665373.3182161,20608.286759451526,328665373.3182161
7.230637786034444e-05,8.030345689188024e-09,8.030345692330013e-09,8.03034569352535e-09,3.141989308501022e-18,4.337326505005476e-18,-20509.49470255644,-323923059.72466314,20509.49470256447,323923059.72466314
7.301448115959425e-05,8.148594354057885e-09,8.148594357277435e-09,8.148594358459056e-09,3.2195507258176692e-18,4.401171613404769e-18,-20411.10890821239,-319248124.6098604,20411.10890822054,319248124.6098604
7.372951898242631e-05,8.268584231699757e-09,8.268584234998772e-09,8.268584236165702e-09,3.2990146585431884e-18,4.465944818451346e-18,-20313.127982874914,-314639624.6245164,20313.127982883183,314639624.6245164
7.445155923929541e-05,8.390340960814435e-09,8.390340964194866e-09,8.390340965346098e-09,3.3804307375143327e-18,4.531662663757459e-18,-20215.55053683579,-310096629.4440351,20215.55053684418,310096629.4440351
7.518067050571057e-05,8.51389055759379e-09,8.51389056105763e-09,8.513890562192123e-09,3.4638403217617298e-18,4.598333421129233e-18,-20118.375184207158,-305618221.591041,20118.37518421567,305618221.591041
7.591692202874674e-05,8.639259421289166e-09,8.639259424838464e-09,8.639259425955141e-09,3.549298005205808e-18,4.6659752885401445e-18,-20021.60054291368,-301203496.2603062,20021.60054292232,301203496.2603062
7.666038373362256e-05,8.76647433986335e-09,8.766474343500204e-09,8.766474344597952e-09,3.636853418683321e-18,4.734601500879994e-18,-19925.225234684607,-296851561.1460191,19925.225234693375,296851561.1460191
7.741112623034105e-05,8.895562495725207e-09,8.895562499451773e-09,8.895562500529439e-09,3.726566119198372e-18,4.8042319104834826e-18,-19829.24788504586,-292561536.27138615,19829.247885054756,292561536.27138615
7.816922082039534e-05,9.026551471546386e-09,9.026551475364885e-09,9.02655147642128e-09,3.818498972477516e-18,4.8748929871302125e-18,-19733.667123312396,-288332553.8205318,19733.667123321422,288332553.8205318
7.893473950354152e-05,9.159469256160354e-09,9.159469260073069e-09,9.159469261106965e-09,3.9127148442473056e-18,4.946611200599785e-18,-19638.481582580134,-284163757.9726492,19638.481582589295,284163757.9726492
7.970775498463556e-05,9.294344250542354e-09,9.29434425455163e-09,9.294344255561756e-09,4.009274945873071e-18,5.0194014401432264e-18,-19543.689899718203,-280054304.73839706,19543.6898997275,280054304.73839706
8.048834068053958e-05,9.43120527387067e-09,9.431205277978915e-09,9.43120527896396e-09,4.108245451803815e-18,5.093290175540138e-18,-19449.290715361163,-276003361.79849094,19449.290715370593,276003361.79849094
8.127657072709407e-05,9.570081569668114e-09,9.570081573877797e-09,9.570081574836408e-09,4.209682610321193e-18,5.168293950402771e-18,-19355.282673901118,-272010108.34447443,19355.28267391069,272010108.34447443
8.207251998615839e-05,9.711002812023533e-09,9.711002816337177e-09,9.711002817267955e-09,4.313644324068083e-18,5.244422690898477e-18,-19261.664423480033,-268073734.92163572,19261.664423489743,268073734.92163572
8.287626405272199e-05,9.853999111893095e-09,9.853999116313265e-09,9.853999117214765e-09,4.420170297713887e-18,5.321669779582354e-18,-19168.434615981787,-264193443.27403507,19168.434615991642,264193443.27403507
8.36878792620826e-05,9.999101023480263e-09,9.999101028009555e-09,9.999101028880286e-09,4.529291964121882e-18,5.400023635925827e-18,-19075.591907024474,-260368446.19162828,19075.591907034475,260368446.19162828
8.450744269709737e-05,1.0146339550694901e-08,1.0146339555335929e-08,1.0146339556174354e-08,4.641027521265545e-18,5.479452827065619e-18,-18983.134955952675,-256597967.35944644,18983.13495596282,256597967.35944644
8.533503219550331e-05,1.0295746153723272e-08,1.029574615847871e-08,1.0295746159283237e-08,4.755438180510205e-18,5.559965624807855e-18,-18891.062425829645,-252881241.2088101,18891.06242583994,252881241.2088101
8.617072635730926e-05,1.044735275660494e-08,1.0447352761477728e-08,1.044735276224672e-08,4.8727886396518775e-18,5.64178040483425e-18,-18799.372983429555,-249217512.77055192,18799.372983440004,249217512.77055192
8.701460455226225e-05,1.060119175336586e-08,1.060119175835888e-08,1.0601191759090645e-08,4.99301934168646e-18,5.724784670581496e-18,-18708.065299229795,-245606037.53021333,18708.065299240396,245606037.53021333
8.786674692738414e-05,1.0757296014832056e-08,1.0757296019948274e-08,1.075729602064107e-08,5.116217967758883e-18,5.809013163635321e-18,-18617.138047403296,-242046081.28520322,18617.138047414053,242046081.28520322
8.87272344145848e-05,1.0915698895871702e-08,1.0915698901114172e-08,1.0915698901766196e-08,5.2424705446528516e-18,5.8944940081365505e-18,-18526.58990581067,-238536920.00387272,18526.589905821584,238536920.00387272
8.959614873834805e-05,1.1076434242475826e-08,1.1076434247847676e-08,1.107643424845707e-08,5.371849864262271e-18,5.981243747697437e-18,-18436.419555992637,-235077839.68650082,18436.419556003715,235077839.68650082
9.047357242349294e-05,1.1239536398959496e-08,1.1239536404463924e-08,1.1239536405028773e-08,5.504428718481045e-18,6.069277271569005e-18,-18346.62568316227,-231668136.22815222,18346.62568317351,231668136.22815222
9.135958880301263e-05,1.1405040215282727e-08,1.1405040220923e-08,1.1405040221441329e-08,5.640273281758178e-18,6.1586011971961565e-18,-18257.206976197347,-228307115.2833848,18257.206976208752,228307115.2833848
9.225428202598763e-05,1.157298105449027e-08,1.1572981060269729e-08,1.1572981060739501e-08,5.779458000348801e-18,6.2492304138299164e-18,-18168.162127632662,-224994092.13278827,18168.162127644235,224994092.13278827
9.315773706557897e-05,1.1743394800270142e-08,1.1743394806192206e-08,1.1743394806611319e-08,5.922063937952943e-18,6.341176501998861e-18,-18079.48983365235,-221728391.5513179,18079.489833664094,221728391.5513179
9.407003972709806e-05,1.1916317864629634e-08,1.19163178706978e-08,1.191631787106409e-08,6.068165540825734e-18,6.434456005315241e-18,-17991.188794082238,-218509347.67841226,17991.188794094156,218509347.67841226
9.499127665615534e-05,1.2091787195688437e-08,1.2091787201906289e-08,1.2091787202217522e-08,6.21785214447333e-18,6.529085467391307e-18,-17903.25771238231,-215336303.88986552,17903.257712394403,215336303.88986552
9.592153534689083e-05,1.2269840285588559e-08,1.2269840291959782e-08,1.2269840292213658e-08,6.371223010569237e-18,6.625099629812787e-18,-17815.69529563889,-212208612.67142305,17815.69529565116,212208612.67142305
9.686090415028226e-05,1.2450515178519558e-08,1.2450515185047927e-08,1.2450515185242078e-08,6.528369128980836e-18,6.7225199992756074e-18,-17728.500254557184,-209125635.494095,17728.500254569633,209125635.494095
9.78094722825376e-05,1.26338504788596e-08,1.2633850485549004e-08,1.263385048568098e-08,6.689402996271434e-18,6.82137966300427e-18,-17641.671303453564,-206086742.6911454,17641.6713034662,206086742.6911454
9.876732983356764e-05,1.2819885359430412e-08,1.2819885366284838e-08,1.2819885366352124e-08,6.8544255284757634e-18,6.921711708223277e-18,-17555.207160248083,-203091313.33675173,17555.207160260903,203091313.33675173
9.973456777554177e-05,1.3008659569866414e-08,1.3008659576889963e-08,1.3008659576889965e-08,7.02354922215713e-18,7.023550876518355e-18,-17469.106546456755,-200138735.1262997,17469.106546469764,200138735.1262997
0.00010071127797152926,1.3200213445097274e-08,1.3200213452294156e-08,1.3200213452224196e-08,7.196881610795167e-18,7.126921983307882e-18,-17383.368187184115,-197228404.25829768,17383.368187197313,197228404.25829768
0.00010169755318422282,1.3394587913942767e-08,1.3394587921317291e-08,1.3394587921174617e-08,7.374523610424605e-18,7.231849844010234e-18,-17297.990811115546,-194359725.31788865,17297.99081112894,194359725.31788865
0.00010269348708474914,1.3591824507819564e-08,1.359182451537614e-08,1.3591824515157912e-08,7.556576137080176e-18,7.338347693515211e-18,-17212.973150509828,-191532111.16193718,17212.97315052342,191532111.16193718
0.0001036991742615656,1.379196536955971e-08,1.379196537730283e-08,1.3791965377006124e-08,7.74312025446191e-18,7.446413877461589e-18,-17128.31394119151,-188744982.8056699,17128.313941205302,188744982.8056699
0.00010471471022944274,1.3995053262339158e-08,1.3995053270273381e-08,1.3995053269895186e-08,7.934223791380036e-18,7.556028543514666e-18,-17044.011922543366,-185997769.31085122,17044.01192255736,185997769.31085122
0.00010574019143853717,1.4201131578717098e-08,1.4201131586847026e-08,1.4201131586384243e-08,8.129928106865181e-18,7.667145369560139e-18,-16960.065837498965,-183289907.67547008,16960.065837513168,183289907.67547008
0.00010677571528355067,1.44102443498319e-08,1.4410244358162255e-08,1.441024435761169e-08,8.330355623648005e-18,7.77979082537761e-18,-16876.4744325351,-180620842.7249224,16876.47443254951,180620842.7249224
0.0001078213801129807,1.462243625600894e-08,1.4622436264544822e-08,1.4622436263903183e-08,8.535881881726606e-18,7.894242843652897e-18,-16793.236457664265,-177990027.00466362,16793.236457678886,177990027.00466362
0.00010887728523846145,1.4837752635330375e-08,1.4837752644076834e-08,1.4837752643340736e-08,8.746458904625455e-18,8.010360803681866e-18,-16710.350666427206,-175396920.6743151,16710.350666442046,175396920.6743151
0.0001099435309441947,1.5056239493182577e-08,1.505623950214481e-08,1.505623950131077e-08,8.962233930493588e-18,8.12819433630127e-18,-16627.815815885486,-172840991.4032079,16627.815815900543,172840991.40320793
0.0001110202184964758,1.527794351238716e-08,1.5277943521570514e-08,1.527794352063494e-08,9.183355851841263e-18,8.247781491819287e-18,-16545.630666613895,-170321714.2673343,16545.630666629175,170321714.26733434
0.00011210745015331022,1.550291206311033e-08,1.5502912072520273e-08,1.5502912071479468e-08,9.409943782676689e-18,8.369138813848166e-18,-16463.793982693103,-167838571.6477016,16463.793982708605,167838571.64770162
0.00011320532917412589,1.5731193212940575e-08,1.5731193222582705e-08,1.5731193221432864e-08,9.642130071897873e-18,8.492289463445061e-18,-16382.304531702108,-165391053.13005903,16382.304531717838,165391053.13005906
0.0001143139598295807,1.596283573713447e-08,1.5962835747014512e-08,1.5962835745751725e-08,9.880040450957925e-18,8.617253292944672e-18,-16301.161084710919,-162978655.4059845,16301.161084726882,162978655.40598452
0.00011543344741146426,1.6197889129028064e-08,1.6197889139151865e-08,1.6197889137772094e-08,1.0123800651309952e-17,8.744030302347e-18,-16220.362416273056,-160600882.17531317,16220.362416289254,160600882.1753132
0.00011656389824269965,1.6436403610614973e-08,1.643640362098853e-08,1.6436403619487633e-08,1.0373556256741763e-17,8.872660196321445e-18,-16139.907304418079,-158257244.04988417,16139.907304434515,158257244.0498842
0.00011770541968744002,1.6678430143288458e-08,1.66784301539179e-08,1.6678430152291604e-08,1.0629442924873817e-17,9.00314628359046e-18,-16059.7945306444,-155947258.45859873,16059.794530661078,155947258.45859876
0.00011885812016126601,1.6924020438747975e-08,1.6924020449639588e-08,1.6924020447883507e-08,1.0891612856938823e-17,9.135531577545897e-18,-15980.022879911594,-153670449.55375865,15980.022879928518,153670449.55375868
0.0001200221091414828,1.7173226970068275e-08,1.7173226981228513e-08,1.7173226979338124e-08,1.1160238106504194e-17,9.269849165412258e-18,-15900.591140633218,-151426348.11867905,15900.591140650391,151426348.11867908
0.00012119749717751696,1.7426102982930774e-08,1.7426102994366255e-08,1.74261029923369e-08,1.1435480800969989e-17,9.406125516969144e-18,-15821.4981046694,-149214491.47655404,15821.498104686825,149214491.47655407
0.00012238439590141632,1.7682702507016083e-08,1.768270251873361e-08,1.7682702516560503e-08,1.171752622879342e-17,9.54442018922066e-18,-15742.742567319392,-147034423.40055665,15742.742567337074,147034423.40055668
0.00012358291803845213,1.7943080367556567e-08,1.794308037956311e-08,1.7943080377241336e-08,1.2006543134819448e-17,9.684769578113757e-18,-15664.323327314349,-144885694.0251602,15664.323327332291,144885694.02516022
0.0001247931774178248,1.820729219704871e-08,1.820729220935145e-08,1.8207292206875945e-08,1.2302739968562436e-17,9.82723324065254e-18,-15586.239186809853,-142767859.75866175,15586.239186828061,142767859.75866178
0.00012601528898347551,1.8475394447123505e-08,1.8475394459729797e-08,1.8475394457095343e-08,1.2606292092312246e-17,9.97183764661661e-18,-15508.488951378697,-140680483.1968939,15508.488951397172,140680483.19689393
0.0001272493688050021,1.8747444400574594e-08,1.8747444413491976e-08,1.874744441069321e-08,1.2917381485803638e-17,1.011861588323047e-17,-15431.071430003476,-138623133.03810734,15431.071430022224,138623133.03810737
0.00012849553408868307,1.902350018354284e-08,1.9023500196779023e-08,1.902350019381044e-08,1.3236183511326476e-17,1.026760103771862e-17,-15353.985435069353,-136595383.9990095,15353.985435088376,136595383.99900952
0.00012975390318860976,1.9303620777857113e-08,1.930362079141996e-08,1.930362078827588e-08,1.3562847061391017e-17,1.0418766640301461e-17,-15277.229782356699,-134596816.73194125,15277.229782376002,134596816.73194128
0.00013102459561792568,1.958786603352913e-08,1.9587866047426632e-08,1.9587866044101234e-08,1.389750117617282e-17,1.0572102764811641e-17,-15200.803291033779,-132627017.7431824,15200.803291053368,132627017.74318242
0.00013230773206017885,1.987629668140329e-08,1.9876296695643553e-08,1.9876296692130828e-08,1.4240261660957644e-17,1.0727536619355255e-17,-15124.70478364958,-130685579.31236225,15124.704783669456,130685579.31236227
0.00013360343438078236,2.01689743460277e-08,2.0168974360619018e-08,2.0168974356912802e-08,1.459131711292515e-17,1.0885101291156806e-17,-15048.933086126448,-128772099.41296935,15048.933086146617,128772099.41296937
0.000134911825638589,2.046596156050336e-08,2.046596157545462e-08,2.0465961571548567e-08,1.4951259793393923e-17,1.104520706180012e-17,-14973.487027752848,-126886181.63393779,14973.487027773313,126886181.6339378
0.00013623303009757922,2.076732177846201e-08,2.0767321793782054e-08,2.0767321789669642e-08,1.5320043380249665e-17,1.1207632246881032e-17,-14898.365441176129,-125027435.10230124,14898.365441196896,125027435.10230125
0.00013756717323866168,2.1073119387440614e-08,2.107311940313855e-08,2.1073119398813073e-08,1.569793588001084e-17,1.1372459564460799e-17,-14823.567162395326,-123195474.40689924,14823.567162416399,123195474.40689926
0.00013891438177159252,2.1383419723054344e-08,2.1383419739139517e-08,2.1383419734594076e-08,1.6085172211971414e-17,1.1539732027931272e-17,-14749.091030753842,-121389919.52311654,14749.091030775226,121389919.52311656
0.00014027478364700814,2.169828908286403e-08,2.1698289099346012e-08,2.1698289094573518e-08,1.6481983986702903e-17,1.1709489341961855e-17,-14674.935888932308,-119610395.73865117,14674.935888954007,119610395.73865119
0.00014164850806857782,2.20177947404792e-08,2.201779475736779e-08,2.201779475236095e-08,1.688858957988702e-17,1.1881751358887248e-17,-14601.10058294131,-117856533.58028787,14601.100582963327,117856533.58028789
0.00014303568550527534,2.2342004959896342e-08,2.2342004977201566e-08,2.2342004971952887e-08,1.7305223910817728e-17,1.2056544548487053e-17,-14527.583962114279,-116127968.7416696,14527.583962136621,116127968.74166961
0.00014443644770376865,2.267098901006879e-08,2.2670989027800897e-08,2.267098902230267e-08,1.7732105355176744e-17,1.2233878836928621e-17,-14454.38487910023,-114424342.01205206,14454.384879122901,114424342.01205209
0.00014585092770093449,2.3004817179709946e-08,2.3004817197879434e-08,2.3004817192123743e-08,1.8169488684592733e-17,1.2413797237603805e-17,-14381.502189856577,-112745299.20602489,14381.502189879582,112745299.20602491
0.00014727925983649192,2.334356079232583e-08,2.3343560810943447e-08,2.3343560804922148e-08,1.861761543580456e-17,1.2596316294124856e-17,-14308.934753642123,-111090491.09419368,14308.934753665466,111090491.09419371
0.00014872157976576175,2.3687292221477886e-08,2.368729224055465e-08,2.3687292234259375e-08,1.9076763541498045e-17,1.2781488946050977e-17,-14236.68143300966,-109459573.33480091,14236.681433033347,109459573.33480094
0.00015017802447255102,2.4036084906273172e-08,2.403608492582038e-08,2.4036084919242524e-08,1.9547207625636554e-17,1.296935158932912e-17,-14164.741093799013,-107852206.40628062,14164.74109382305,107852206.40628065
0.00015164873228216117,2.439001336708134e-08,2.4390013387110587e-08,2.4390013380241312e-08,2.0029245473240605e-17,1.315997039840829e-17,-14093.112605129843,-106268055.54073183,14093.112605154234,106268055.54073186
0.0001531338428745278,2.4749153221477643e-08,2.474915324200083e-08,2.4749153234831045e-08,2.052318810422052e-17,1.335340162157014e-17,-14021.794839394492,-104706790.65829489,14021.79483941924,104706790.65829492
0.00015463349729748482,2.511358120040955e-08,2.5113581221438898e-08,2.5113581213959263e-08,2.1029346538486618e-17,1.3549711433263675e-17,-13950.78667225095,-103168086.30242534,13950.786672276063,103168086.30242537
0.00015614783798016115,2.5483375164586645e-08,2.548337518613469e-08,2.548337517833561e-08,2.154804503083902e-17,1.3748966007937898e-17,-13880.08698261566,-101651621.57604708,13880.086982641144,101651621.57604711
0.00015767700874650846,2.5858614121092177e-08,2.5858614143171785e-08,2.58586141350434e-08,2.2079607836077847e-17,1.3951221593874464e-17,-13809.694652656472,-100157080.07857606,13809.69465268233,100157080.07857609
0.00015922115482895906,2.623937824021476e-08,2.6239378262839114e-08,2.623937825437129e-08,2.262435259155832e-17,1.4156527821910126e-17,-13739.608567785654,-98684149.84380418,13739.608567811892,98684149.84380421
0.00016078042288222158,2.6625748872499875e-08,2.662574889568245e-08,2.662574888686477e-08,2.3182573773578504e-17,1.4364894618212233e-17,-13669.82761665259,-97232523.27862523,13669.827616679217,97232523.27862526
0.0001623549609972076,2.701780856601864e-08,2.7017808589773208e-08,2.7017808580594964e-08,2.3754569167158923e-17,1.4576325291503238e-17,-13600.35069113694,-95801897.1026017,13600.350691163958,95801897.10260174
0.0001639449187150972,2.7415641083853234e-08,2.7415641108193815e-08,2.7415641098644018e-08,2.434058030903844e-17,1.4790783445836186e-17,-13531.176686341447,-94391972.28835148,13531.176686368863,94391972.2883515
0.00016555044704154214,2.78193314217983e-08,2.7819331446739125e-08,2.781933143680648e-08,2.494082557489877e-17,1.5008179745704922e-17,-13462.304500584994,-93002454.00274958,13462.304500612814,93002454.0027496
0.0001671716984610065,2.822896582637512e-08,2.822896585193078e-08,2.822896584160367e-08,2.5555658998042085e-17,1.52285505870564e-17,-13393.73303539552,-91633051.54893139,13393.73303542375,91633051.54893142
0.00016880882695124953,2.86446318156151e-08,2.8644631841801077e-08,2.8644631831067588e-08,2.6185977242252392e-17,1.5452488231209205e-17,-13325.46119550296,-90283478.3090866,13325.461195531605,90283478.30908664
0.00017046198799794938,2.9066418195805547e-08,2.906641822263733e-08,2.9066418211485196e-08,2.6831783616252142e-17,1.5679648571028518e-17,-13257.487888832398,-88953451.68803518,13257.487888861464,88953451.6880352
0.00017213133860947033,2.949441508022041e-08,2.9494415107713937e-08,2.9494415096130576e-08,2.7493528106294565e-17,1.5910167264134796e-17,-13189.812026496835,-87642693.05757092,13189.81202652633,87642693.05757095
0.00017381703733177506,2.99287139089479e-08,2.9928713937119534e-08,2.992871392509202e-08,2.8171634228853286e-17,1.6144117102421943e-17,-13122.432522790372,-86350927.7015671,13122.4325228203,86350927.70156713
0.00017551924426348158,3.0369407468296676e-08,3.036940749716317e-08,3.036940748467821e-08,2.886649241317743e-17,1.6381531173114463e-17,-13055.348295181175,-85077884.7618305,13055.348295211545,85077884.76183052
0.0001772381210710693,3.0816589910531224e-08,3.081658994010972e-08,3.081658992715367e-08,2.9578496397238575e-17,1.6622445872159307e-17,-12988.558264304473,-83823297.18469426,12988.55826433529,83823297.18469429
0.00017897383100423282,3.1270356773935925e-08,3.1270356804243975e-08,3.127035679080282e-08,3.0308049845175644e-17,1.6866894286780978e-17,-12922.061353955669,-82586901.66834143,12922.06135398694,82586901.66834146
0.0001807265389113866,3.1730805003204434e-08,3.1730805034259997e-08,3.173080502031935e-08,3.1055563038572464e-17,1.7114916121648878e-17,-12855.856491083356,-81368438.61084668,12855.856491115086,81368438.61084671
0.000182496411255322,3.219803297015388e-08,3.219803300197535e-08,3.219803298752042e-08,3.1821466111347564e-17,1.7366537846542608e-17,-12789.942605782302,-80167652.05892819,12789.9426058145,80167652.05892822
0.00018428361612901585,3.2672140494761164e-08,3.2672140527367366e-08,3.2672140512382956e-08,3.260620243230927e-17,1.7621792548686672e-17,-12724.31863128673,-78984289.6574013,12724.318631319402,78984289.65740132
0.00018608832327159572,3.315322886652084e-08,3.315322889993107e-08,3.315322888440158e-08,3.3410228605155714e-17,1.7880739785085172e-17,-12658.983503963138,-77818102.59932008,12658.98350399629,77818102.59932011
0.00018791070408446145,3.36414008661213e-08,3.3641400900355364e-08,3.3641400884264775e-08,3.4234060790589127e-17,1.8143472199966715e-17,-12593.936163303573,-76668845.57680279,12593.936163337215,76668845.57680282
0.0001897509316475619,3.413676078743825e-08,3.413676082251643e-08,3.413676080584829e-08,3.507818206208724e-17,1.8410042732890504e-17,-12529.175551918686,-75536276.73252922,12529.175551952823,75536276.73252925
0.00019160918073583586,3.46394144598443e-08,3.463941449578744e-08,3.463941447852484e-08,3.594314166757679e-17,1.8680544028085145e-17,-12464.700615530797,-74420157.61189966,12464.700615565436,74420157.61189969
0.0001934856278358091,3.5149469270831565e-08,3.5149469307661054e-08,3.5149469289786654e-08,3.682948885498451e-17,1.8955088582113945e-17,-12400.510302967103,-73320253.11585066,12400.510303002253,73320253.11585069
0.0001953804511623569,3.566703418894653e-08,3.5667034226684296e-08,3.566703420818027e-08,3.773776625479224e-17,1.9233742569425908e-17,-12336.603566152708,-72236331.45431378,12336.603566188374,72236331.45431381
0.0001972938306756306,3.61922197870351e-08,3.6192219825703636e-08,3.619221980655167e-08,3.8668536349816506e-17,1.951657216447004e-17,-12272.979360103847,-71168164.1003127,12272.97936014004,71168164.10031272
0.0001992259480981473,3.6725138265795574e-08,3.672513830541793e-08,3.6725138285599245e-08,3.962235500542895e-17,1.9803670011474944e-17,-12209.636642921072,-70115525.74468842,12209.636642957797,70115525.74468845
0.00020117698693205153,3.7265903477639195e-08,3.726590351823897e-08,3.726590349773425e-08,4.059977146955631e-17,2.0095055962775324e-17,-12146.57437578226,-69078194.25144204,12146.574375819526,69078194.25144209
0.00020314713247654111,3.781463095085471e-08,3.781463099245599e-08,3.781463097124544e-08,4.1601282050566114e-17,2.039073001837118e-17,-12083.791522935939,-68055950.61369188,12083.791522973754,68055950.61369193
0.00020513657184546667,3.837143791407589e-08,3.8371437956703256e-08,3.837143793476651e-08,4.262736320449119e-17,2.0690619386368604e-17,-12021.287051694373,-67048578.91023115,12021.287051732745,67048578.91023119
0.00020714549398510363,3.893644332105148e-08,3.893644336472992e-08,3.8936443342046096e-08,4.3678445065250073e-17,2.0994618187649192e-17,-11959.059932426813,-66055866.26268143,11959.05993246575,66055866.26268147
0.0002091740896920949,3.950976787585381e-08,3.950976792060895e-08,3.9509767897156595e-08,4.4755143055218497e-17,2.1302785979217048e-17,-11897.109138552767,-65077602.793234184,11897.109138592277,65077602.79323422
0.0002112225516315748,4.0091534061966075e-08,4.009153410782489e-08,4.009153408358198e-08,4.585881375060105e-17,2.161590361957042e-17,-11835.433646534932,-64113581.58296714,11835.433646575024,64113581.58296718
0.00021329107435546477,4.068186616570091e-08,4.068186621269056e-08,4.068186618763448e-08,4.6989649057299843e-17,2.1933567444570385e-17,-11774.032435872816,-63163598.63073753,11774.032435913497,63163598.630737565
0.00021537985432095206,4.128089030242245e-08,4.128089035057082e-08,4.128089032467835e-08,4.8148370276809025e-17,2.225590318567005e-17,-11712.904489095685,-62227452.812633745,11712.904489136965,62227452.81263379
0.00021748908990914883,4.188873444428716e-08,4.1888734493622876e-08,4.188873446687019e-08,4.933571856295744e-17,2.258302995687762e-17,-11652.048791755862,-61304945.84198447,11652.048791797752,61304945.84198452
0.000219618981443931,4.2505528447398454e-08,4.250552849795084e-08,4.250552847031347e-08,5.055238874745964e-17,2.2915013932642102e-17,-11591.464332422069,-60395882.22991741,11591.464332464575,60395882.22991745
0.0002217697312109669,4.313140407942346e-08,4.313140413122253e-08,4.313140410267535e-08,5.179906904458526e-17,2.3251888200187998e-17,-11531.150102672585,-59500069.246455945,11531.150102715717,59500069.24645599
0.00022394154347692708,4.3766495047667525e-08,4.3766495100744006e-08,4.3766495071261225e-08,5.307648075582845e-17,2.359369908162961e-17,-11471.10509708858,-58617316.88215175,11471.105097132348,58617316.8821518
0.00022613462450888505,4.441093702760483e-08,4.4410937081990165e-08,4.441093705154531e-08,5.4385331947793555e-17,2.394047966419144e-17,-11411.32831324747,-57747437.81024285,11411.32831329188,57747437.81024289
0.00022834918259390859,4.5064867691864486e-08,4.506486774759088e-08,4.506486771615678e-08,5.572639686153393e-17,2.4292296122322495e-17,-11351.818751715937,-56890247.34932885,11351.818751761002,56890247.3493289
0.00023058542805883906,4.572842673966503e-08,4.5728426796765474e-08,4.572842676431423e-08,5.710044312065801e-17,2.4649201395581975e-17,-11292.575416043634,-56045563.42656284,11292.575416089361,56045563.42656288
0.00023284357329027042,4.64017559267006e-08,4.64017559852089e-08,4.6401755951711865e-08,5.850830452322326e-17,2.5011268275863786e-17,-11233.597312756141,-55213206.54134285,11233.597312802543,55213206.54134289
0.000235123832754718,4.70849990954717e-08,4.708499915542252e-08,4.7084999120850324e-08,5.995082148473204e-17,2.5378622494621035e-17,-11174.883451348496,-54392999.7295062,11174.88345139558,54392999.72950625
0.00023742642301898827,4.777830220605991e-08,4.77783022674888e-08,4.7778302231811255e-08,6.142888736024589e-17,2.575134346119253e-17,-11116.432844278464,-53584768.52801291,11116.432844326242,53584768.52801295
0.000239751562770748,4.8481813367344955e-08,4.848181343028837e-08,4.848181339347451e-08,6.294341535716108e-17,2.6129556907031375e-17,-11058.244506959869,-52788340.94011456,11058.24450700835,52788340.94011461
0.00024209947283929245,4.919568286865957e-08,4.9195682933154927e-08,4.9195682895172963e-08,6.449535838754327e-17,2.6513395181035582e-17,-11000.317457755971,-52003547.40100201,11000.317457805168,52003547.401002064
0.00024447037621651974,4.992006321188136e-08,4.992006327796704e-08,4.9920063238784355e-08,6.608568259834792e-17,2.6902997249548058e-17,-10942.650717972818,-51230220.74392439,10942.650718022738,51230220.74392444
0.00024686449807810894,5.0655109143957866e-08,5.065510921167321e-08,5.065510917125631e-08,6.77153409016407e-17,2.7298442521907608e-17,-10885.243311852653,-50468196.16677377,10885.243311903308,50468196.16677382
0.00024928206580490593,5.140097768986437e-08,5.140097775924969e-08,5.1400977717564213e-08,6.938531929671175e-17,2.769984349467754e-17,-10828.094266567257,-49717311.19912881,10828.094266618658,49717311.19912886
0.00025172330900451986,5.215782818598928e-08,5.215782825708584e-08,5.2157828214096505e-08,7.109656407818185e-17,2.8107226637637457e-17,-10771.20261221131,-48977405.66975135,10771.202612263467,48977405.669751406
0.00025418845953312843,5.292582231394683e-08,5.292582238679682e-08,5.292582234246743e-08,7.284998845344726e-17,2.8520598568232256e-17,-10714.567381795894,-48248321.674530275,10714.56738184882,48248321.67453033
0.0002566777515174994,5.3705124134812894e-08,5.370512420945938e-08,5.370512416375278e-08,7.464648577756953e-17,2.8939886494568036e-17,-10658.187611241849,-47529903.54486539,10658.187611295554,47529903.544865444
0.00025919142137722644,5.4495900123783894e-08,5.4495900200270725e-08,5.4495900153148786e-08,7.6486830291602e-17,2.936489189329778e-17,-10602.062339373137,-46821997.81648608,10602.062339427632,46821997.816486135
0.0002617297078471828,5.529831920544971e-08,5.529831928382184e-08,5.5298319235245424e-08,7.837212710884306e-17,2.9795714026095e-17,-10546.190607910476,-46124453.19869995,10546.190607965775,46124453.1987
0.00026429285200019594,5.611255279449424e-08,5.6112552874798744e-08,5.6112552824727715e-08,8.030450704655064e-17,3.0233477858592763e-17,-10490.57146146445,-45437120.544061966,10490.571461520562,45437120.544062026
0.0002668810972699419,5.6938774828460935e-08,5.6938774910745374e-08,5.693877485913851e-08,8.228443994331267e-17,3.067757458586023e-17,-10435.203947529339,-44759852.818464376,10435.203947586277,44759852.818464436
0.0002694946894740661,5.77771618044447e-08,5.7777161888757886e-08,5.777716183557289e-08,8.431318311366023e-17,3.112818949635462e-17,-10380.087116476316,-44092505.07163499,10380.087116534092,44092505.07163505
0.0002721338768375309,5.8627892817906885e-08,5.862789290429892e-08,5.8627892849492386e-08,8.639203357679379e-17,3.1585501261088237e-17,-10325.220021547002,-43434934.408043176,10325.22002160563,43434934.408043236
0.00027479891001618744,5.949114960067028e-08,5.949114968919245e-08,5.949114963271988e-08,8.852216923790565e-17,3.204959590684479e-17,-10270.601718846989,-42786999.95820638,10270.60171890648,42786999.95820644
0.00027749004212058586,6.036711655956064e-08,6.03671166502655e-08,6.036711659208118e-08,9.070485402897177e-17,3.252053299062838e-17,-10216.231267339252,-42148562.85039068,10216.231267399618,42148562.85039074
0.0002802075287400109,6.125598081568858e-08,6.125598090862991e-08,6.125598084868693e-08,9.294132541218855e-17,3.299835221710841e-17,-10162.107728837713,-41519486.18270227,10162.107728898969,41519486.18270233
0.0002829516279667578,6.215793224436943e-08,6.215793233960228e-08,6.215793227785256e-08,9.523285393697685e-17,3.348313299562369e-17,-10108.230168000815,-40899634.99556293,10108.230168062973,40899634.99556299
0.00028572260042064547,6.307316351568039e-08,6.307316361326117e-08,6.30731635496553e-08,9.758077632720656e-17,3.3974915030843614e-17,-10054.597652324794,-40288876.2445633,10054.597652387867,40288876.244563356
0.0002885207092737658,6.400187013564486e-08,6.400187023563134e-08,6.40018701701187e-08,9.998648224630679e-17,3.4473843906556e-17,-10001.209252137567,-39687078.773693256,10001.209252201568,39687078.77369332
0.00029134622027548226,6.494425048804884e-08,6.494425059050023e-08,6.494425052302883e-08,1.024513878274862e-16,3.4979985797209845e-17,-9948.064040591973,-39094113.28893767,9948.064040656916,39094113.28893774
0.0002941994017776662,6.590050587687823e-08,6.59005059818552e-08,6.59005059123717e-08,1.0497697537840251e-16,3.5493473051703163e-17,-9895.161093659486,-38509852.33223887,9895.161093725386,38509852.332238935
0.0002970805247601844,6.687084056937959e-08,6.68708406769444e-08,6.687084060539405e-08,1.075648066160522e-16,3.601446448871356e-17,-9842.499490123739,-37934170.255816676,9842.49949019061,37934170.25581674
0.000299989862856637,6.785546183973676e-08,6.785546194995321e-08,6.78554618762799e-08,1.1021644325743179e-16,3.6543132161808453e-17,-9790.078311574047,-37366943.19684242,9790.078311641902,37366943.196842484
0.0003029276923803419,6.885458001336107e-08,6.885458012629463e-08,6.885458005044075e-08,1.1293355289865618e-16,3.707967459433485e-17,-9737.89664239912,-36808049.052463815,9737.896642467975,36808049.05246388
0.00030589429235058213,6.986840851179471e-08,6.98684086275125e-08,6.986840854941895e-08,1.1571778990095047e-16,3.762423737008056e-17,-9685.953569780457,-36257367.45517166,9685.953569850326,36257367.45517173
0.000308889944519102,7.089716389821659e-08,7.089716401678743e-08,7.089716393639357e-08,1.1857083509531936e-16,3.8176979307723193e-17,-9634.24818368614,-35714779.74850928,9634.248183757038,35714779.748509355
0.0003119149333968677,7.194106592355623e-08,7.194106604505064e-08,7.194106596229423e-08,1.2149440901743698e-16,3.873800628638116e-17,-9582.779576864337,-35180168.96311517,9582.779576936278,35180168.963115245
0.00031496954628109,7.300033757320495e-08,7.300033769769513e-08,7.300033761251239e-08,1.2449017926341823e-16,3.9307437420062663e-17,-9531.546844836923,-34653419.79309675,9531.546844909923,34653419.793096825
0.0003180540732825065,7.407520511432375e-08,7.407520524188352e-08,7.407520515420895e-08,1.2755976048981881e-16,3.98851932994289e-17,-9480.54908589316,-34134418.57273113,9480.549085967235,34134418.572731204
0.00032116880735293937,7.516589814374595e-08,7.516589827445075e-08,7.516589818421717e-08,1.3070479382297403e-16,4.047122098492067e-17,-9429.785401083314,-33623053.253486186,9429.78540115848,33623053.25348626
0.00032431404431311484,7.627264963646787e-08,7.627264977039458e-08,7.627264967753307e-08,1.3392670863098238e-16,4.106520283918275e-17,-9379.254894212265,-33119213.38135994,9379.254894288537,33119213.381360013
0.0003274900828807598,7.739569599499771e-08,7.739569613222519e-08,7.739569603666507e-08,1.3722747691242418e-16,4.166736385534175e-17,-9328.956671833299,-32622790.074533105,9328.956671910695,32622790.074533183
0.0003306972246989741,7.853527710629408e-08,7.853527724690451e-08,7.853527714857325e-08,1.4061043385952925e-16,4.227917310616557e-17,-9278.889843241526,-32133676.001328688,9278.889843320061,32133676.001328766
0.0003339357743648746,7.969163638763311e-08,7.969163653170977e-08,7.969163643053294e-08,1.4407665149837145e-16,4.289982326337636e-17,-9229.053520467882,-31651765.35847896,9229.053520547573,31651765.358479038
0.0003372060394585299,8.086502083792134e-08,8.086502098554966e-08,8.086502088145096e-08,1.4762831358576794e-16,4.352961872943953e-17,-9179.44681827256,-31176953.849689808,9179.446818353425,31176953.84968989
0.000340508330572168,8.205568109200977e-08,8.205568124327738e-08,8.20556811361785e-08,1.5126760387853584e-16,4.4168731557922504e-17,-9130.068854138799,-30709138.664503396,9130.068854220855,30709138.664503478
0.0003438429613396765,8.326387147385348e-08,8.326387162885017e-08,8.326387151867081e-08,1.549966928986025e-16,4.4817333802392684e-17,-9080.918748266635,-30248218.457452394,9080.918748349899,30248218.457452476
0.0003472102484663908,8.44898500505737e-08,8.44898502093914e-08,8.448985009604914e-08,1.5881769822833605e-16,4.547543869773987e-17,-9031.995623566532,-29794093.32750213,9031.995623651022,29794093.327502217
0.00035061051175917096,8.573387868741632e-08,8.57338788501492e-08,8.573387873355953e-08,1.6273286979900264e-16,4.614320506264168e-17,-8983.298605653208,-29346664.79777786,8983.298605738943,29346664.797777947
0.00035404407415677683,8.699622310360486e-08,8.699622327034927e-08,8.699622315042552e-08,1.66744417837199e-16,4.682065936687771e-17,-8934.826822839279,-28905835.795571674,8934.826822926276,28905835.79557176
0.0003575112617605384,8.827715292907956e-08,8.827715309993427e-08,8.827715297658747e-08,1.708547113881995e-16,4.7507907489566367e-17,-8886.579406129067,-28471510.632626496,8886.579406217345,28471510.632626586
0.00036101240386532694,8.957694176212077e-08,8.957694193718693e-08,8.95769418103259e-08,1.7506615920194788e-16,4.820512148427506e-17,-8838.555489212344,-28043594.985692874,8838.55548930192,28043594.985692963
0.0003645478329908311,9.089586722785032e-08,9.089586740723157e-08,9.08958672767627e-08,1.793812494377267e-16,4.89123807603426e-17,-8790.754208458062,-27621995.87735451,8790.754208548959,27621995.8773546
0.00036811788491313566,9.223421103760562e-08,9.223421122140818e-08,9.223421108723553e-08,1.8380256289904714e-16,4.96299103108956e-17,-8743.174702908182,-27206621.657119937,8743.174703000415,27206621.65712003
0.0003717228986966129,9.359225904918221e-08,9.359225923751502e-08,9.359225909954013e-08,1.8833281273831836e-16,5.035792189417087e-17,-8695.816114271447,-26797381.98277539,8695.81611436504,26797381.982775483
0.00037536321672612644,9.49703013279412e-08,9.497030152091597e-08,9.497030137903786e-08,1.9297477828239854e-16,5.109666697307463e-17,-8648.677586917123,-26394187.801995926,8648.677587012093,26394187.80199602
0.00037903918473954513,9.636863220877276e-08,9.6368632406504e-08,9.636863226061914e-08,1.9773123885814586e-16,5.184638377562329e-17,-8601.758267868929,-25996951.33421217,8601.758267965297,25996951.334212266
0.0003827511518605847,9.778755035891729e-08,9.778755056152244e-08,9.778755041152458e-08,2.026051458459859e-16,5.260728406005367e-17,-8555.057306798682,-25605586.05272666,8555.05730689647,25605586.052726757
0.00038649947063196125,9.922735884163132e-08,9.922735904923076e-08,9.922735889501094e-08,2.0759943739145448e-16,5.337961928927198e-17,-8508.573856020274,-25220006.66707962,8508.573856119501,25220006.66707972
0.0003902844970488756,1.0068836518070039e-07,1.0068836539341746e-07,1.0068836523486394e-07,2.1271706487497715e-16,5.4163548281955837e-17,-8462.30707048342,-24840129.105658285,8462.30707058411,24840129.105658386
0.0003941065905928255,1.0217088142579131e-07,1.0217088164375228e-07,1.0217088148075045e-07,2.1796096644208972e-16,5.495913721255424e-17,-8416.256107767511,-24465870.498547193,8416.256107869682,24465870.498547293
0.0003979661142657424,1.036752242186356e-07,1.036752244419697e-07,1.0367522427440201e-07,2.2333409347321777e-16,5.576641255084679e-17,-8370.4201280755,-24097149.16061704,8370.420128179176,24097149.160617143
0.00040186343462447353,1.0520171486004712e-07,1.052017150888864e-07,1.0520171491663228e-07,2.288392782347787e-16,5.658516253859668e-17,-8324.79829422775,-23733884.574847065,8324.798294332952,23733884.57484717
0.00040579892181559095,1.0675067937776018e-07,1.0675067961223947e-07,1.0675067943517526e-07,2.3447928681874085e-16,5.741508277333848e-17,-8279.389771655884,-23375997.375879597,8279.389771762635,23375997.375879705
0.00040977294961054746,1.0832244859546007e-07,1.0832244883571749e-07,1.083224486537164e-07,2.4025742794755447e-16,5.825633207374981e-17,-8234.193728396707,-23023409.333802257,8234.19372850503,23023409.333802365
0.0004137858954411773,1.0991735821241314e-07,1.0991735845859229e-07,1.0991735827152423e-07,2.461791411609277e-16,5.9111080961758e-17,-8189.209335086042,-22676043.33815519,8189.209335195959,22676043.338155303
0.00041783814043553806,1.1153574886772044e-07,1.1153574911996704e-07,1.1153574892769863e-07,2.5224659698078785e-16,5.997819123684019e-17,-8144.435764952705,-22333823.382160883,8144.4357650642405,22333823.382160995
0.0004219300694541138,1.1317796621202388e-07,1.1317796647048749e-07,1.1317796627288195e-07,2.584636070553976e-16,6.08580731805802e-17,-8099.872193812358,-21996674.54717185,8099.872193925536,21996674.54717196
0.0004260620711263625,1.1484436098351819e-07,1.1484436124835208e-07,1.1484436104526906e-07,2.64833890388791e-16,6.175087237676583e-17,-8055.517800061431,-21664522.987335164,8055.517800176276,21664522.98733528
0.0004302345378876279,1.1653528908231769e-07,1.1653528935367895e-07,1.1653528914497462e-07,2.7136125862923063e-16,6.265693293253192e-17,-8011.371764671096,-21337295.91446951,8011.371764787631,21337295.914469626
0.00043444786601641247,1.1825111164608695e-07,1.1825111192413646e-07,1.1825111170966326e-07,2.780495101900894e-16,6.357630778743766e-17,-7967.43327118113,-21014921.583152212,7967.433271299381,21014921.58315233
0.0004387024556720088,1.1999219512692344e-07,1.1999219541182596e-07,1.1999219519143257e-07,2.849025228940789e-16,6.450912929038106e-17,-7923.701505694001,-20697329.276014064,7923.701505813993,20697329.276014183
0.00044299871093251116,1.2175891136949387e-07,1.2175891166141814e-07,1.2175891143494937e-07,2.9192426720813945e-16,6.545550332048052e-17,-7880.175656868643,-20384449.289237343,7880.175656990402,20384449.289237466
0.00044733703983318755,1.2355163769040666e-07,1.2355163798952546e-07,1.2355163775682214e-07,2.9911880624343987e-16,6.641548281729527e-17,-7836.85491591457,-20076212.91825655,7836.854916038121,20076212.918256674
0.0004517178544052344,1.2537075695882322e-07,1.2537075726531365e-07,1.253707570262126e-07,3.0649042810427564e-16,6.73893854181805e-17,-7793.738476585792,-19772552.44365724,7793.7384767111635,19772552.44365737
0.0004561415707149112,1.2721665767829688e-07,1.2721665799234033e-07,1.2721665774667423e-07,3.1404344736472183e-16,6.837734347203423e-17,-7750.825535174793,-19473401.117270887,7750.8255353020095,19473401.117271014
0.00046060860890305096,1.2908973406983124e-07,1.2908973439161365e-07,1.290897341392108e-07,3.2178241682686995e-16,6.937956873709328e-17,-7708.115290506575,-19178693.148463648,7708.115290635665,19178693.14846378
0.0004651193932249694,1.309903861561559e-07,1.309903864858679e-07,1.309903862265524e-07,3.297119951719299e-16,7.039648472983127e-17,-7665.606943932609,-18888363.690615084,7665.606944063599,18888363.690615214
0.0004696743520907534,1.329190198472072e-07,1.329190201850442e-07,1.3291901991863546e-07,3.3783699989978916e-16,7.142827673870542e-17,-7623.299699324884,-18602348.827785593,7623.299699457803,18602348.827785727
0.0004742739181059511,1.3487604702681146e-07,1.3487604737297384e-07,1.348760470992869e-07,3.4616238085923327e-16,7.247544768952815e-17,-7581.192763069957,-18320585.561569136,7581.192763204834,18320585.56156927
0.00047891852811266,1.3686188564056367e-07,1.368618859952568e-07,1.3686188571410185e-07,3.5469314083860694e-16,7.353818287075668e-17,-7539.285344062895,-18043011.798128616,7539.285344199757,18043011.798128754
0.0004836086232310109,1.388769597848885e-07,1.3887696014832298e-07,1.388769598595054e-07,3.634344679147121e-16,7.461687932908503e-17,-7497.576653701412,-17769566.335412424,7497.5766538402895,17769566.335412562
0.0004883446489010699,1.4092169979728873e-07,1.4092170016968023e-07,1.4092169987300045e-07,3.7239149722479152e-16,7.571172235297042e-17,-7456.065905879893,-17500188.850548215,7456.0659060208145,17500188.850548357
0.0004931270549251382,1.4299654234776116e-07,1.4299654272933062e-07,1.4299654242458405e-07,3.815694697852063e-16,7.682289723087005e-17,-7414.752316983433,-17234819.887412716,7414.752317126429,17234819.887412857
0.0004979562955104745,1.4510193053138377e-07,1.4510193092235724e-07,1.4510193060933407e-07,3.9097346779363995e-16,7.795029808366552e-17,-7373.635105881934,-16973400.844374474,7373.635106027035,16973400.84437462
0.0005028328293124339,1.4723831396206048e-07,1.472383143626692e-07,1.4723831404115425e-07,4.0060873226645363e-16,7.909376609267923e-17,-7332.713493924186,-16715873.962207349,7332.713494071424,16715873.962207496
0.0005077571194780262,1.494061488674197e-07,1.4940614927789983e-07,1.494061489476725e-07,4.1048013364309406e-16,8.025279833209873e-17,-7291.986704931943,-16462182.312172454,7291.986705081349,16462182.312172603
0.0005127296336899045,1.5160589818534956e-07,1.516058986059431e-07,1.5160589826677717e-07,4.205935482146328e-16,8.142760656016084e-17,-7251.453965194057,-16212269.784266273,7251.453965345662,16212269.784266423
0.0005177508442107834,1.538380316753305e-07,1.5383803210628822e-07,1.5383803175795175e-07,4.309577110083384e-16,8.262123480151976e-17,-7211.114503460525,-15966081.075632256,7211.1145036143635,15966081.07563241
0.0005228212279282909,1.5610302600851765e-07,1.561030264500946e-07,1.5610302609234975e-07,4.4157693659828596e-16,8.383209486939938e-17,-7170.967550936669,-15723561.679134455,7170.967551092772,15723561.679134611
0.0005279412664002627,1.5840136486785483e-07,1.5840136532031265e-07,1.5840136495291552e-07,4.524578159595963e-16,8.506068968961215e-17,-7131.012341277246,-15484657.87209007,7131.012341435648,15484657.872090228
0.0005331114459004755,1.6073353905446674e-07,1.607335395180736e-07,1.6073353914077419e-07,4.636068606580514e-16,8.630744277863167e-17,-7091.248110580558,-15249316.70515939,7091.248110741291,15249316.70515955
0.0005383322574648312,1.631000465916806e-07,1.631000470667113e-07,1.631000466792532e-07,4.750306881385518e-16,8.757259236447437e-17,-7051.674097382653,-15017485.991390709,7051.674097545752,15017485.991390873
0.0005436041969379961,1.6550139283081575e-07,1.6550139331755174e-07,1.6550139291967212e-07,4.867359952553366e-16,8.885637667515667e-17,-7012.289542651408,-14789114.295417812,7012.2895428169095,14789114.295417977
0.0005489277650204869,1.6793809055872428e-07,1.679380910574538e-07,1.679380906488831e-07,4.987295318022042e-16,9.015882218045817e-17,-6973.093689780797,-14564150.922808852,6973.093689948735,14564150.92280902
0.0005543034673162321,1.7041066010708314e-07,1.7041066061810148e-07,1.704106601985633e-07,5.110183387405288e-16,9.148016710839528e-17,-6934.085784584975,-14342545.909563038,6934.085784755386,14342545.909563208
0.0005597318143805861,1.729196294634185e-07,1.7291962998702803e-07,1.7291962955623907e-07,5.236095364410232e-16,9.28205702776456e-17,-6895.265075292481,-14124250.01175466,6895.2650754654005,14124250.011754833
0.000565213321768821,1.754655343838581e-07,1.7546553492036866e-07,1.7546553447803836e-07,5.365105629117554e-16,9.418026991622557e-17,-6856.630812540466,-13909214.695321461,6856.630812715931,13909214.695321636
0.000570748510085093,1.780489185076033e-07,1.7804891905733233e-07,1.7804891860316287e-07,5.497290414492508e-16,9.555958366149039e-17,-6818.182249368878,-13697392.125995567,6818.182249546927,13697392.125995746
0.0005763379050318813,1.80670333473104e-07,1.806703340363769e-07,1.8067033357006284e-07,5.632728865176103e-16,9.695882915079529e-17,-6779.918641214669,-13488735.159375308,6779.918641395339,13488735.159375489
0.0005819820374599234,1.833303390359397e-07,1.8333033961308994e-07,1.833303391343182e-07,5.771502508089511e-16,9.83785093099527e-17,-6741.839245906008,-13283197.331135402,6741.839246089338,13283197.331135584
0.0005876814434186274,1.8602950318838053e-07,1.8602950377974992e-07,1.8602950328819944e-07,5.91369392894509e-16,9.981891530653824e-17,-6703.943323656536,-13080732.847374352,6703.943323842566,13080732.847374538
0.0005934366642069839,1.8876840228063333e-07,1.8876840288657243e-07,1.8876840238191407e-07,6.0593910074111185e-16,1.0128073535482156e-16,-6666.230137059617,-12881296.575096581,6666.230137248385,12881296.57509677
0.0005992482464249796,1.9154762114375813e-07,1.915476217646261e-07,1.9154762124652242e-07,6.208679770271301e-16,1.0276428709215786e-16,-6628.698951082523,-12684844.032827426,6628.698951274071,12684844.032827618
0.0006051167420255028,1.9436775321423802e-07,1.9436775385040301e-07,1.9436775331850804e-07,6.361649950078487e-16,1.0427002050480039e-16,-6591.349033060769,-12491331.381359894,6591.349033255137,12491331.381360088
0.0006110427083667735,1.9722940066020897e-07,1.972294013120483e-07,1.972294007660073e-07,6.518393396967896e-16,1.0579833263944316e-16,-6554.179652692344,-12300715.414630296,6554.179652889573,12300715.414630493
0.000617026708265272,2.0013317450932298e-07,2.0013317517722294e-07,2.0013317461667226e-07,6.678999578794579e-16,1.0734927643564539e-16,-6517.190082031979,-12112953.550721843,6517.190082232112,12112953.550722042
0.0006230693100491945,2.0307969477824767e-07,2.0307969546260378e-07,2.030796948871706e-07,6.843561139787145e-16,1.0892293130274587e-16,-6480.3795954854595,-11928003.822994078,6480.379595688539,11928003.82299428
0.0006291710876124322,2.060695906037861e-07,2.0606959130500298e-07,2.0606959071430507e-07,7.012168871289626e-16,1.1051897960338939e-16,-6443.747469803909,-11745824.871336319,6443.747470009978,11745824.871336525
0.0006353326204690696,2.0910350037560702e-07,2.0910350109409817e-07,2.0910350048774362e-07,7.184911447063688e-16,1.121366007744083e-16,-6407.2929840781035,-11566375.93354382,6407.292984287207,11566375.933544029
0.0006415544938084332,2.121820718712128e-07,2.121820726074019e-07,2.1218207198498905e-07,7.361891040458593e-16,1.137762448020558e-16,-6371.0154197327765,-11389616.836814262,6371.015419944959,11389616.836814474
0.0006478372985506617,2.1530596241151722e-07,2.1530596316584244e-07,2.1530596252695934e-07,7.543252176470968e-16,1.154421203812886e-16,-6334.914060520928,-11215507.98936371,6334.914060736233,11215507.989363926
0.0006541816314028318,2.1847583898728384e-07,2.184758397601914e-07,2.1847583910441582e-07,7.729075587928596e-16,1.1713197758084052e-16,-6298.988192518187,-11044010.372159803,6298.988192736663,11044010.372160021
0.0006605880949156325,2.2169237839873596e-07,2.2169237919068347e-07,2.2169237851758255e-07,7.919475094883766e-16,1.1884658402432004e-16,-6263.237104117148,-10875085.530770782,6263.23710433884,10875085.530771004
0.0006670572975405844,2.2495626740449482e-07,2.2495626821595138e-07,2.249562675250813e-07,8.114565576179949e-16,1.2058646910731918e-16,-6227.660086021714,-10708695.567328876,6227.66008624667,10708695.567329101
0.0006735898536878375,2.2826820286706491e-07,2.2826820369851105e-07,2.282682029894169e-07,8.314461381265023e-16,1.2235197693697276e-16,-6192.256431241438,-10544803.13260599,6192.2564314697065,10544803.13260622
0.0006801863837845165,2.316288919007769e-07,2.316288927527049e-07,2.316288920249202e-07,8.519280035960421e-16,1.241433192715176e-16,-6157.025435085931,-10383371.418200888,6157.025435317561,10383371.418201119
0.0006868475143336485,2.3503905202219308e-07,2.350390528951072e-07,2.3503905214815387e-07,8.729141183669943e-16,1.259607872785293e-16,-6121.96639515924,-10224364.14883567,6121.966395394279,10224364.148835905
0.0006935738779736667,2.384994113029515e-07,2.3849941219736816e-07,2.3849941143075607e-07,8.944166585379755e-16,1.278045662464651e-16,-6087.078611354202,-10067745.574760288,6087.078611592701,10067745.574760526
0.0007003661135384914,2.4201070852503714e-07,2.4201070944148534e-07,2.4201070865471195e-07,9.164481972542967e-16,1.296748149940026e-16,-6052.3613858468425,-9913480.464263681,6052.361386088854,9913480.464263923
0.0007072248661182057,2.455736933384676e-07,2.455736942774893e-07,2.4557369347003944e-07,9.390217311777422e-16,1.3157185115849701e-16,-6017.814023090831,-9761534.096290007,6017.814023336405,9761534.096290253
0.0007141507871203212,2.4918912642138124e-07,2.4918912738353195e-07,2.491891265548776e-07,9.621507069563497e-16,1.33496362954218e-16,-5983.435829811848,-9611872.253158381,5983.4358300610365,9611872.25315863
0.0007211445343316456,2.528577796425117e-07,2.528577806283605e-07,2.5285777977796026e-07,9.858487829963937e-16,1.3544856213940234e-16,-5949.226115002037,-9464461.21338488,5949.2261152548945,9464461.213385133
0.0007282067719807579,2.5658043622603967e-07,2.565804372361698e-07,2.565804363634688e-07,1.0101301470997407e-15,1.374291369283197e-16,-5915.18418991441,-9319267.744605228,5915.18419017099,9319267.744605485
0.0007353381708010891,2.603578909187997e-07,2.603578919538091e-07,2.603578910582384e-07,1.0350093576451717e-15,1.3943866965612133e-16,-5881.309368057321,-9176259.09659701,5881.309368317679,9176259.096597271
0.0007425394080946279,2.6419095015984125e-07,2.6419095122034265e-07,2.6419095030131915e-07,1.060501396527941e-15,1.4147790147663606e-16,-5847.600965188916,-9035402.994399773,5847.600965453107,9035402.994400037
0.0007498111677962466,2.680804322523196e-07,2.680804333389413e-07,2.680804323958671e-07,1.0866216691597771e-15,1.4354746766457433e-16,-5814.058299311579,-8896667.631531741,5814.058299579659,8896667.63153201
0.0007571541405386562,2.7202716753771115e-07,2.720271686510968e-07,2.7202716768335916e-07,1.1133856338919673e-15,1.4564800349464659e-16,-5780.680690666385,-8760021.66330192,5780.680690938412,8760021.663302192
0.0007645690237180026,2.7603199857233345e-07,2.760319997131425e-07,2.760319987201132e-07,1.1408090667131541e-15,1.4777977366464885e-16,-5747.467461727639,-8625434.200216187,5747.46746200367,8625434.200216463
0.0007720565215600969,2.800957803061596e-07,2.800957814750677e-07,2.800957804561028e-07,1.1689081141888946e-15,1.4994320169105474e-16,-5714.417937197287,-8492874.801475976,5714.417937477383,8492874.801476255
0.000779617345187301,2.8421938026391515e-07,2.842193814616141e-07,2.8421938041605344e-07,1.197698922884746e-15,1.5213828757386426e-16,-5681.53144399951,-8362313.468568549,5681.53144428373,8362313.468568833
0.0007872522126860696,2.884036787284447e-07,2.8840367995564207e-07,2.8840367888280904e-07,1.227197374668469e-15,1.5436434309880776e-16,-5648.807311275111,-8233720.638947092,5648.807311563514,8233720.638947381
0.0007949618491751414,2.9264956892632316e-07,2.926495701837428e-07,2.926495690829439e-07,1.25741966904518e-15,1.566207329911748e-16,-5616.244870376156,-8107067.1798001295,5616.244870668806,8107067.179800422
0.000802746986874418,2.969579572164944e-07,2.9695795850487773e-07,2.9695795737540175e-07,1.2883833290089754e-15,1.58907351371847e-16,-5583.843454860406,-7982324.381908141,5583.843455157365,7982324.381908438
0.0008106083651744977,3.0132976330754506e-07,3.0132976462765745e-07,3.0132976346877577e-07,1.3201123891197334e-15,1.6123070980660634e-16,-5551.602400485883,-7859463.953586934,5551.602400787213,7859463.953587236
0.0008185467307069021,3.0576592043542405e-07,3.05765921788046e-07,3.0576592059901136e-07,1.352621937151827e-15,1.6358731428454541e-16,-5519.521045205421,-7738458.014716173,5519.5210455111865,7738458.014716478
0.0008265628374149898,3.1026737555783445e-07,3.1026737694376617e-07,3.1026737572381283e-07,1.3859317195608393e-15,1.659783824155259e-16,-5487.5987291612155,-7619279.090851885,5487.598729471483,7619279.090852195
0.0008346574466255534,3.148350895627838e-07,3.148350909828454e-07,3.1483508973118844e-07,1.4200616416210304e-15,1.6840465535337664e-16,-5455.834794679375,-7501900.107422032,5455.83479499421,7501900.107422347
0.0008428313271211381,3.194700374720086e-07,3.194700389270404e-07,3.1947003764287515e-07,1.4550318203648978e-15,1.7086655661457126e-16,-5424.228586264503,-7386294.384003618,5424.228586583973,7386294.384003937
0.0008510852552130463,3.241732086478412e-07,3.2417321013870394e-07,3.241732088212057e-07,1.4908627434018532e-15,1.733645097155834e-16,-5392.779450594245,-7272435.628680553,5392.779450918418,7272435.628680877
0.0008594200148150724,3.289456070035091e-07,3.2894560853108446e-07,3.289456071794077e-07,1.5275753747973411e-15,1.7589862053553145e-16,-5361.486736513943,-7160297.932481039,5361.486736842889,7160297.932481368
0.0008678363975179565,3.3378825121685127e-07,3.337882527820424e-07,3.3378825139532063e-07,1.565191155072839e-15,1.7846936553044825e-16,-5330.349795031166,-7049855.763893158,5330.349795364954,7049855.763893492
0.000876335202664557,3.3870217494741877e-07,3.3870217655115083e-07,3.387021751284958e-07,1.603732054145416e-15,1.8107700939812982e-16,-5299.36797931034,-6941083.963457981,5299.367979649042,6941083.96345832
0.0008849172374257798,3.436884270569641e-07,3.436884287001848e-07,3.43688427240686e-07,1.6432206772068524e-15,1.8372186977593137e-16,-5268.540644667378,-6833957.738438733,5268.540645011066,6833957.738439077
0.0008935833168772296,3.4874807183327066e-07,3.487480735169512e-07,3.4874807201967545e-07,1.6836805294214341e-15,1.8640479369680016e-16,-5237.8671485642835,-6728452.6575652445,5237.867148913032,6728452.657565593
0.0009023342640766243,3.5388218921733086e-07,3.538821909424664e-07,3.5388218940645717e-07,1.7251355394699212e-15,1.8912631055632823e-16,-5207.346850603802,-6624544.645852486,5207.346850957684,6624544.64585284
0.000911170910141969,3.59091875033843e-07,3.5909187680145336e-07,3.5909187522573014e-07,1.7676103771869026e-15,1.9188716150834442e-16,-5176.979112524027,-6522209.97949209,5176.979112883119,6522209.979492449
0.0009200940943304808,3.643782412249962e-07,3.6437824303612677e-07,3.643782414196846e-07,1.811130559439914e-15,1.946884053440328e-16,-5146.763298193116,-6421425.280816247,5146.763298557494,6421425.280816611
0.0009291046641183095,3.697424160875544e-07,3.6974241794327633e-07,3.6974241628508514e-07,1.855721920733847e-15,1.97530730277663e-16,-5116.698773603878,-6322167.513332284,5116.6987739736205,6322167.513332654
0.0009382034752810169,3.7518554451318735e-07,3.7518554641459875e-07,3.751855447136027e-07,1.901411407304336e-15,2.0041535391909673e-16,-5086.784906868502,-6224413.976827664,5086.7849072436875,6224413.97682804
0.0009473913919748564,3.807087882320533e-07,3.807087901802792e-07,3.807087884353961e-07,1.9482259124474564e-15,2.03342805663926e-16,-5057.021068213178,-6128142.302543925,5057.021068593887,6128142.302544306
0.000956669286818851,3.8631332605960943e-07,3.863133280558026e-07,3.863133262659233e-07,1.9961931764922306e-15,2.0631387960553887e-16,-5027.406629972839,-6033330.448418801,5027.406630359153,6033330.448419187
0.0009660380409776582,3.9200035414661556e-07,3.9200035619195687e-07,3.920003543559444e-07,2.0453413103445957e-15,2.0932884044173134e-16,-4997.940966585829,-5939956.694395645,4997.94096697783,5939956.694396037
0.0009754985442452731,3.977710862323438e-07,3.977710883280425e-07,3.977710864447316e-07,2.0956986896082848e-15,2.1238779405162184e-16,-4968.623454588597,-5847999.637798924,4968.623454986368,5847999.637799322
0.000985051695129524,4.0362675390094124e-07,4.036267560482349e-07,4.0362675411643114e-07,2.1472936369474715e-15,2.154898934022631e-16,-4939.453472610457,-5757438.188775315,4939.453473014083,5757438.188775718
0.0009946984009374135,4.095686068409534e-07,4.095686090411081e-07,4.0956860705958745e-07,2.200154739724126e-15,2.1863407970247107e-16,-4910.430401368234,-5668251.565798988,4910.430401777802,5668251.565799397
0.0010044395778612914,4.1559791310886543e-07,4.155979153631779e-07,4.155979133306856e-07,2.254312491124349e-15,2.2182019413356812e-16,-4881.553623661077,-5580419.2912406195,4881.553624076675,5580419.291241035
0.0010142761510658635,4.217159594322746e-07,4.21715961742082e-07,4.2171595965733203e-07,2.3098074428504905e-15,2.2505744817885565e-16,-4852.822524365131,-5493921.18699899,4852.822524786848,5493921.186999412
0.0010242090547760646,4.279240514601728e-07,4.2792405382683944e-07,4.2792405168851376e-07,2.3666666470173036e-15,2.2834097139888695e-16,-4824.236490428343,-5408737.370194352,4824.236490856267,5408737.37019478
0.001034239232365783,4.342235140330669e-07,4.3422351645799164e-07,4.342235142647392e-07,2.424924726096507e-15,2.316722990408789e-16,-4795.794910865178,-5324848.24892275,4795.794911299402,5324848.248923184
0.0010443676364474575,4.406156914750979e-07,4.4061569395971393e-07,4.406156917101503e-07,2.484616037862024e-15,2.350523840168972e-16,-4767.4971767514135,-5242234.518070415,4767.497177192029,5242234.518070855
0.0010545952289625546,4.4710194787840323e-07,4.4710195042417934e-07,4.4710194811688525e-07,2.54577610475808e-15,2.3848202042032985e-16,-4739.34268121889,-5160877.155187356,4739.342681665992,5160877.155187803
0.0010649229812729236,4.5368366739230044e-07,4.5368367000074104e-07,4.53683667634262e-07,2.608440608047578e-15,2.419615788280913e-16,-4711.330819450316,-5080757.416419445,4711.330819903999,5080757.416419898
0.0010753518742530536,4.6036225451726253e-07,4.6036225718990877e-07,4.603622547627541e-07,2.672646234845046e-15,2.454915886357736e-16,-4683.460988674056,-5001856.832498011,4683.460989134419,5001856.832498471
0.0010858828983832329,4.671391344036664e-07,4.6713913714209696e-07,4.671391346527387e-07,2.7384305722375185e-15,2.4907231454117276e-16,-4655.732588158934,-4924157.204786302,4655.732588626073,4924157.204786769
0.0010965170538436162,4.740157531552794e-07,4.7401575596111125e-07,4.7401575340798364e-07,2.80583184258674e-15,2.527042330003216e-16,-4628.145019209025,-4847640.601381886,4628.145019683041,4847640.60138236
0.0011072553506092221,4.809935781374651e-07,4.809935810123551e-07,4.809935783938531e-07,2.8748899623203504e-15,2.5638797928793054e-16,-4600.697685158509,-4772289.353274324,4600.697685639502,4772289.353274805
0.0011180988085458489,4.880740982900755e-07,4.880741012357212e-07,4.880740985502e-07,2.945645694898936e-15,2.6012445337650607e-16,-4573.389991366474,-4698086.050557284,4573.389991854548,4698086.050557772
0.0011290484575069387,4.95258824445007e-07,4.952588274631478e-07,4.952588247089215e-07,3.0181407037555897e-15,2.6391450229899544e-16,-4546.221345211758,-4625013.538694325,4546.221345707017,4625013.53869482
0.0011401053374313864,5.025492896483941e-07,5.025492927408125e-07,5.025492899161533e-07,3.0924183993288586e-15,2.677591848465827e-16,-4519.191156087824,-4553054.914837666,4519.191156590374,4553054.914838169
0.001151270498442312,5.099470494874197e-07,5.099470526559422e-07,5.099470497590796e-07,3.1685225096946446e-15,2.7165987744780717e-16,-4492.2988353975425,-4482193.524199045,4492.29883590749,4482193.524199556
0.0011625450009467883,5.174536824216957e-07,5.174536856681946e-07,5.174536826973133e-07,3.2464988805112178e-15,2.756176388938529e-16,-4465.543796548145,-4412412.956472257,4465.5437970655985,4412412.956472775
0.0011739299157365575,5.250707901192175e-07,5.250707934456111e-07,5.250707903988516e-07,3.326393569195085e-15,2.7963405737149597e-16,-4438.925454946045,-4343697.042306252,4438.925455471115,4343697.042306777
0.0011854263240897286,5.327999977968417e-07,5.328000012050957e-07,5.327999980805516e-07,3.408254009591293e-15,2.8370987403456525e-16,-4412.443227991701,-4276029.84982834,4412.443228524501,4276029.849828873
0.0011970353178734688,5.406429545652706e-07,5.406429580573995e-07,5.40642954853117e-07,3.4921289060943083e-15,2.8784635943248163e-16,-4386.096535074588,-4209395.681216848,4386.096535615231,4209395.681217389
0.0012087579996477099,5.486013337785251e-07,5.486013373565919e-07,5.486013340705689e-07,3.5780667513403614e-15,2.920437253234819e-16,-4359.884797567974,-4143779.06932219,4359.884798116575,4143779.0693227383
0.0012205954827698544,5.56676833387854e-07,5.566768370539715e-07,5.56676833684156e-07,3.6661175202733405e-15,2.963019717075661e-16,-4333.807438823951,-4079164.7743362384,4333.807439380628,4079164.774336795
0.0012325488915005227,5.64871176300086e-07,5.648711800564173e-07,5.648711766007063e-07,3.756331293716252e-15,3.006202515517869e-16,-4307.863884168285,-4015537.7805087334,4307.863884733156,4015537.780509298
0.001244619361110327,5.73186110740379e-07,5.731861145891376e-07,5.731861110453758e-07,3.848758576008575e-15,3.049967649111315e-16,-4282.053560895333,-3952883.2929104357,4282.05356146852,3952883.292911009
0.0012568080379876923,5.8162341062027e-07,5.816234145637224e-07,5.81623410929701e-07,3.943452412588633e-15,3.0943098239000775e-16,-4256.375898263019,-3891186.7342423126,4256.3758988446425,3891186.734242894
0.0012691160797477393,5.901848759601682e-07,5.901848800006494e-07,5.901848762741047e-07,4.040481201366916e-15,3.139364565155718e-16,-4230.83032748773,-3830433.7416899865,4230.830328077915,3830433.7416905765
0.0012815446553422212,5.988723332427405e-07,5.988723373826345e-07,5.988723335612467e-07,4.1398939643752454e-15,3.1850619926600873e-16,-4205.416281739311,-3770610.1638229927,4205.416282338183,3770610.1638235915
0.0012940949451705486,6.076876357872636e-07,6.076876400290139e-07,6.076876361104055e-07,4.2417503115572855e-15,3.231419047072131e-16,-4180.133196135998,-3711702.0575380456,4180.133196743686,3711702.0575386533
0.0013067681411918976,6.166326641589551e-07,6.166326685050662e-07,6.166326644868005e-07,4.34611112340612e-15,3.2784537278419783e-16,-4154.98050773939,-3653695.6850458146,4154.980508356023,3653695.685046431
0.0013195654470384128,6.257093265663638e-07,6.257093310194013e-07,6.257093268989811e-07,4.453037492173069e-15,3.3261734465079174e-16,-4129.957655549445,-3596577.510900582,4129.957656175155,3596577.510901208
0.0013324880781295286,6.349195592654921e-07,6.349195638280844e-07,6.349195596029509e-07,4.562592310054466e-15,3.374588790981789e-16,-4105.0640804994255,-3540334.1990720807,4105.064081134345,3540334.1990727154
0.0013455372617873942,6.442653269706149e-07,6.442653316454541e-07,6.442653273129847e-07,4.674839210400475e-15,3.4236987024724094e-16,-4080.2992254509354,-3484952.610059131,4080.2992260952005,3484952.6100597754
0.0013587142373534438,6.537486232717561e-07,6.537486280616004e-07,6.537486236191075e-07,4.78984426178098e-15,3.473513768891619e-16,-4055.6625351889047,-3430419.7980442583,4055.662535842653,3430419.798044912
0.0013720202563061,6.633714710587949e-07,6.633714759664694e-07,6.633714714111988e-07,4.907674485677934e-15,3.524039284195338e-16,-4031.153456416595,-3376723.0080888607,4031.1534570799663,3376723.008089524
0.001385456582379638,6.731359229521574e-07,6.731359279805567e-07,6.731359233096856e-07,5.028399338793011e-15,3.575281601130671e-16,-4006.771437750634,-3323849.6733683255,4006.77143842377,3323849.673368999
0.0013990244916841992,6.830440617400566e-07,6.83044066892146e-07,6.830440621027819e-07,5.15208933661907e-15,3.6272523664006425e-16,-3982.5159297160358,-3271787.4124465296,3982.51593039908,3271787.4124472127
0.0014127252728269965,6.93098000822244e-07,6.930980061010624e-07,6.930980011902408e-07,5.278818382780759e-15,3.679967461873014e-16,-3958.3863847412395,-3220524.026589151,3958.3863854343376,3220524.026589844
0.001426560227034696,7.032998846602448e-07,7.032998900689055e-07,7.032998850335887e-07,5.408660698540081e-15,3.73343853425081e-16,-3934.382257153173,-3170047.497115308,3934.382257856473,3170047.497116011
0.001440530668277001,7.13651889234025e-07,7.136518947757187e-07,7.136518896127933e-07,5.5416936815325915e-15,3.787682524192975e-16,-3910.5030031722667,-3120345.9827868817,3910.5030038859186,3120345.9827875956
0.0014546379233914494,7.241562225050744e-07,7.241562281830706e-07,7.241562228893462e-07,5.677996211701504e-15,3.8427174311496393e-16,-3886.74808090756,-3071407.817235129,3886.748081631716,3071407.817235853
0.0014688833322094232,7.348151248858355e-07,7.348151307034844e-07,7.348151252756918e-07,5.817648968935044e-15,3.8985633721532994e-16,-3863.1169503517544,-3023221.506423964,3863.1169510865698,3023221.506424699
0.0014832682476834025,7.456308697154817e-07,7.456308756762164e-07,7.45630870111005e-07,5.960734644824687e-15,3.9552330526981642e-16,-3839.6090733762853,-2975775.726149401,3839.6090741219164,2975775.7261501467
0.001497794036015461,7.566057637419779e-07,7.566057698493153e-07,7.566057641432517e-07,6.1073374132695666e-15,4.0127381194872587e-16,-3816.2239137264437,-2929059.3195747333,3816.2239144830496,2929059.31957549
0.0015124620767870195,7.677421476104028e-07,7.677421538679462e-07,7.67742148017512e-07,6.257543353992948e-15,4.0710912780147915e-16,-3792.9609370164294,-2883061.2948007965,3792.9609377841716,2883061.2948015644
0.0015272737630898758,7.790423963574868e-07,7.790424027689258e-07,7.790423967705151e-07,6.411438970234569e-15,4.130282999160106e-16,-3769.8196107244935,-2837770.822470992,3769.8196115035357,2837770.822471771
0.0015422305016585057,7.905089199123293e-07,7.90508926481442e-07,7.905089203313601e-07,6.569112671058299e-15,4.190307988967282e-16,-3746.799404188051,-2793177.233410485,3746.79940497856,2793177.233411276
0.0015573337130036714,8.0214416360327e-07,8.021441703339236e-07,8.02144164028384e-07,6.730653606681837e-15,4.251139777656718e-16,-3723.899788598771,-2749270.0162990717,3723.8997894009153,2749270.016299874
0.001572584831547334,8.139506086716921e-07,8.139506155678458e-07,8.139506091029683e-07,6.8961536801799605e-15,4.312762483360652e-16,-3701.1202369977486,-2706038.8153773393,3701.120237811699,2706038.815378153
0.0015879853057588849,8.259307728596833e-07,8.259307799254126e-07,8.259307732972209e-07,7.065729252703798e-15,4.375376217612874e-16,-3678.460224270631,-2663473.4281855724,3678.4602250965618,2663473.4281863985
0.0016035365982927194,8.380872109108072e-07,8.38087218150275e-07,8.380872113546947e-07,7.239467780405153e-15,4.438875101294977e-16,-3655.9192271427487,-2621563.803334955,3655.919227980836,2621563.8033357933
0.0016192401861271442,8.504225150869777e-07,8.50422522504451e-07,8.504225155373065e-07,7.41747334245742e-15,4.503288780560114e-16,-3633.496724174308,-2580300.038310675,3633.4967250247305,2580300.0383115252
0.0016350975607046566,8.629393157423852e-07,8.629393233422364e-07,8.629393161992491e-07,7.599851182704296e-15,4.568638431231968e-16,-3611.192195755526,-2539672.3773063887,3611.1921966184655,2539672.3773072516
0.0016511102280735925,8.756402818786152e-07,8.756402896653238e-07,8.75640282342109e-07,7.786708556692726e-15,4.63493781759593e-16,-3589.0051241018336,-2499671.209089685,3589.0051249774738,2499671.2090905607
0.0016672797090311687,8.885281217091697e-07,8.885281296873244e-07,8.885281221793889e-07,7.978154625793788e-15,4.702191174816737e-16,-3566.934993249038,-2460287.064898055,3566.9349941375663,2460287.0648989435
0.0016836075392679098,9.016055832333355e-07,9.016055914076371e-07,9.016055837103769e-07,8.174301621872992e-15,4.770414384762151e-16,-3544.981289048506,-2421510.616364966,3544.9812899501117,2421510.6163658677
0.0017000952695135072,9.148754548193521e-07,9.148754631946156e-07,9.148754553033128e-07,8.375263470861746e-15,4.839606388640986e-16,-3523.143499162399,-2383332.6734756567,3523.1435000772744,2383332.6734765717
0.0017167444656840966,9.283405657968338e-07,9.283405743779921e-07,9.283405662878119e-07,8.58115833385619e-15,4.909780950738637e-16,-3501.421113058842,-2345744.18255211,3501.4211139871823,2345744.1825530385
0.0017335567090309794,9.420037870583798e-07,9.420037958504861e-07,9.420037875564742e-07,8.792106383655716e-15,4.980944423802207e-16,-3479.8136220071865,-2308736.224266969,3479.81362294919,2308736.224267911
0.0017505335962908076,9.558680316703444e-07,9.558680406785762e-07,9.55868032175656e-07,9.008231816466216e-15,5.053114807281826e-16,-3458.3205190731805,-2272300.0116857914,3458.3205200290486,2272300.0116867474
0.0017676767398372237,9.699362554926754e-07,9.699362647223368e-07,9.699362560053065e-07,9.22966147547154e-15,5.126311159418806e-16,-3436.9412991142503,-2236426.8883374324,3436.9413000841864,2236426.8883384024
0.0017849877678340017,9.842114578078174e-07,9.842114672643438e-07,9.842114583278722e-07,9.45652633314116e-15,5.200547244498541e-16,-3415.6754587747296,-2201108.326312037,3415.675459758941,2201108.3263130216
0.0018024683243896794,9.986966819585954e-07,9.986966916475557e-07,9.986966824861813e-07,9.688960220680738e-15,5.275859061421289e-16,-3394.5224964810864,-2166335.924386261,3394.522497479783,2166335.92438726
0.0018201200697137057,1.0133950159950354e-06,1.0133950259221357e-06,1.0133950165302609e-06,9.927100357427733e-15,5.352255080516522e-16,-3373.4819124372184,-2132101.4061754155,3373.4819134506133,2132101.406176429
0.0018379446802741254,1.0283095933300844e-06,1.0283096035011724e-06,1.0283095938730616e-06,1.0171087986126097e-14,5.4297713006845e-16,-3352.5532086197004,-2098396.61831206,3352.55320964801,2098396.618313088
0.001855943848956791,1.0434435934041428e-06,1.0434436038252093e-06,1.0434435939549855e-06,1.0421066467102154e-14,5.508426780166534e-16,-3331.735888773053,-2065213.5286507378,3331.7358898164966,2065213.5286517814
0.0018741192852261494,1.0588002423584014e-06,1.0588002530355837e-06,1.0588002429172248e-06,1.067718233705578e-14,5.588234224456834e-16,-3311.0294584050666,-2032544.2244984678,3311.0294594638667,2032544.2244995267
0.0018924727152875977,1.0743828137169071e-06,1.074382824656493e-06,1.0743828142838282e-06,1.093958594433511e-14,5.669210574214345e-16,-3290.433424782034,-2000380.9108705781,3290.4334258564168,2000380.9108716524
0.0019110058822514255,1.090194629077297e-06,1.0901946402857262e-06,1.090194629652432e-06,1.1208429331354178e-14,5.751351594274331e-16,-3269.947296924111,-1968715.9087716355,3269.9472980143055,1968715.9087727256
0.0019297205462983757,1.1062390588101806e-06,1.1062390702940472e-06,1.1062390593936448e-06,1.1483866658109384e-14,5.834642461560215e-16,-3249.5705856005916,-1937541.6535009868,3249.5705867068305,1937541.653502093
0.0019486184848468032,1.1225195227670795e-06,1.1225195345331337e-06,1.1225195233589836e-06,1.1766054202179497e-14,5.919040824424633e-16,-3229.3028033252294,-1906850.6929826613,3229.302804447749,1906850.6929837838
0.0019677014927214943,1.1390394909974255e-06,1.1390395030525784e-06,1.139039491597878e-06,1.2055152899824494e-14,6.004525507043905e-16,-3209.143464351575,-1876635.6861192577,3209.1434654906143,1876635.6861203967
0.001986971382324124,1.1558024845637586e-06,1.1558024969151183e-06,1.1558024851728964e-06,1.2351359686204612e-14,6.091378147872993e-16,-3189.0920846683107,-1846889.4011694607,3189.0920858241134,1846889.4011706165
0.0020064299838053975,1.1728120762547936e-06,1.1728120889096243e-06,1.1728120768727387e-06,1.2654830627140384e-14,6.179450516146127e-16,-3169.1481819945725,-1817604.7141488565,3169.1481831673846,1817604.7141500292
0.0020260791452388553,1.1900718912954737e-06,1.1900719042612205e-06,1.1900718919223522e-06,1.2965746775924283e-14,6.26878496351067e-16,-3149.3112757753447,-1788774.6072537797,3149.3112769654167,1788774.6072549697
0.0020459207327964014,1.2075856081523317e-06,1.2075856214366227e-06,1.2075856087882728e-06,1.3284291091672919e-14,6.359411136119776e-16,-3129.5808871767667,-1760392.1673077447,3129.5808883843524,1760392.1673089524
0.00206595663092554,1.2253569593085466e-06,1.2253569729191967e-06,1.2253569599536807e-06,1.3610650133392922e-14,6.451341739467653e-16,-3109.956539081549,-1732450.5842302814,3109.956540306906,1732450.5842315068
0.0020861887425283497,1.243389732052135e-06,1.2433897459971496e-06,1.2433897327065939e-06,1.3945014695255662e-14,6.544589479048511e-16,-3090.4377560843245,-1704943.1495277372,3090.4377573277143,1704943.1495289805
0.0021066189891422167,1.2616877692771912e-06,1.261687783564771e-06,1.2616877699411082e-06,1.4287579806597245e-14,6.639169177938926e-16,-3071.0240644870273,-1677863.2548058068,3071.024065748715,1677863.2548070685
0.002127249311122322,1.2802549702980978e-06,1.2802549849366427e-06,1.2802549709716063e-06,1.463854494367675e-14,6.735085071303635e-16,-3051.714992294315,-1651204.390303484,3051.7149935745697,1651204.3903047643
0.002148081667825933,1.2990952916766387e-06,1.299095306674754e-06,1.2990952923598739e-06,1.4998115300225647e-14,6.832351982219214e-16,-3032.510069208929,-1624960.1434480716,3032.5100705080245,1624960.1434493707
0.0021691180377984903,1.3182127480619552e-06,1.3182127634284561e-06,1.3182127487550532e-06,1.5366500940414856e-14,6.930980498597505e-16,-3013.4088266271547,-1599124.1974310263,3013.408827945367,1599124.1974323445
0.002190360418961519,1.337611413043248e-06,1.3376114287871656e-06,1.3376114137463477e-06,1.574391764588769e-14,7.030998149009293e-16,-2994.41079763421,-1573690.329804291,2994.410798971822,1573690.3298056286
0.002211810828802386,1.3572954200151892e-06,1.3572954361457755e-06,1.357295420728431e-06,1.6130586280485148e-14,7.132417638948787e-16,-2975.515516999647,-1548652.4110968201,2975.5155183569423,1548652.4110981775
0.002233471304565902,1.37726896305591e-06,1.3772689795826447e-06,1.3772689637794377e-06,1.6526734696070038e-14,7.235277084898612e-16,-2956.722521172852,-1524004.4034510986,2956.7225225501206,1524004.4034524758
0.002255343903447811,1.39753629781757e-06,1.3975363147501658e-06,1.3975362985515306e-06,1.6932595826702856e-14,7.339606133011925e-16,-2938.031348278425,-1499740.3592792314,2938.0313496759613,1499740.3592806289
0.002277430702790174,1.4181017424293767e-06,1.418101759777785e-06,1.4181017431739201e-06,1.7348408323916492e-14,7.445434429441877e-16,-2919.4415381116664,-1475854.4199384504,2919.4415395297683,1475854.4199398686
0.0022997338002786597,1.4389696784130012e-06,1.4389696961874182e-06,1.4389696791682812e-06,1.77744169802327e-14,7.552800090671096e-16,-2900.9526321340436,-1452340.8144257038,2900.9526335730134,1452340.8144271427
0.0023222553141417804,1.4601445516103429e-06,1.4601445698212145e-06,1.460144552376516e-06,1.8210871670370924e-14,7.661730645270367e-16,-2882.5641734686105,-1429193.858091031,2882.564174928755,1429193.858092491
0.0023449973833520573,1.4816308731235027e-06,1.4816308917815313e-06,1.481630873900728e-06,1.8658028621797705e-14,7.772253621810476e-16,-2864.275706895544,-1406407.9513695699,2864.275708377175,1406407.9513710516
0.0023679621678291763,1.5034332202669794e-06,1.5034332393831272e-06,1.5034332210554175e-06,1.911614787362785e-14,7.884381725785632e-16,-2846.0867788475916,-1383977.578531781,2846.086780351025,1383977.5785332844
0.0023911518486451223,1.525556237531959e-06,1.5255562571174537e-06,1.5255562383317692e-06,1.958549475893209e-14,7.998102251701627e-16,-2827.996937405572,-1361897.3064517411,2827.9969389311286,1361897.3064532666
0.0024145686282313348,1.5480046375626334e-06,1.5480046576289737e-06,1.548004638373974e-06,2.0066340328253542e-14,8.113406729228986e-16,-2810.0057322938806,-1340161.7833932075,2810.005733841885,1340161.7833947556
0.002438214730587868,1.5707832021444872e-06,1.5707832227034447e-06,1.5707832029675114e-06,2.055895753795946e-14,8.230242218808508e-16,-2792.112714875986,-1318765.7378132083,2792.1127164467694,1318765.737814779
0.0024620924014946257,1.593896783204571e-06,1.5938968042681973e-06,1.5938967840394252e-06,2.1063626332438914e-14,8.34854307538678e-16,-2774.3174381499634,-1297703.977182909,2774.31743974386,1297703.9771845029
0.002486203908724648,1.6173503039377576e-06,1.6173503255184397e-06,1.6173503047846317e-06,2.1580682136739015e-14,8.468741285766902e-16,-2756.6194567440143,-1276971.386825501,2756.6194583613647,1276971.3868271182
0.0025105515422594927,1.6411487598288874e-06,1.6411487819392897e-06,1.6411487606879486e-06,2.2110402354149987e-14,8.59061238621785e-16,-2739.0183269119925,-1256562.928770892,2739.018328553141,1256562.9287725333
0.0025351376145067352,1.6652972196212569e-06,1.6652972422743562e-06,1.6652972204926776e-06,2.2653099328071133e-14,8.714207198716462e-16,-2721.513606528959,-1236473.6406269323,2721.513608194256,1236473.6406285975
0.0025599644605195713,1.6898008264479853e-06,1.6898008496570777e-06,1.689800827331942e-06,2.3209092389923566e-14,8.839568074910098e-16,-2704.104855086711,-1216698.63446697,2704.1048567765115,1216698.63446866
0.0025850344382186,1.714664798913505e-06,1.714664822692211e-06,1.7146647998101777e-06,2.3778705953326085e-14,8.966726778534282e-16,-2686.7916336893695,-1197233.0957334847,2686.7916354040344,1197233.0957351993
0.0026103499286157625,1.7398944321933583e-06,1.7398944565556304e-06,1.739894433102928e-06,2.4362272055194014e-14,9.095696015083221e-16,-2669.5735050489234,-1178072.282157568,2669.5735067888177,1178072.282159308
0.0026359133360404773,1.7654950991521803e-06,1.7654951241123102e-06,1.7654951000748289e-06,2.4960129932222728e-14,9.226486372468758e-16,-2652.4500334808035,-1159211.5226940396,2652.4500352462987,1159211.5226958052
0.0026617270883679974,1.7914722514797848e-06,1.7914722770524127e-06,1.7914722524156959e-06,2.5572627926711785e-14,9.3591105561851e-16,-2635.4207848994834,-1140646.2164719743,2635.4207866909555,1140646.2164737657
0.002687793637249986,1.8178314208452354e-06,1.8178314470453572e-06,1.817831421794594e-06,2.6200121792499032e-14,9.493585506891193e-16,-2618.4853268140414,-1122371.831760406,2618.485328631873,1122371.831762224
0.002714115458347366,1.8445782200688027e-06,1.8445782469117803e-06,1.8445782210317957e-06,2.684297765957592e-14,9.62993028282835e-16,-2601.6432283237937,-1104383.9049490215,2601.6432301683717,1104383.904950866
0.002740695051565445,1.8717183443117217e-06,1.8717183718132919e-06,1.871718345288539e-06,2.7501570128263373e-14,9.768172412567356e-16,-2584.894060113885,-1086678.0395435914,2584.8940619856035,1086678.0395454632
0.002767534941291351,1.8992575722836497e-06,1.8992576004599343e-06,1.8992575732744837e-06,2.817628459855239e-14,9.908339424678997e-16,-2568.237394450876,-1069249.9051759485,2568.2373963501336,1069249.9051778477
0.0027946376766337685,1.9272017674676656e-06,1.9272017963351808e-06,1.927201768472713e-06,2.886751515252168e-14,1.0050473670810637e-15,-2551.6728051784253,-1052095.2366283443,2551.6728071056273,1052095.2366302714
0.0028220058316650513,1.9555568793627994e-06,1.9555569089384663e-06,1.955556880382261e-06,2.957566688367827e-14,1.0194617502609638e-15,-2535.1998677128645,-1035209.8328718931,2535.1998696684213,1035209.8328738486
0.0028496420056656905,1.9843289447439255e-06,1.98432897504508e-06,1.984328945778007e-06,3.030115441464984e-14,1.034081538930573e-15,-2518.8181590388704,-1018589.5561189859,2518.818161023199,1018589.5561209702
0.0028775488233711783,2.0135240889389314e-06,2.013524119983334e-06,2.0135240899878428e-06,3.104440253245944e-14,1.0489113917711013e-15,-2502.527257705113,-1002230.3308894314,2502.5272597186367,1002230.3308914449
0.0029057289352213012,2.0431485271230967e-06,2.0431485589289424e-06,2.043148528187052e-06,3.180584576500901e-14,1.0639551204308113e-15,-2486.326743819872,-986128.1430901239,2486.3267458630203,986128.1430921671
0.0029341850176118492,2.0732085656304953e-06,2.0732085982164232e-06,2.073208566709712e-06,3.258592795756291e-14,1.0792165365579656e-15,-2470.216199046759,-970279.0391080918,2470.2162011199675,970279.0391101651
0.002962919773148816,2.1037106032824265e-06,2.10371063666753e-06,2.1037106043771247e-06,3.338510354329734e-14,1.094698181251406e-15,-2454.195206600345,-954679.1249166746,2454.195208704056,954679.1249187783
0.0029919359309050746,2.1346611327326963e-06,2.1346611669365305e-06,2.1346611338430947e-06,3.420383415516856e-14,1.1103983604452382e-15,-2438.263351241857,-939324.5651946813,2438.263353376518,939324.565196816
0.003021236246679568,2.1660667418296813e-06,2.166066776872272e-06,2.166066742955996e-06,3.504259074349524e-14,1.1263145330406201e-15,-2422.4202192748626,-924211.582458338,2422.4202214409293,924211.582460504
0.0030508235032590523,2.197934114995057e-06,2.1979341508969094e-06,2.197934116137498e-06,3.590185230540905e-14,1.1424407698069211e-15,-2406.6653985409644,-909336.456205827,2406.6654007388984,909336.4562080249
0.0030807005106823714,2.230270034619089e-06,2.230270071401194e-06,2.230270035777855e-06,3.678210503782172e-14,1.1587656357993532e-15,-2390.9984784155054,-894695.5220742665,2390.9984806457755,894695.5220764967
0.0031108701065073532,2.2630813826080456e-06,2.2630814202919624e-06,2.2630813837833936e-06,3.7683916876324374e-14,1.1753479998077507e-15,-2375.4190498032826,-880285.1710089186,2375.419052066364,880285.1710111817
0.0031413351560803013,2.2963751418608778e-06,2.2963751804686603e-06,2.296375143053038e-06,3.860778248815822e-14,1.1921603332613277e-15,-2359.926705134262,-866101.8484444787,2359.926707430637,866101.8484467751
0.0031720985528081273,2.330158397578472e-06,2.3301584371327127e-06,2.33015839878768e-06,3.95542405862777e-14,1.2092077183577677e-15,-2344.5210383593185,-852142.0534982639,2344.521040689477,852142.0535005941
0.003203163218433165,2.3644383388546072e-06,2.3644383793784532e-06,2.3644383400811033e-06,4.0523845977263277e-14,1.2264960843277016e-15,-2329.2016449459456,-838402.3381751138,2329.201647310384,838402.3381774782
0.003234532103310641,2.3992222601840477e-06,2.3992223017012096e-06,2.399222261428077e-06,4.151716193802487e-14,1.244029242819392e-15,-2313.9681218740293,-824879.3065838802,2313.9681242732518,824879.3065862794
0.003266208186688897,2.4345175629959232e-06,2.4345176055306885e-06,2.434517564257733e-06,4.2534765297999556e-14,1.2618097349316806e-15,-2298.820067631581,-811569.614165291,2298.8200700660987,811569.6141677254
0.003298194476992336,2.470331757212473e-06,2.4703318007897193e-06,2.470331758492312e-06,4.3577246439151576e-14,1.279839254730462e-15,-2283.7570822105,-798469.9669310522,2283.7570846808317,798469.9669335225
0.0033304940121071614,2.5066724628329924e-06,2.506672507478201e-06,2.5066724641311107e-06,4.4645208448939374e-14,1.2981182257322098e-15,-2268.7787671023507,-785577.1207140252,2268.778769609023,785577.1207165319
0.003363109859669877,2.5435474115428363e-06,2.5435474572821073e-06,2.5435474128594855e-06,4.5739270931963866e-14,1.3166491890357658e-15,-2253.8847252941177,-772887.8804293135,2253.884727837665,772887.8804318571
0.0033960451173586474,2.5809644483473374e-06,2.580964495207407e-06,2.580964449682773e-06,4.6860069586451966e-14,1.335435532772919e-15,-2239.0745612640194,-760399.0993461212,2239.074563844984,760399.0993487021
0.003429302913187499,2.618931533230526e-06,2.61893158123878e-06,2.6189315345850053e-06,4.800825408667422e-14,1.3544793745260374e-15,-2224.347880977279,-748107.6783701923,2224.3478835962105,748107.6783728112
0.003462886405803395,2.657456742838459e-06,2.657456792022951e-06,2.6574567442122433e-06,4.9184492318109533e-14,1.3737845259433838e-15,-2209.704291881918,-736010.5653367168,2209.7042945393746,736010.5653393742
0.0034967987847862422,2.696548272187084e-06,2.6965483225765526e-06,2.696548273580442e-06,5.038946868337929e-14,1.3933581868050098e-15,-2195.1434029045818,-724104.7543135419,2195.14340560113,724104.7543162385
0.0035310432709518,2.7362144363943836e-06,2.736214488018269e-06,2.7362144378075882e-06,5.162388537279677e-14,1.4132045922756516e-15,-2180.664824446341,-712387.2849145267,2180.664827182555,712387.284917263
0.003565623116657587,2.776463672436794e-06,2.7764637253252556e-06,2.776463673870124e-06,5.288846151733418e-14,1.4333300951024138e-15,-2166.2681683785227,-700855.241622921,2166.2681711549862,700855.2416256975
0.0036005416061117746,2.8173045409296573e-06,2.8173045951135896e-06,2.8173045423833987e-06,5.418393234158975e-14,1.4537414715488743e-15,-2151.9530480385456,-689505.7531245992,2151.95305085585,689505.7531274165
0.0036358020556850924,2.8587457279315904e-06,2.858745783442643e-06,2.8587457294060346e-06,5.551105255191947e-14,1.4744442273291903e-15,-2137.719078225746,-678335.9916510207,2137.719081084492,678335.9916538794
0.0036714078142258215,2.9007960467726754e-06,2.9007961036432667e-06,2.9007960482681176e-06,5.687059125423946e-14,1.4954421740916244e-15,-2123.5658751972273,-667343.1723317753,2123.5658780980234,667343.1723346761
0.0037073622633778227,2.943464439906209e-06,2.9434644981695455e-06,2.943464441422948e-06,5.826333661270713e-14,1.5167391234844393e-15,-2109.4930566637254,-656524.5525565881,2109.49305960719,656524.5525595315
0.0037436688179017233,2.986759980784015e-06,2.9867600404741066e-06,2.986759982322349e-06,5.969009161455648e-14,1.538333804958214e-15,-2095.500241785464,-645877.4313466204,2095.500244772224,645877.4313496072
0.00378033092599923,3.0306918757550934e-06,3.030691936906768e-06,3.0306918773153153e-06,6.115167449361456e-14,1.5602219833482124e-15,-2081.5870511680255,-635399.1487349613,2081.5870541987174,635399.1487379919
0.0038173520696406166,3.075269465987438e-06,3.0752695286363585e-06,3.0752694675698345e-06,6.264892042436737e-14,1.5823964588743827e-15,-2067.753106858225,-625087.0851561587,2067.753109933494,625087.0851592339
0.0038547357648954354,3.1205022294129827e-06,3.1205022935956596e-06,3.120502231017824e-06,6.418267686327862e-14,1.6048411379107272e-15,-2053.9980323400046,-614938.6608446754,2053.998035460507,614938.6608477959
0.003892485562266436,3.166399782845754e-06,3.1663998485996525e-06,3.16639978447338e-06,6.575389841647987e-14,1.6276259006753942e-15,-2040.3214525303315,-604951.3352421337,2040.3214556967314,604951.3352453001
0.003930605047026785,3.212971884117672e-06,3.2129719514811397e-06,3.2129718857684e-06,6.736346769230218e-14,1.650727877278808e-15,-2026.7229937750792,-595122.6064132131,2026.7229969880511,595122.606416426
0.003969097839560568,3.260228433845704e-06,3.260228502858017e-06,3.260228435519852e-06,6.901231303885571e-14,1.6741483382703894e-15,-2013.2022838449634,-585450.0104701063,2013.2022871051918,585450.0104733665
0.004007967595706656,3.308179477662151e-06,3.308179548363544e-06,3.3081794793600463e-06,7.07013928739203e-14,1.6978953304631374e-15,-1999.7589519314377,-575931.1210053673,1999.758955239617,575931.1210086754
0.004047218007105884,3.3568352083179957e-06,3.3568352807496803e-06,3.3568352100399696e-06,7.243168467351707e-14,1.7219739360547354e-15,-1986.392628642632,-566563.5485330813,1986.392631999467,566563.5485364381
0.0040868528015516855,3.4062059678187732e-06,3.4062060420229624e-06,3.4062059695651608e-06,7.420418920707321e-14,1.7463875431769724e-15,-1973.1029459992847,-557344.9399381902,1973.1029494054906,557344.9399415964
0.004126875743344135,3.4563022495956614e-06,3.4563023256155885e-06,3.4563022513667984e-06,7.601992714929015e-14,1.7711369988627958e-15,-1959.8895374306708,-548272.9779338834,1959.889540886973,548272.9779373397
0.004167290633647451,3.507134700711674e-06,3.50713477859162e-06,3.5071347025078985e-06,7.787994585640719e-14,1.7962244206945737e-15,-1946.752037770579,-539345.3805269416,1946.7520412777137,539345.3805304487
0.0042081013108510356,3.5587141241027564e-06,3.5587142038880775e-06,3.5587141259244113e-06,7.978532106026732e-14,1.8216548908699896e-15,-1933.690083253231,-530559.9004908877,1933.690086811945,530559.9004944464
0.00424931165093399,3.611051480853471e-06,3.61105156259062e-06,3.6110514827008986e-06,8.17371488215043e-14,1.847427562356096e-15,-1920.703311509276,-521914.3248468771,1920.7033151203275,521914.3248504881
0.004290925567833256,3.664157892507238e-06,3.6641579762437956e-06,3.6641578943807857e-06,8.373655738800386e-14,1.873547517350577e-15,-1907.7913615617547,-513406.4743521799,1907.7913652259126,513406.4743558441
0.004332947013815338,3.7180446434108072e-06,3.7180447291955098e-06,3.7180446453108305e-06,8.578470253622255e-14,1.9000232261829047e-15,-1894.9538738220676,-505034.20299615676,1894.9538775401122,505034.20299987483
0.004375379979851657,3.772723183092796e-06,3.7727232709755654e-06,3.7727231850196546e-06,8.788276926525356e-14,1.926858500501342e-15,-1882.1904900859752,-496795.39750363305,1882.1904938586983,496795.3975074058
0.004418228495997618,3.828205128676153e-06,3.828205218708123e-06,3.828205130630216e-06,9.003196967924442e-14,1.954062657668308e-15,-1869.5008535295972,-488687.9768455464,1869.5008573578023,488687.9768493746
0.004461496631775327,3.884502267324185e-06,3.8845023595577335e-06,3.884502269305827e-06,9.223354891662759e-14,1.981642050430908e-15,-1856.8846087053914,-480709.89175677084,1856.8846125898938,480709.89176065533
0.0045051884965601205,3.9416265587201445e-06,3.941626653208925e-06,3.941626560729751e-06,9.44887800679228e-14,2.009606843184509e-15,-1844.341401538203,-472859.1242610237,1844.3414054798295,472859.12426496536
0.004549308239970839,3.999590137580071e-06,3.999590234379037e-06,3.999590139618036e-06,9.679896586980291e-14,2.0379646592256356e-15,-1831.8708793212415,-465133.68720272585,1831.8708833208316,465133.6872067254
0.004593860052263935,4.058405316198642e-06,4.0584054153640825e-06,4.0584053182653636e-06,9.916544039915987e-14,2.066721427784919e-15,-1819.4726907121453,-457531.6237857547,1819.4726947705506,457531.62378981314
0.004638848164731458,4.118084587027972e-06,4.118084688617537e-06,4.118084589123852e-06,1.015895648379399e-13,2.095879689961201e-15,-1807.1464857289886,-450051.0071189487,1807.1464898470733,450051.00712306675
0.004684276850102892,4.178640625288996e-06,4.178640729361728e-06,4.178640627414437e-06,1.0407273170830829e-13,2.1254411398203762e-15,-1794.891915746329,-442689.9397682986,1794.8919199249697,442689.9397724772
0.004730150422950978,4.2400862916153735e-06,4.240086398231733e-06,4.240086293770773e-06,1.0661635979045169e-13,2.1553998481318136e-15,-1782.7086334912701,-435446.5533157154,1782.7086377313565,435446.5533199555
0.004776473240101475,4.302434634729647e-06,4.302434743951543e-06,4.3024346369153906e-06,1.0922189666367696e-13,2.1857439564342517e-15,-1770.5962930394987,-428319.00792427507,1770.5962973419335,428319.0079285775
0.00482324970104697,4.365698894151443e-06,4.36569900604226e-06,4.365698896367894e-06,1.1189081701234527e-13,2.2164514418710618e-15,-1758.5545498113665,-421305.49190985784,1758.5545541770655,421305.49191422353
0.00487048424836469,4.429892503088509e-06,4.429892617713237e-06,4.429892505336112e-06,1.1462472765795756e-13,2.2476027725722332e-15,-1746.5830605679607,-414404.2213190871,1746.5830649978532,414404.221323517
0.004918181368138451,4.495029091515475e-06,4.495029208940666e-06,4.495029093794664e-06,1.1742519052926857e-13,2.279188631175346e-15,-1734.6814834071652,-407613.43951346446,1734.6814879021942,407613.4395179595
0.004966345590384718,4.5611224885725296e-06,4.561122608866329e-06,4.561122490883729e-06,1.2029379974228503e-13,2.3111997003179806e-15,-1722.8494777597805,-400931.4167596358,1722.849482320903,400931.4167641969
0.005014981489482837,4.6281867256698625e-06,4.628186848902076e-06,4.628186728013513e-06,1.2323221378751767e-13,2.34365037956024e-15,-1711.086704385586,-394356.4498256717,1711.0867090137726,394356.4498302999
0.005064093684609506,4.696236039424381e-06,4.696236165666502e-06,4.696236041800928e-06,1.2624212080163035e-13,2.3765465981327553e-15,-1699.392825369467,-387886.8615832984,1699.392830065703,387886.8615879947
0.0051136868401774485,4.765284874631046e-06,4.765285003956292e-06,4.765284877040937e-06,1.2932524619073665e-13,2.409890897134368e-15,-1687.7675041175185,-381521.0006159834,1687.7675088828034,381521.0006207487
0.005163765666278435,4.83534788728321e-06,4.8353480197665715e-06,4.835347889726899e-06,1.3248336110072926e-13,2.443688358762762e-15,-1676.2104053531511,-375257.2408327853,1676.210410188499,375257.2408376207
0.0052143349191306155,4.906439947641749e-06,4.90644008336002e-06,4.906439950119685e-06,1.3571827140585174e-13,2.477936441919095e-15,-1664.7211951132438,-369093.98108790134,1664.7212000196837,369093.9810928078
0.005265399401530236,4.978576143352577e-06,4.97857628238441e-06,4.978576145865218e-06,1.390318329552915e-13,2.5126410758339983e-15,-1653.299540744255,-363029.64480581053,1653.299545722831,363029.6448107891
0.005316963963307804,5.051771782612424e-06,5.051771925038368e-06,5.051771785160232e-06,1.4242594394988338e-13,2.547807342705155e-15,-1641.945110898362,-357062.6796119427,1641.9451159501336,357062.67961699446
0.0053690335017886675,5.12604239738236e-06,5.126042543284908e-06,5.126042399965796e-06,1.459025483302413e-13,2.5834360895655127e-15,-1630.6575755296374,-351191.5569688011,1630.6575806556798,351191.55697392713
0.0054216129622581535,5.201403746649047e-06,5.201403896112691e-06,5.201403749268585e-06,1.4946364424708782e-13,2.6195374808104382e-15,-1619.4366058901708,-345414.7718174356,1619.4366110915746,345414.771822637
0.005474707338431247,5.277871819733262e-06,5.277871972844534e-06,5.2778718223893814e-06,1.5311127135575996e-13,2.656119139736457e-15,-1608.2818745262537,-339730.84222421504,1608.2818798041255,339730.8422294929
0.005528321672926855,5.3554628396454385e-06,5.3554629964929645e-06,5.355462842338631e-06,1.5684752606280215e-13,2.6931929248048304e-15,-1597.1930552745519,-334138.30903280585,1597.1930606300148,334138.3090381613
0.005582461057746753,5.43419326648805e-06,5.4341934271626e-06,5.434193269218815e-06,1.60674550514538e-13,2.7307656122791367e-15,-1586.1698232582667,-328635.73552128416,1586.16982869246,328635.7355267184
0.0056371306347591625,5.51407980090431e-06,5.514079965498853e-06,5.514079803673163e-06,1.6459454276146566e-13,2.7688532957853736e-15,-1575.2118548833475,-323221.70706431795,1575.2118603974272,323221.707069832
0.005692335596187119,5.59513938757321e-06,5.595139556182958e-06,5.595139390380672e-06,1.6860974828792827e-13,2.807461904554172e-15,-1564.3188278346652,-317894.83080032613,1564.3188334298045,317894.8308059213
0.0057480811851015915,5.677389218750409e-06,5.677389391472879e-06,5.677389221597015e-06,1.7272247017650942e-13,2.846605838145635e-15,-1553.490421072222,-312653.7353035614,1553.4904267496113,312653.7353092388
0.005804372695919463,5.7608467378547405e-06,5.760846914789794e-06,5.760846740741024e-06,1.7693505386144007e-13,2.886283402493868e-15,-1542.7263148273635,-307497.0702610311,1542.7263205882102,307497.07026679197
0.005861215474906331,5.8455296431000425e-06,5.8455298243499465e-06,5.845529646026542e-06,1.8124990406925747e-13,2.926499679796555e-15,-1532.026190598986,-302423.5061541993,1532.0261964445156,302423.5061600448
0.005918614920684293,5.931455891172091e-06,5.931456076841562e-06,5.931455894139336e-06,1.8566947126627802e-13,2.9672453526912758e-15,-1521.3897311497738,-297431.733945388,1521.3897370812297,297431.7339513195
0.00597657648474467,6.0186437009503125e-06,6.018643891146571e-06,6.018643703958818e-06,1.9019625843486087e-13,3.00850517458498e-15,-1510.816620502417,-292520.4647688161,1510.8166265210607,292520.46477483475
0.006035105671965754,6.107111557273908e-06,6.107111752106724e-06,6.107111560324162e-06,1.9483281599121018e-13,3.05025373448925e-15,-1500.3065439358677,-287688.4296262116,1500.3065500429793,287688.4296323187
0.006094208041135658,6.196878214880426e-06,6.196878414462281e-06,6.196878217972985e-06,1.9958185444075719e-13,3.092558795039866e-15,-1489.8591879815733,-282934.3790869192,1489.8591941784516,282934.3790931161
0.0061538892054802214,6.287962702804874e-06,6.2879629072509886e-06,6.287962705940336e-06,2.044461147821192e-13,3.1354618608512436e-15,-1479.4742404197345,-278257.0829924537,1479.4742467076971,278257.08299874165
0.0062141548331961505,6.380384327689756e-06,6.380384537118087e-06,6.3803843308686844e-06,2.09428330390617e-13,3.1789282035725452e-15,-1469.1513902755703,-273655.3301654211,1469.1513966559546,273655.3301718015
0.006275010647989345,6.474162678051217e-06,6.4741628925825675e-06,6.474162681274191e-06,2.1453135068508515e-13,3.222973916829769e-15,-1458.8903278155815,-269127.9281227508,1458.8903342897443,269127.9281292249
0.006336462429618498,6.569317628388738e-06,6.569317848146824e-06,6.569317631656345e-06,2.1975808607073042e-13,3.2676066239194397e-15,-1448.6907445438364,-264673.70279317594,1448.690751113154,264673.70279974525
0.006398516014444057,6.665869343312497e-06,6.665869568424008e-06,6.6658693466253335e-06,2.2511151132726358e-13,3.312836489236925e-15,-1438.5523331982486,-260291.4982388975,1438.5523398641178,260291.4982455634
0.006461177295982486,6.763838281738669e-06,6.763838512333339e-06,6.76383828509733e-06,2.305946698440641e-13,3.3586609716833825e-15,-1428.4747877468656,-255980.1763813723,1428.4747945107038,255980.17638813614
0.006524452225466029,6.863245201152325e-06,6.863245437363001e-06,6.863245204557411e-06,2.3621067616127903e-13,3.4050860004894434e-15,-1418.4578033841815,-251738.61673117007,1418.4578102474268,251738.6167380333
0.006588346812407916,6.964111161937555e-06,6.964111403900277e-06,6.964111165389668e-06,2.419627227460866e-13,3.452113269721002e-15,-1408.5010765274294,-247565.71612182847,1408.5010834915406,247565.71612879258
0.006652867125173115,7.066457531774344e-06,7.066457779628415e-06,7.066457535274089e-06,2.478540706753337e-13,3.4997444734439533e-15,-1398.6043048129025,-243460.38844766075,1398.60431187936,243460.38845472722
0.00671801929155469,7.170305990101927e-06,7.17030624399e-06,7.1703059936499155e-06,2.5388807250542557e-13,3.547988081987769e-15,-1388.7671870922748,-239421.5644054512,1388.7671942625807,239421.56441262152
0.006783809499355753,7.27567853264797e-06,7.2756787927161255e-06,7.275678536244823e-06,2.600681553316668e-13,3.5968525656819225e-15,-1378.9894234289277,-235448.1912399825,1378.9894307046063,235448.19124725816
0.006850243996977173,7.382597476023517e-06,7.382597742421347e-06,7.382597479669863e-06,2.663978301056238e-13,3.646346394855886e-15,-1369.270715094288,-231539.23249334362,1369.2707224768856,231539.2325007262
0.006917329094011,7.491085462383034e-06,7.4910857352637286e-06,7.491085466079518e-06,2.7288069417622353e-13,3.696483969069762e-15,-1359.610764564182,-227693.66775795713,1359.6107720552675,227693.66776544822
0.006985071161839746,7.601165464149364e-06,7.6011657436698e-06,7.601165467896646e-06,2.7952043552491833e-13,3.74728138194955e-15,-1350.0092755151582,-223910.49243327088,1350.0092831163236,223910.49244087204
0.007053476634241464,7.712860788802886e-06,7.712861075123706e-06,7.712860792601635e-06,2.8632082090722464e-13,3.798749644923563e-15,-1340.4659528208806,-220188.71748607492,1340.4659605337413,220188.7174937878
0.007122552008000818,7.826195083734873e-06,7.826195377020588e-06,7.82619508758578e-06,2.932857153344808e-13,3.850906545683694e-15,-1330.9805025484732,-216527.36921436893,1330.9805103746683,216527.36922219512
0.007192303843526109,7.94119234116435e-06,7.941192641583413e-06,7.94119234506811e-06,3.004190625920892e-13,3.903759707526468e-15,-1321.5526319548972,-212925.4890147452,1321.5526398960894,212925.48902268638
0.007262738765472339,8.057876903118203e-06,8.057877210843107e-06,8.057876907075522e-06,3.0772490472127413e-13,3.9573192948472516e-15,-1312.182049483336,-209382.13315323018,1312.1820575412128,209382.13316128807
0.007333863463370413,8.176273466474057e-06,8.176273781681426e-06,8.176273470485644e-06,3.1520736846655465e-13,4.01158700171194e-15,-1302.868464759576,-205896.37253953083,1302.8684729358495,205896.3725477071
0.007405684692262435,8.296407088065566e-06,8.296407410936233e-06,8.296407092132116e-06,3.228706669698104e-13,4.066549275593377e-15,-1293.6115885884105,-202467.2925046451,1293.6115968848176,202467.2925129415
0.0074782092733432885,8.418303189849723e-06,8.418303520568828e-06,8.41830319397191e-06,3.307191048524793e-13,4.122187481766723e-15,-1284.411132950038,-199093.99258177655,1284.4111413683413,199093.99259019486
0.0075514440946084765,8.54198756413583e-06,8.541987902892898e-06,8.541987568314293e-06,3.387570680511622e-13,4.178462656716404e-15,-1275.26681099647,-195775.58629051282,1275.2668195384576,195775.5862990548
0.007625396111508294,8.667486378952457e-06,8.6674867259416e-06,8.667486383187883e-06,3.4698914240223564e-13,4.235425622419256e-15,-1266.1783370479577,-192511.20092421788,1266.178345715444,192511.20093288537
0.007700072347608452,8.794826184226724e-06,8.794826539646809e-06,8.794826188519919e-06,3.554200848427313e-13,4.293194963487894e-15,-1257.1454265894017,-189299.97734058782,1257.145435384228,189299.97734938265
0.00777547989525709,8.924033916503806e-06,8.924034280558367e-06,8.924033920855499e-06,3.6405456083012273e-13,4.35169275289117e-15,-1248.167796266799,-186141.06975533225,1248.167805190833,186141.06976425627
0.007851625916258403,9.05513690467991e-06,9.055137277577371e-06,9.055136909090854e-06,3.7289746113264733e-13,4.410944401617503e-15,-1239.2451638836726,-183033.64553892473,1239.2451729388094,183033.64554797986
0.007928517642552823,9.188162875778407e-06,9.188163257732175e-06,9.188162880249367e-06,3.8195376799810086e-13,4.470960074062259e-15,-1230.37724839752,-179976.88501638736,1230.3772575856829,179976.88502557552
0.008006162376903858,9.323139960671844e-06,9.323140351900429e-06,9.323139965203593e-06,3.9122858564702347e-13,4.531749934620806e-15,-1221.5637699162794,-176969.98127005997,1221.5637792394193,176969.98127938312
0.008084567493591707,9.46009669989811e-06,9.460097100625239e-06,9.460096704491422e-06,4.0072712841423847e-13,4.5933122892272485e-15,-1212.8044496947625,-174012.13994530577,1212.8044591548592,174012.13995476585
0.008163740439113575,9.599062049569896e-06,9.59906246002463e-06,9.59906205422555e-06,4.1045473430137945e-13,4.655653914145165e-15,-1204.0990101311572,-171102.5790591267,1204.0990197302192,171102.57906872575
0.008243688732890941,9.740065387377353e-06,9.740065807794218e-06,9.740065392096126e-06,4.204168649768903e-13,4.718773115308661e-15,-1195.4471747634777,-168240.52881162404,1195.4471845035432,168240.5288213641
0.00832441996798369,9.883136518683004e-06,9.883136949302122e-06,9.883136523465683e-06,4.306191176344865e-13,4.782678363047209e-15,-1186.8486682660612,-165425.23140028052,1186.8486781491977,165425.23141016366
0.008405941811811295,1.0028305682708651e-05,1.0028306123775869e-05,1.002830568755602e-05,4.4106721821689145e-13,4.847369657360809e-15,-1178.3032164460524,-162655.9408370119,1178.303226474358,162655.9408470402
0.008488262006880984,1.017560355881328e-05,1.017560401058031e-05,1.0175603563726135e-05,4.517670298861661e-13,4.912855468578933e-15,-1169.8105462399003,-159931.92276795415,1169.810556415504,159931.92277812975
0.008571388371523105,1.0325061272861944e-05,1.0325061735586509e-05,1.03250612778411e-05,4.6272456488217e-13,4.9791561254923164e-15,-1161.3703857098672,-157252.45429594177,1161.3703960349285,157252.45430626682
0.008655328800633664,1.0476710403684645e-05,1.0476710877630616e-05,1.0476710408730929e-05,4.739459709700343e-13,5.04628348656222e-15,-1152.9824640405427,-154616.82380563996,1152.9824745172532,154616.82381611667
0.00874009126642414,1.0630582989624888e-05,1.0630583475062436e-05,1.0630582994739142e-05,4.854375483808208e-13,5.114254492447588e-15,-1144.6465115353524,-152024.33079128928,1144.6465221659353,152024.33080191986
0.008825683819178663,1.078671153517717e-05,1.0786712032382912e-05,1.0786711540360259e-05,4.97205743035258e-13,5.183089471939156e-15,-1136.3622596130933,-149474.28568702925,1136.3622703998049,149474.28569781597
0.008912114588018548,1.0945129017712942e-05,1.0945129526970088e-05,1.0945129022965747e-05,5.092571465437415e-13,5.252805365695869e-15,-1128.1294408044673,-146966.00969975838,1128.1294517495962,146966.0097107035
0.008999391781674379,1.110586889429451e-05,1.110586941589302e-05,1.1105868899617927e-05,5.215985097588608e-13,5.323417420310776e-15,-1119.9477887486175,-144498.83464449533,1119.9477998544864,144498.8346556012
0.009087523689265629,1.1268965108576287e-05,1.1268965642813017e-05,1.1268965113971225e-05,5.342367292228726e-13,5.39493749424514e-15,-1111.8170381896816,-142072.10278220472,1111.8170494586468,142072.1027934737
0.009176518681087906,1.1434452097792667e-05,1.1434452644971526e-05,1.1434452103260029e-05,5.471788590261616e-13,5.467362199367172e-15,-1103.7369249733388,-139685.1666600506,1103.7369364077908,139685.16667148506
0.009266385209407953,1.1602364799832322e-05,1.1602365360264427e-05,1.1602364805373008e-05,5.604321057250429e-13,5.540686453479188e-15,-1095.707186043383,-137337.38895404304,1095.7071976457478,137337.3889656454
0.009357131809266341,1.177273866039791e-05,1.1772739234401735e-05,1.1772738666012791e-05,5.740038249536306e-13,5.614881457460981e-15,-1087.7275594382854,-135028.14231404182,1087.727571211024,135028.14232581455
0.009448767099288128,1.1945609640251098e-05,1.1945610228152626e-05,1.1945609645940989e-05,5.879015282001009e-13,5.689891307138033e-15,-1079.7977842877713,-132756.80921108215,1079.797796233381,132756.80922302775
0.00954129978250139,1.2121014222556395e-05,1.2121014824689324e-05,1.21210142283221e-05,6.021329285464715e-13,5.765704144049082e-15,-1071.9176008094116,-130522.78178699098,1071.9176129304258,130522.781799112
0.009634738647163786,1.2298989421300768e-05,1.2298990038006988e-05,1.229898942714336e-05,6.167062201894741e-13,5.8425927128031435e-15,-1064.0867503052,-128325.46170625478,1064.0867626041895,128325.46171855376
0.009729092567597252,1.2479572788386683e-05,1.2479573420016023e-05,1.2479572794307081e-05,6.316293398278246e-13,5.9203977712061345e-15,-1056.3049751581657,-126164.26001011254,1056.3049876377386,126164.26002259212
0.009824370505030783,1.2662802421037802e-05,1.266280306794841e-05,1.2662802427036953e-05,6.469106087131967e-13,5.99915150651005e-15,-1048.5720188289663,-124038.59697283625,1048.5720314917687,124038.59698549905
0.00992058150845156,1.2848716969978253e-05,1.2848717632536788e-05,1.2848716976057126e-05,6.625585344445127e-13,6.0788725534397306e-15,-1040.8876258525104,-121947.9019601687,1040.8876387012274,121947.90197301742
0.010017734715464353,1.3037355647346221e-05,1.3037356325928023e-05,1.3037355653505799e-05,6.785818024976136e-13,6.15957785265412e-15,-1033.2515418345763,-119891.61328988688,1033.251554871932,119891.61330292423
0.010115839353159402,1.322875823473735e-05,1.3228758929726649e-05,1.3228758240978608e-05,6.949892999421822e-13,6.241258933823747e-15,-1025.6635134484272,-117869.17809445695,1025.6635266771855,117869.1781076857
0.0102149047389887,1.34229650913771e-05,1.3422965803167213e-05,1.3422965097701021e-05,7.117901120536107e-13,6.323920879146294e-15,-1018.1232884314594,-115880.05218575623,1018.1233018544245,115880.05219917919
0.010314940281650949,1.362001716242137e-05,1.3620017891414912e-05,1.3620017168828935e-05,7.289935426417916e-13,6.407565382687656e-15,-1010.6306155818356,-113923.69992182471,1010.6306292018528,113923.69993544472
0.010415955481985142,1.3819955987384608e-05,1.3819956733993716e-05,1.3819955993876798e-05,7.466091089689203e-13,6.492190750381939e-15,-1003.1852447551337,-111999.59407562073,1003.1852585750896,111999.59408944068
0.01051795993387289,1.4022823708694478e-05,1.402282447334103e-05,1.4022823715272283e-05,7.646465519138904e-13,6.577805452558615e-15,-995.7869268610046,-110107.21570574954,995.7869408838284,110107.21571977236
0.01062096332514964,1.422866308037258e-05,1.4228663863488421e-05,1.4228663087036991e-05,7.831158410544908e-13,6.664411183283578e-15,-988.4354138598293,-108246.0540291354,988.4354280884924,108246.05404336406
0.010724975438524706,1.443751747683981e-05,1.4437518278867003e-05,1.443751748359184e-05,8.020271933021315e-13,6.752029965413457e-15,-981.1304587593916,-106415.60629561127,981.1304731969091,106415.6063100488
0.010830006152510428,1.464943090184641e-05,1.4649431723237456e-05,1.4649430908687082e-05,8.213910457967885e-13,6.84067196334362e-15,-973.8718156115583,-104615.37766439367,973.8718302609892,104615.3776790431
0.010936065442360362,1.4864447997525184e-05,1.4864448838743286e-05,1.4864448004455547e-05,8.412181016467834e-13,6.930362588062483e-15,-966.6592395089547,-102844.88108241736,966.6592543734026,102844.8810972818
0.011043163381016675,1.5082614053567561e-05,1.508261491508686e-05,1.5082614060588687e-05,8.615192977415309e-13,7.02112555649257e-15,-959.4924865816593,-101103.63716450294,959.4925016642733,101103.63717958555
0.011151310140066848,1.5303975016521377e-05,1.5303975898827206e-05,1.5303975023634357e-05,8.823058284684621e-13,7.112979503358721e-15,-952.3713139938983,-99391.17407532797,952.3713292978733,99391.17409063195
0.011260515990709668,1.552857749920974e-05,1.552857840279889e-05,1.5528577506415693e-05,9.035891507952216e-13,7.205953227781142e-15,-945.295479940755,-97707.0274131785,945.2954954693324,97707.02742870708
0.011370791304730765,1.5756468790270247e-05,1.5756469715651208e-05,1.5756468797570295e-05,9.25380960552745e-13,7.300048423825728e-15,-938.2647436448784,-96050.74009545044,938.2647594013472,96050.7401112069
0.011482146555487653,1.598769686381365e-05,1.5987697811506882e-05,1.5987696871208923e-05,9.476932313987746e-13,7.395271867756056e-15,-931.2788653531991,-94421.86224587838,931.278881340896,94421.86226186607
0.011594592318904473,1.6222310389201153e-05,1.622231135973934e-05,1.6222310396692766e-05,9.705381877128053e-13,7.49161339517676e-15,-924.3376063336594,-92819.95108346458,924.3376225559698,92819.95109968689
0.011708139274476375,1.6460358740939544e-05,1.6460359734867866e-05,1.6460358748528587e-05,9.939283215367432e-13,7.589042512901739e-15,-917.4407288719427,-91244.57081308406,917.4407453323015,91244.57082954442
0.011822798206283838,1.6701892008693548e-05,1.670189302656992e-05,1.670189201638103e-05,1.017876372246115e-12,7.687481293899845e-15,-910.5879962682178,-89695.29251774008,910.5880129701098,89695.29253444196
0.01193858000401688,1.694696100741442e-05,1.6946962049809767e-05,1.6946961015201262e-05,1.0423953468788588e-12,7.786841646744563e-15,-903.7791728338779,-88171.69405244557,903.7791897808388,88171.69406939253
0.012055495664009281,1.7195617288324708e-05,1.7195618355823733e-05,1.7195617296212207e-05,1.0674990249669603e-12,7.887499654064475e-15,-897.0140238882959,-86673.35993970734,897.0140410839132,86673.35995690296
0.012173556290283017,1.7447913150125038e-05,1.7447914243326028e-05,1.7447913158114354e-05,1.093200989530762e-12,7.989316402456231e-15,-890.2923157555912,-85199.88126658909,890.2923332035043,85199.881284037
0.012292773095602777,1.770390164809705e-05,1.77039027676123e-05,1.7703901656189324e-05,1.1195152504952111e-12,8.092274951260886e-15,-883.6138157613916,-83750.85558332942,883.6138334652933,83750.85560103333
0.012413157402540941,1.7963636605716307e-05,1.796363775217249e-05,1.796363661391272e-05,1.1464561837034887e-12,8.196412569928119e-15,-876.978292229604,-82325.88680349146,876.9783101932406,82325.8868214551
0.01253472064455293,1.8227172625585752e-05,1.8227173799624242e-05,1.822717263388749e-05,1.1740384902594273e-12,8.301739422853296e-15,-870.3855144792068,-80924.58510562342,870.3855327063794,80924.5851238506
0.012657474367063078,1.849456510052525e-05,1.849456630280243e-05,1.8494565108933504e-05,1.202277182974984e-12,8.40825551003642e-15,-863.8352528210293,-79546.56683640488,863.8352713155944,79546.56685489944
0.012781430228561208,1.876587022483873e-05,1.8765871456026347e-05,1.8765870233354694e-05,1.2311876168634266e-12,8.515964219609276e-15,-857.3272785545441,-78191.45441525808,857.3272973204143,78191.45443402395
0.01290660000170981,1.9041145005757096e-05,1.9041146266542582e-05,1.9041145014381948e-05,1.2607854857512018e-12,8.624851999044711e-15,-850.8613639646836,-76858.87624040528,850.8613830058287,76858.87625944644
0.013032995574462204,1.9320447275056708e-05,1.9320448566143568e-05,1.932044728379163e-05,1.291086859547385e-12,8.734922236474513e-15,-844.4372823186302,-75548.46659634395,844.4373016390774,75548.4666156644
0.01316062895119158,1.9603835700851597e-05,1.9603837022959765e-05,1.960383570969776e-05,1.322108167303021e-12,8.846161379371525e-15,-838.054807862647,-74259.86556272642,838.0548274664826,74259.86558233025
0.013289512253831086,1.9891369799558522e-05,1.9891371153424746e-05,1.9891369808517108e-05,1.353866224316179e-12,8.958586368394694e-15,-831.7137158188945,-72992.71892461824,831.7137357102642,72992.71894450962
0.013419657723025176,2.0183109948034e-05,2.018311133441223e-05,2.018310995710621e-05,1.3863782287438196e-12,9.072210756071175e-15,-825.4137823822563,-71746.67808411518,825.4138025653663,71746.67810429829
0.01355107771929206,2.0479117395881402e-05,2.047911881554319e-05,2.047911740506845e-05,1.4196617887068507e-12,9.187048094928124e-15,-819.1547847171875,-70521.39997330254,819.1548051963049,70521.39999378166
0.013683784724197708,2.077945427792801e-05,2.0779455731662906e-05,2.0779454287231126e-05,1.4537348951850718e-12,9.303115325624486e-15,-812.936500954546,-69316.54696853114,812.9365217340003,69316.54698931059
0.013817791341541248,2.1084183626870098e-05,2.108418511548607e-05,2.108418363629055e-05,1.4886159728391517e-12,9.42045310574173e-15,-806.7587101884503,-68131.78680599484,806.7587312726339,68131.78682707902
0.013953110298552064,2.1393369386085518e-05,2.1393370910409364e-05,2.13933693956246e-05,1.52432384612931e-12,9.53908176407059e-15,-800.6211924731303,-66966.7924985881,800.6212138664997,66966.79251998146
0.014089754447098483,2.1707076422611834e-05,2.1707077983489607e-05,2.1707076432270852e-05,1.5608777731966356e-12,9.65901824127001e-15,-794.5237288197983,-65821.24225402618,794.5237505268747,65821.24227573325
0.014227736764908416,2.202537054028986e-05,2.2025372138587293e-05,2.202537055007015e-05,1.5982974323105591e-12,9.780289642394302e-15,-788.4661011935169,-64694.81939420724,788.4661232188874,64694.81941623261
0.014367070356801917,2.2348318493070913e-05,2.2348320129673855e-05,2.234831850297381e-05,1.6366029421976437e-12,9.902895967443467e-15,-782.4480925100729,-63587.21227579873,782.4481148583914,63587.21229814705
0.014507768455935785,2.2675987998486472e-05,2.267598967430132e-05,2.2675988008513293e-05,1.675814848489058e-12,1.002682027575856e-14,-776.4694866328717,-62498.11421203161,776.4695093088598,62498.114234707595
0.014649844425060435,2.300844775127982e-05,2.300844946723395e-05,2.300844776143183e-05,1.7159541304968395e-12,1.0152011745362746e-14,-770.5300683698147,-61427.2233956801,770.5300913782625,61427.22341868855
0.014793311757788937,2.334576743719759e-05,2.3345769194239815e-05,2.3345767447476e-05,1.7570422249308174e-12,1.0278409389883822e-14,-764.6296234702128,-60374.242823215245,764.6296468159802,60374.242846561014
0.014938184079878626,2.3688017746941165e-05,2.368801954604215e-05,2.3688017757347043e-05,1.7991009852410308e-12,1.0405877684050227e-14,-758.7679386216804,-59338.880220109015,758.7679623096982,59338.88024379703
0.01508447515052518,2.4035270390540032e-05,2.403527223269308e-05,2.4035270401074608e-05,1.842153047535962e-12,1.0534575870056045e-14,-752.9448014470487,-58320.847967275426,752.9448254823191,58320.84799131069
0.015232198863669395,2.4387598113830957e-05,2.4387600000052635e-05,2.438759812449574e-05,1.8862216781166067e-12,1.0664781774707977e-14,-747.1600005012891,-57319.86302863115,747.1600248888873,57319.86305301875
0.015381369249316802,2.4745074710865516e-05,2.4745076642195663e-05,2.4745074721661785e-05,1.9313301466720913e-12,1.0796268393176156e-14,-741.4133252684368,-56335.646879757776,741.4133500135115,56335.64690450285
0.01553200047487008,2.510777503934127e-05,2.5107777016843807e-05,2.510777505027036e-05,1.9775025360431724e-12,1.0929089935569208e-14,-735.7045661585169,-55367.92543765013,735.7045912662919,55367.9254627579
0.015684106846474654,2.547577503592961e-05,2.5475777060693036e-05,2.5475775046992876e-05,2.0247634271259793e-12,1.1063266730677868e-14,-730.0335145044949,-54416.42899153537,730.0335399802699,54416.42901701115
0.01583770281037741,2.584915173150647e-05,2.58491538046444e-05,2.5849151742705264e-05,2.0731379293652003e-12,1.1198792002238556e-14,-724.3999625592129,-53480.89213474429,724.3999884083646,53480.89216059344
0.015992802954298693,2.622798326662553e-05,2.622798538927724e-05,2.6227983277961194e-05,2.1226517078591373e-12,1.1335662362119484e-14,-718.8037034923444,-52561.05369762196,718.8037297203277,52561.053723849946
0.016149422008817853,2.661234890723278e-05,2.6612351080563772e-05,2.6612348918706633e-05,2.173330993524101e-12,1.1473854093398128e-14,-713.2445313873567,-51656.65668146055,713.2445579997056,51656.65670807289
0.01630757484877216,2.7002329060619878e-05,2.7002331285822485e-05,2.7002329072233242e-05,2.225202606811333e-12,1.16133638079427e-14,-707.7222412384716,-50767.44819343947,707.7222682408006,50767.4482204418
0.01646727649466961,2.739800529161603e-05,2.739800756990998e-05,2.7398005303370198e-05,2.278293950930743e-12,1.1754167788830677e-14,-702.2366289476422,-49893.17938255823,702.2366563456475,49893.17940995623
0.016628542114115467,2.7799460339015614e-05,2.7799462671648683e-05,2.779946035091188e-05,2.3326330694491484e-12,1.1896266036062059e-14,-696.787491321534,-49033.605376546424,696.7875191209944,49033.605404345886
0.016791387023252845,2.8206778132240944e-05,2.8206780520489553e-05,2.8206778144280603e-05,2.388248609020826e-12,1.2039658549636845e-14,-691.3746260685018,-48188.485219736016,691.3746542752799,48188.485247942794
0.016955826688217282,2.8620043808237234e-05,2.8620046253407124e-05,2.8620043820421596e-05,2.4451698905382773e-12,1.218436227021398e-14,-685.9978317955961,-47357.5818118841,685.9978604156399,47357.58184050414
0.01712187672660568,2.9039343728599753e-05,2.9039346232026628e-05,2.9039343740930157e-05,2.503426875250913e-12,1.2330404302847778e-14,-680.6569080055518,-46540.66184792761,680.6569370448956,46540.66187696695
0.017289552908959553,2.9464765496930375e-05,2.946476805998056e-05,2.946476550940818e-05,2.563050185093842e-12,1.2477804976328971e-14,-675.3516550937996,-45737.49575866012,675.3516845585651,45737.49578812489
0.017458871160262842,2.9896397976422484e-05,2.989640060049361e-05,2.989639798904907e-05,2.624071126404795e-12,1.2626584619448294e-14,-670.0818743454754,-44947.85765231416,670.0819042418734,44947.85768221056
0.017629847561454432,3.0334331307672385e-05,3.033433399419407e-05,3.0334331320449162e-05,2.6865216831478602e-12,1.2776777113523638e-14,-664.8473679324446,-44171.52525703746,664.8473982667759,44171.52528737179
0.017802498350955327,3.077865692671557e-05,3.0778659677150134e-05,3.077865693964397e-05,2.750434564347329e-12,1.2928399399213947e-14,-659.6479389103251,-43408.27986424825,659.647969688982,43408.279895026906
0.017976839926210967,3.1229467583286647e-05,3.122947039912979e-05,3.12294675963681e-05,2.8158431464894544e-12,1.308145486465101e-14,-654.483391215522,-42657.90627285729,654.4834224449896,42657.906304086755
0.018152888845248558,3.1686857359300946e-05,3.1686860242082484e-05,3.1686857372536887e-05,2.882781537896957e-12,1.3235940121703038e-14,-649.3535296622654,-41920.19273434344,649.3535613491227,41920.192766030304
0.018330661828249623,3.215092168755602e-05,3.215092463884056e-05,3.215092170094779e-05,2.9512845414595736e-12,1.3391773855207095e-14,-644.2581599396588,-41194.930898669845,644.2581920905805,41194.93093082077
0.018510175759138093,3.262175737065218e-05,3.2621760392039886e-05,3.2621757384201055e-05,3.0213877054560342e-12,1.3548874750000245e-14,-639.1970886087305,-40481.915761028344,639.1971212304878,40481.9157936501
0.01869144768718373,3.3099462600129545e-05,3.309946569325683e-05,3.309946261383666e-05,3.0931272828964816e-12,1.3707114057074504e-14,-634.1701230994951,-39780.94560939986,634.1701561989577,39780.945642499326
0.018874494828621448,3.358413697582062e-05,3.358414014236088e-05,3.358413698968686e-05,3.1665402586275246e-12,1.3866241054677486e-14,-629.1770717080157,-39091.82197291774,629.1771052921526,39091.82200650188
0.0190593345682864,3.4075881527275304e-05,3.407588476894081e-05,3.407588154130244e-05,3.2416655080733103e-12,1.4027136657074335e-14,-624.217743593481,-38414.34957102314,624.2177776693626,38414.349605099014
0.019245984461265086,3.457479873430164e-05,3.457480205284302e-05,3.4574798748490944e-05,3.3185413848856905e-12,1.4189306197023854e-14,-619.2919487752862,-37748.336263399884,619.2919833500849,37748.33629797468
0.019434462234562702,3.508099254490756e-05,3.508099594211516e-05,3.508099255926036e-05,3.3972075979692325e-12,1.435279710837109e-14,-614.3994981301107,-37093.593000676374,614.3995332111033,37093.59303575737
0.01962478578878666,3.559456839735469e-05,3.5594571875059404e-05,3.559456841187232e-05,3.477704716813978e-12,1.4517629719906777e-14,-609.5402033890201,-36449.93377588538,609.5402389835886,36449.93381147995
0.01981697319984675,3.611563324098009e-05,3.611563680105426e-05,3.61156332556639e-05,3.5600741714954427e-12,1.4683810807894493e-14,-604.7138771345602,-35817.1755766676,604.7139132501935,35817.175612783234
0.020011042720671862,3.664429555734239e-05,3.664429920170062e-05,3.6644295572193704e-05,3.644358232345827e-12,1.4851313267279925e-14,-599.9203327978648,-35195.13833820943,599.9203694421603,35195.13837485373
0.020207012782943637,3.718066538169622e-05,3.71806691122963e-05,3.7180665396716316e-05,3.73060007771665e-12,1.5020096440481606e-14,-595.1593846557683,-34583.64489690365,595.1594218364337,34583.64493408432
0.020404901998846876,3.772485432479111e-05,3.772485814363497e-05,3.772485433998126e-05,3.8188438617413854e-12,1.5190153551235958e-14,-590.4308478279212,-33982.52094472181,590.4308855527755,33982.52098244666
0.020604729162837322,3.8276975594994504e-05,3.827697950412912e-05,3.827697561035591e-05,3.909134619467774e-12,1.5361403284380043e-14,-585.734538273921,-33391.594984288145,585.7345765508966,33391.59502256512
0.020806513253426615,3.8837144020734846e-05,3.883714802225323e-05,3.883714403626869e-05,4.0015183820543004e-12,1.5533845639913862e-14,-581.0702727904425,-32810.69828464385,581.0703116275865,32810.69832348099
0.02101027343498477,3.9405476073263574e-05,3.9405480169305785e-05,3.940547608897105e-05,4.096042210651515e-12,1.5707473841573838e-14,-576.4378690083736,-32239.66483769182,576.4379084138496,32239.664877097297
0.02121602905956038,3.9982089889733384e-05,3.998209408248754e-05,3.998208990561565e-05,4.1927541557444485e-12,1.5882267560569235e-14,-571.8371453899633,-31678.33131531121,571.8371853720532,31678.3313552933
0.02142379966871843,4.056710529658996e-05,4.0567109588293247e-05,4.0567105312648196e-05,4.29170328425767e-12,1.6058233573163633e-14,-567.2679212259744,-31126.537027132596,567.2679617930797,31126.5370676997
0.02163360499539637,4.1160643833275944e-05,4.1160648226215685e-05,4.1160643849511336e-05,4.392939740541658e-12,1.6235392208147764e-14,-562.7300166328392,-30584.123878962335,562.7300577934831,30584.12392012298
0.02184546496577819,4.176282877624403e-05,4.176283327275879e-05,4.176282879265779e-05,4.496514759925324e-12,1.6413763794312364e-14,-558.2232525498239,-30050.936331847643,558.2232943126527,30050.93637361047
0.02205939970118688,4.237378516327695e-05,4.237378976575756e-05,4.2373785179870336e-05,4.6024806145059105e-12,1.65933889892389e-14,-553.747450736206,-29526.82136177249,553.7474931099912,29526.821404146274
0.022275429519995563,4.299363981811282e-05,4.299364452900352e-05,4.2993639834887065e-05,4.710890701240412e-12,1.6774247464136638e-14,-549.3024337684399,-29011.62841997363,549.3024767620797,29011.62846296727
0.022493574939557063,4.3622521375372166e-05,4.3622526197171695e-05,4.362252139232853e-05,4.82179952839305e-12,1.695636632405989e-14,-544.8880250373575,-28505.209393869856,544.8880686598789,28505.209437492376
0.022713856678152636,4.426056030578583e-05,4.426056524104857e-05,4.426056032292556e-05,4.9352627358640634e-12,1.71397320164815e-14,-540.5040487453429,-28007.418568592195,540.5040930059032,28007.418612852754
0.022936295656959645,4.49078889417205e-05,4.490789399305756e-05,4.490788895904475e-05,5.051337061308392e-12,1.7324249673711378e-14,-536.150329903543,-27518.112589108794,536.150374811432,27518.112634016685
0.023160913002038545,4.556464150299997e-05,4.556464667308038e-05,4.55646415205098e-05,5.170080407898309e-12,1.7509831204323006e-14,-531.8266943290611,-27037.150422933304,531.8267398937026,27037.150468497945
0.023387730046339386,4.62309541230199e-05,4.623095941457172e-05,4.623095414071618e-05,5.291551817218371e-12,1.7696280096672623e-14,-527.5329686421729,-26564.393323409513,527.5330148731271,26564.393369640467
0.02361676833172778,4.6906964875152955e-05,4.6906970290964465e-05,4.690696489303631e-05,5.415811509922996e-12,1.788335240527142e-14,-523.268980263542,-26099.704793562792,523.2690271705068,26099.704840469756
0.02384804961103092,4.759281379968612e-05,4.759281934260738e-05,4.759281381775723e-05,5.54292125843096e-12,1.8071109116491596e-14,-519.0345574114411,-25642.950550509722,519.0346050042549,25642.950598102536
0.0240815958501035,4.828864293498606e-05,4.8288648607930896e-05,4.8288642953246385e-05,5.672944834158797e-12,1.826032272438105e-14,-514.8295290989861,-25193.99849041808,514.829577387629,25193.99853870672
0.024317429229914006,4.899459634167758e-05,4.899460214762354e-05,4.899459636012798e-05,5.805945954312931e-12,1.8450396917744916e-14,-510.6537251313663,-24752.7186540078,510.6537741259626,24752.718703002396
0.024555572148651214,4.9710820130921187e-05,4.971082607291149e-05,4.9710820149562586e-05,5.941990301216223e-12,1.864139945921897e-14,-506.50697610308987,-24318.98319258614,506.50702581391,24318.98324229696
0.024796047223851526,5.043746249367458e-05,5.0437468574819474e-05,5.043746251250791e-05,6.0811448921154615e-12,1.8833330348803218e-14,-502.3891133952353,-23892.666334607835,502.3891638326978,23892.666385045297
0.025038877294547058,5.117467372941377e-05,5.11746799528918e-05,5.117467374843993e-05,6.223478024971248e-12,1.9026155705179765e-14,-498.2999691727007,-23473.64435275256,498.3000203473744,23473.644403927232
0.02528408542343473,5.192260627529642e-05,5.1922612644355835e-05,5.1922606294516215e-05,6.3690594139832746e-12,1.9219794213185676e-14,-494.2393763814699,-23061.795531512307,494.2394283040762,23061.795583434912
0.025531694899066742,5.2681414735764265e-05,5.268142125372445e-05,5.2681414755178463e-05,6.517960182814055e-12,1.9414198438975905e-14,-490.207168745879,-22657.00013528045,490.20722142729375,22657.000187961865
0.02578172923806225,5.345125591258013e-05,5.3451262582833034e-05,5.345125593218941e-05,6.670252905246511e-12,1.9609280291123937e-14,-486.20318076589086,-22259.140376935273,486.20323421714676,22259.140430386527
0.026034212187340942,5.423228883529784e-05,5.423229566130947e-05,5.423228885510282e-05,6.826011632289023e-12,1.980497878325757e-14,-482.2272477143772,-21868.100386910144,482.22730194666605,21868.100441142433
0.026289167726378366,5.502467479216074e-05,5.502468177747266e-05,5.502467481216197e-05,6.985311919280486e-12,2.0001226152741025e-14,-478.2792056344051,-21483.766182743177,478.2792606590799,21483.76623776785
0.026546620069483353,5.5828577361425896e-05,5.582858450965678e-05,5.5828577381623864e-05,7.148230886876682e-12,2.0197968189465676e-14,-474.3588913365286,-21106.025639099036,474.358947165106,21106.02569492761
0.026806593668097865,5.664416244311084e-05,5.664416975795805e-05,5.6644162463506036e-05,7.314847214274015e-12,2.0395198117167945e-14,-470.46614239609073,-20734.76845825569,470.4661990402532,20734.768514899853
0.0270691132131191,5.747159829115864e-05,5.747160577639982e-05,5.747159831175152e-05,7.485241179867094e-12,2.0592882054529943e-14,-466.6007971505307,-20369.88614104946,466.60085462212896,20369.88619852106
0.027334203637244613,5.831105554601985e-05,5.8311063205514564e-05,5.83110555668109e-05,7.659494715458841e-12,2.079105388286956e-14,-462.7626946966934,-20011.271958270492,462.762753007749,20011.272016581548
0.027601890117340256,5.91627072676461e-05,5.916271510533742e-05,5.916270728863578e-05,7.837691318169065e-12,2.0989679720868903e-14,-458.9516748881527,-19658.820922502968,458.95173405085995,19658.820981665674
0.02787219807683132,6.0026728968893527e-05,6.002673698880974e-05,6.002672899008228e-05,8.019916213064786e-12,2.1188752792264398e-14,-455.16757833253206,-19312.429760402247,455.16763835926105,19312.429820428977
0.02814515318811722,6.090329864933193e-05,6.09033068555882e-05,6.0903298670720184e-05,8.206256265068813e-12,2.138825276826531e-14,-451.41024638884016,-18971.99688540316,451.41030729213884,18971.99694630646
0.02842078137500956,6.179259682945655e-05,6.179260522625662e-05,6.179259685104475e-05,8.396800073827426e-12,2.158819997766237e-14,-447.67952116480507,-18637.42237085229,447.6795829574019,18637.42243264489
0.028699108815194354,6.269480658529941e-05,6.269481517693731e-05,6.269480660708786e-05,8.591637899171486e-12,2.1788452118920443e-14,-443.9752455142236,-18308.607923558262,443.9753082090302,18308.607986253068
0.028980161942718168,6.361011358343695e-05,6.361012237429873e-05,6.361011360542586e-05,8.790861783089174e-12,2.1988907548085856e-14,-440.29726303430607,-17985.45685775318,440.2973266444196,17985.456921363293
0.02926396745049882,6.453870611639051e-05,6.453871511095594e-05,6.453870613857986e-05,8.994565427753246e-12,2.2189349424724114e-14,-436.645418063038,-17667.874069459438,436.6454826017441,17667.874133998142
0.029550552292860344,6.548077513841616e-05,6.548078434126045e-05,6.548077516080564e-05,9.202844297164989e-12,2.2389479593237782e-14,-433.0195556765391,-17355.76601125558,433.01962115731425,17355.766076736352
0.029839943688093083,6.643651430168105e-05,6.643652371747668e-05,6.64365143242699e-05,9.415795630706748e-12,2.258885082023071e-14,-429.4195216864375,-17049.040667435012,429.41958812295184,17049.040733871527
0.030132169121038714,6.740611999373958e-05,6.740612962725898e-05,6.74061200165275e-05,9.633519405371355e-12,2.2787923891626205e-14,-425.84516263724026,-16747.60752955162,425.84523004336023,16747.60759695774
0.030427256345700576,6.838979138014098e-05,6.838980123625861e-05,6.838979140312825e-05,9.856117631030711e-12,2.298726801356482e-14,-422.2963258037203,-16451.377572346668,422.2963941935117,16451.37764073646
0.030725233387879712,6.938773043600361e-05,6.938774051969665e-05,6.938773045918984e-05,1.0083693035840662e-11,2.3186232664743067e-14,-418.77285918829915,-16160.263230050632,418.7729285760296,16160.263299438362
0.031026128547836446,7.040014198638053e-05,7.040015230273156e-05,7.040014200976533e-05,1.0316351031357425e-11,2.3384804292633787e-14,-415.27461151844733,-15874.178373055063,415.2746819185893,15874.178443455205
0.03132997040297829,7.142723374568633e-05,7.14272442998853e-05,7.142723376926929e-05,1.0554198967148605e-11,2.358295579218267e-14,-411.8014322440807,-15593.03828494788,411.80150367131444,15593.038356375113
0.03163678781057405,7.24692163569923e-05,7.246922715433843e-05,7.246921638077288e-05,1.0797346130793188e-11,2.3780578743172465e-14,-408.3531715349679,-15316.759639907308,408.35324400418426,15316.759712376524
0.0319466099104945,7.352630343190716e-05,7.352631447781112e-05,7.352630345588474e-05,1.1045903951169452e-11,2.397757827791308e-14,-404.92968027814766,-15045.260480448804,404.9297538044511,15045.260553975108
0.03225946612798008,7.45987115910396e-05,7.459872289102543e-05,7.459871161521338e-05,1.1299985835824637e-11,2.417377821355149e-14,-401.53081007534075,-14778.460195519036,401.53088467405234,14778.460270117746
0.032575386176435316,7.568666050503461e-05,7.568667206474197e-05,7.568666052940364e-05,1.1559707360710332e-11,2.4369029472288972e-14,-398.1564132403829,-14516.2794989328,398.1564889270434,14516.27957461946
0.032894400060251,7.679037293618328e-05,7.679038476136955e-05,7.679037296074646e-05,1.1825186270182468e-11,2.4563182976326814e-14,-394.80634279665344,-14258.640408146319,394.80641958702637,14258.640484936692
0.033216538077653776,7.791007478059834e-05,7.791008687714088e-05,7.791007480535452e-05,1.209654253121143e-11,2.4756170963029234e-14,-391.48045247451125,-14005.466223362622,391.480530384586,14005.466301272698
0.033541830823583814,7.904599511095193e-05,7.904600748485021e-05,7.904599513589975e-05,1.237389827917195e-11,2.4947817249543203e-14,-388.1785967087429,-13756.681506963754,388.178675754738,13756.681586009749
0.033870309192600374,8.01983662197701e-05,8.019837887714807e-05,8.019836624490816e-05,1.2657377966920902e-11,2.513805407323294e-14,-384.9006306360102,-13512.212063264697,384.9007108343764,13512.212143463063
0.03420200438181615,8.13674236632805e-05,8.136743661038887e-05,8.136742368860733e-05,1.2947108364797302e-11,2.5326827223989823e-14,-381.6464100923073,-13271.984918584156,381.64649145973095,13271.984999951579
0.03453694789386013,8.255340630580793e-05,8.255341954902644e-05,8.2553406331322e-05,1.3243218506412205e-11,2.551406893917807e-14,-378.4157916104254,-13035.928301627475,378.4158741638317,13035.928384180881
0.03487517153986956,8.375655636471247e-05,8.375656991055228e-05,8.375655639041223e-05,1.3545839810621442e-11,2.5699765666270524e-14,-375.2086324174186,-12803.971624176576,375.20871617397495,12803.971707933133
0.0352167074425113,8.497711945586738e-05,8.49771333109734e-05,8.497711948175118e-05,1.385510601376299e-11,2.5883795432522783e-14,-372.0247904320807,-12576.045462082679,372.02487540920015,12576.045547059797
0.03556158803903246,8.62153446396692e-05,8.621535881082248e-05,8.621534466573534e-05,1.4171153291629712e-11,2.6066144685407688e-14,-368.8641242624252,-12352.081536556807,368.86421047776986,12352.081622772152
0.03590984608434128,8.747148446757816e-05,8.747149896169824e-05,8.74714844938248e-05,1.4494120083286509e-11,2.6246637242072213e-14,-365.72649320317504,-12132.012695753783,365.7265806746595,12132.012783225267
0.036261514654117935,8.874579502918267e-05,8.874580985333003e-05,8.874579505560781e-05,1.4824147362120857e-11,2.6425137577244795e-14,-362.61175723325215,-11915.772896644816,362.6118459790472,11915.772985390611
0.03661662714795589,9.003853599978364e-05,9.003855116116207e-05,9.003853602638507e-05,1.5161378432554905e-11,2.6601428850490938e-14,-359.5197770132812,-11703.297187174914,359.5198670518172,11703.29727721345
0.03697521729253414,9.134997068849392e-05,9.134998619445289e-05,9.1349970715269e-05,1.5505958970703053e-11,2.6775077380941648e-14,-356.4504138830913,-11494.521688699922,356.450505233062,11494.521780049892
0.03733731914482018,9.268036608684771e-05,9.268038194488487e-05,9.268036611379342e-05,1.5858037159897226e-11,2.6945703697836554e-14,-353.4035298592308,-11289.383578699822,353.4036225395969,11289.383671380188
0.037702967095304685,9.402999291791605e-05,9.403000913567951e-05,9.40299929450286e-05,1.621776346029391e-11,2.7112548859654917e-14,-350.3789876324833,-11087.821073763193,350.3790816624762,11087.821167793185
0.038072195871267714,9.539912568703139e-05,9.539914227232359e-05,9.539912571430763e-05,1.6585292194519832e-11,2.7276236282645916e-14,-347.3766505653924,-10889.773412839255,347.37674596451814,10889.77350823838
0.038445040540076865,9.678804273974034e-05,9.678805970052081e-05,9.678804276717783e-05,1.6960780463469785e-11,2.7437484250748823e-14,-344.39638268979246,-10695.180840753223,344.3964794778352,10695.180937541265
0.03882153651251797,9.819702630466352e-05,9.819704364904977e-05,9.819702633225882e-05,1.7344386248952827e-11,2.7595303429481244e-14,-341.43804870434235,-10503.984591980674,341.43814690136867,10503.9846901777
0.03920171954615794,9.962636254794847e-05,9.962638028421965e-05,9.962636257569809e-05,1.773627117840782e-11,2.7749612503680243e-14,-338.5015139720696,-10316.126874677493,338.50161359843213,10316.126974303856
0.039585625748741034,0.00010107634162679321,0.00010107635976339265,0.00010107634165469352,1.8136599440701263e-11,2.7900303053128572e-14,-335.58664451791844,-10131.550854960928,335.5867455942601,10131.550956037268
0.03997329158161807,0.00010254725774263654,0.00010254727628817445,0.0001025472577706837,1.8545537908100027e-11,2.8047158237391734e-14,-332.6933070263037,-9950.200641438196,332.6934095735615,9950.200743985453
0.040364753863209486,0.00010403940919511304,0.00010403942815836916,0.000104039409223303,1.8963256122718833e-11,2.818996121603523e-14,-329.8213688386711,-9772.021269978746,329.82147287808033,9772.021374018155
0.04076004977250194,0.00010555309843676465,0.00010555311782669096,0.00010555309846509306,1.9389926310072782e-11,2.832841383346163e-14,-326.9706979510632,-9596.958688726467,326.9708035041616,9596.958794279566
0.04115921685257949,0.00010708863212850286,0.00010708865195422637,0.00010708863215696508,1.9825723501050094e-11,2.84622179340735e-14,-324.1411630116928,-9424.959743348109,324.14127010032496,9424.95985043674
0.04156229301418926,0.00010864632119581483,0.00010864634146664037,0.00010864632122440595,2.027082553191211e-11,2.859111601985487e-14,-321.33263331852083,-9255.972162514307,321.33274196484206,9255.972271160628
0.041969316539341876,0.00011022648088570627,0.00011022650161111928,0.00011022648091442109,2.0725413017188242e-11,2.8714823487735464e-14,-318.544978816841,-9089.944543609632,318.5450890433219,9089.944653836114
0.04238032608494753,0.00011182943082437489,0.00011182945201404437,0.00011182943085320803,2.1189669485201235e-11,2.8833137049807944e-14,-315.7780700968692,-8926.826338668036,315.7781819263,8926.826450497467
0.0427953606864871,0.00011345549507560608,0.00011345551673938735,0.00011345549510455194,2.1663781269646958e-11,2.894585341816497e-14,-313.0317783913415,-8766.567840530519,313.0318918468366,8766.567953986014
0.04321445976171972,0.00011510500219988729,0.00011510502434782492,0.00011510500222894006,2.2147937631567145e-11,2.9052769304899195e-14,-310.30597557311603,-8609.120169221189,310.3060906781182,8609.12028432619
0.04363766311442641,0.00011677828531423056,0.0001167783079565612,0.00011677828534338423,2.2642330637376654e-11,2.915366786957613e-14,-307.60053415278014,-8454.435258538593,307.60065093106545,8454.435375316878
0.04406501093819044,0.00011847568215269974,0.00011847570529985509,0.00011847568218194828,2.314715534859884e-11,2.924853555966861e-14,-304.91532727626753,-8302.465842859068,304.9154457519497,8302.46596133475
0.04449654382021477,0.00012019753512763371,0.00012019755879024323,0.00012019753515697066,2.3662609523709965e-11,2.93369522468348e-14,-302.2502287224755,-8153.165444148519,302.25034892001065,8153.165564346054
0.04493230274517665,0.0001219441913915588,0.00012194421558045286,0.00012194419142097777,2.4188894065372592e-11,2.941897214118333e-14,-299.6051129008938,-8006.48835917983,299.6052348450852,8006.488481124021
0.045372329099120236,0.00012371600289978526,0.0001237160276259977,0.00012371600292927944,2.4726212424124386e-11,2.9494175114372356e-14,-296.9798548492348,-7862.389646952353,296.97997856523773,7862.3897706683565
0.04581666467338718,0.00012551332647367977,0.00012551335174845084,0.00012551332650324206,2.527477107271657e-11,2.956229011585876e-14,-294.3743302310741,-7720.825116310636,294.37445574440056,7720.825241823963
0.04626535166858571,0.00012733652386460686,0.00012733654969938608,0.00012733652389422984,2.5834779221510853e-11,2.9622978332463634e-14,-291.7884153334927,-7581.751313759091,291.78854267001657,7581.7514410956155
0.04671843269859882,0.00012918596181853498,0.00012918598822498384,0.00012918596184821057,2.640644885913701e-11,2.9675589242883493e-14,-289.2219870647278,-7445.125511469733,289.2221162506896,7445.125640655695
0.04717595079463119,0.00013106201214129596,0.00013106203913129064,0.00013106201217101538,2.6989994684730248e-11,2.971941811570622e-14,-286.6749229518286,-7310.905695479969,286.67505401384074,7310.905826541981
0.04763794940929626,0.00013296505176449658,0.00013296507935013077,0.0001329650517942502,2.7585634189246366e-11,2.975362469424814e-14,-284.147101138319,-7179.050554077426,284.14723410337075,7179.050687042478
0.04810447242074307,0.00013489546281222195,0.00013489549100580985,0.00013489546284199948,2.819358789940725e-11,2.977753135215144e-14,-281.63840038186527,-7049.519466369051,281.63853527732806,7049.519601264514
0.048575564136823686,0.0001368536326777774,0.00013685366149185992,0.00013685363270757116,2.8814082521887163e-11,2.9793767279684413e-14,-279.1487000519488,-6922.272491031417,279.1488369055815,6922.27262788505
0.04905126929930111,0.00013883995408702705,0.00013883998353436975,0.00013883995411682705,2.944734270337625e-11,2.9800001442176205e-14,-276.67788012754653,-6797.270355239727,276.67801896750063,6797.270494079681
0.04953163308809877,0.00014085482516511497,0.00014085485525871302,0.0001408548251949111,3.009359805078958e-11,2.979612541940957e-14,-274.22582119481643,-6674.474443772517,274.2259620496416,6674.474584627342
0.050016701125591395,0.00014289864951022268,0.00014289868026330359,0.00014289864954000457,3.0753080908652725e-11,2.97818952658957e-14,-271.79240444479,-6553.846788289409,271.79254734343954,6553.846931188059
0.050506519480937984,0.00014497183626459236,0.0001449718676906187,0.0001449718362943493,3.1426026331996676e-11,2.975693151087422e-14,-269.3775116710673,-6435.3500567792225,269.37765664290356,6435.350201751059
0.05100113467445738,0.0001470748001865262,0.00014707483229919817,0.00014707480021624697,3.211267197793764e-11,2.9720773368421827e-14,-266.9810252675212,-6318.947543175814,266.9811723423214,6318.947690250614
0.051500593682046215,0.0001492079617233524,0.00014920799453661053,0.00014920796175302525,3.28132581327821e-11,2.967285163239797e-14,-264.6028282260074,-6204.603157139116,264.6029774339691,6204.603306347078
0.05200494393964065,0.00015137174708534885,0.0001513717806133768,0.00015137174711496164,3.352802795597229e-11,2.961278683204227e-14,-262.2428041340781,-6092.281413998636,262.2429555058252,6092.281565370383
0.0525142333477215,0.00015356658832061523,0.00015356662257784233,0.0001535665883501551,3.4257227100615434e-11,2.953987423594262e-14,-259.9008371727027,-5981.947424857036,259.90099073929105,5981.947578423624
0.05302851027586354,0.00015579292339088158,0.0001557929583919854,0.00015579292342033523,3.500110382190398e-11,2.945365305817571e-14,-257.57681211399597,-5873.566886851321,257.5769679069194,5873.567042644245
0.05354782356732962,0.00015805119624824756,0.00015805123200815673,0.00015805119627760128,3.575990916685097e-11,2.935371672292686e-14,-255.27061431894722,-5767.106073568978,255.27077237014348,5767.106231620174
0.054072222543709164,0.00016034185691283704,0.00016034189344673358,0.00016034185694207661,3.6533896540609165e-11,2.923957733921845e-14,-252.9821297351616,-5662.531825617054,252.98229007701852,5662.531985958911
0.054601757009602715,0.00016266536155136522,0.00016266539887468704,0.00016266536158047597,3.732332181489127e-11,2.911074701607286e-14,-250.71124489460294,-5559.811541341335,250.7114075599645,5559.811704006696
0.055136477257352046,0.0001650221725566023,0.00016502221068504568,0.0001650221725855692,3.812844338218005e-11,2.8966900492838343e-14,-248.45784691134378,-5458.913167693653,248.45801193351633,5458.913332715826
0.05567643407181662,0.00016741275862772848,0.0001674127975772504,0.00016741275865653611,3.8949521911782817e-11,2.880763119370022e-14,-246.2218234793203,-5359.805191244795,246.22199089207894,5359.805358657554
0.05622167873519705,0.00016983759485156847,0.00016983763463838863,0.0001698375948802009,3.9786820160096076e-11,2.8632424122626565e-14,-244.0030628700943,-5262.456629340871,244.00323270768916,5262.456799178465
0.05677226303190533,0.00017229716278469533,0.0001722972034252986,0.00017229716281313628,4.064060326876111e-11,2.8440954018965625e-14,-241.80145393061983,-5166.83702140087,241.8016262277826,5166.837193698033
0.057328239253483175,0.00017479195053639608,0.00017479199204753422,0.0001747919505646288,4.1511138141247725e-11,2.8232705886685472e-14,-239.61688608101846,-5072.916420353238,239.617060872969,5072.916595145189
0.05788966020356838,0.00017732245285248782,0.00017732249525118156,0.00017732245288049495,4.2398693741009866e-11,2.8007137624699863e-14,-237.44924931235443,-4980.665384209161,237.44942663480728,4980.665561531614
0.05845657920290997,0.0001798891711999753,0.000179889214503516,0.00017988917122773888,4.330354068490978e-11,2.7763571606650994e-14,-235.29843418442127,-4890.05496777065,235.29861407359246,4890.055147659821
0.05902905009443204,0.00018249261385253933,0.00018249265807849057,0.00018249261388004047,4.422595124321804e-11,2.7501140470800878e-14,-233.16433182353157,-4801.056714471193,233.16451431614541,4801.056896963807
0.059607127248347644,0.00018513329597684726,0.0001851333411430464,0.00018513329600406618,4.516619914987814e-11,2.72189226453029e-14,-231.04683392031407,-4713.642648346925,231.04701905361006,4713.642833480221
0.06019086556732256,0.0001878117397196768,0.0001878117858442362,0.00018781173974659245,4.612455938566608e-11,2.6915644192604393e-14,-228.94583272751328,-4627.785266136248,228.946020539253,4627.785453947988
0.06078032049168959,0.00019052847429584024,0.00019052852139714828,0.00019052847432243,4.7101308042665074e-11,2.6589760124609563e-14,-226.86122105779913,-4543.457529505998,226.86141158627342,4543.457720034472
0.0613755480047142,0.00019328403607868808,0.0001932840841754126,0.00019328403610492997,4.809672451977498e-11,2.624189385756759e-14,-224.79289228157754,-4460.632857402045,224.7930855656136,4460.633050686081
0.061976604637911194,0.00019607896870392223,0.0001960790178150121,0.00019607896872979536,4.911108986930396e-11,2.5873129593650956e-14,-222.74074032481195,-4379.285118522546,222.74093640378067,4379.285314601515
0.06258354747641395,0.00019891382314576178,0.0001989138732904443,0.00019891382317124292,5.0144682514369904e-11,2.5481136298188822e-14,-220.70465966684725,-4299.388623911785,220.7048585806704,4299.388822825607
0.06319643416439609,0.00020178915781346113,0.00020178920901124477,0.00020178915783852658,5.119778364280625e-11,2.506545318525788e-14,-218.6845453382384,-4220.918119672755,218.6847471273962,4220.9183214619125
0.06381532291054602,0.000204705538646712,0.0002047055909173866,0.00020470553867133737,5.2270674605076756e-11,2.4625375523446014e-14,-216.68029291858915,-4143.848779796736,216.68049762412778,4143.848984502275
0.0644402724935957,0.00020766353921003683,0.00020766359257367404,0.00020766353923419703,5.3363637212431106e-11,2.4160198581341108e-14,-214.69179853439067,-4068.156199107816,214.69200619792989,4068.1564067713553
0.0650713422679026,0.0002106637407883776,0.00021066379526533073,0.00021066374081204654,5.447695314059371e-11,2.3668946576987926e-14,-212.71895885687175,-3993.816386320854,212.71916952061255,3993.8165969845945
0.0657085921690872,0.00021370673248387523,0.0002137067880947793,0.0002137067325070259,5.5610904065288985e-11,2.3150670833485543e-14,-210.76167109984993,-3920.80575721079,210.76188480658243,3920.8059709175227
0.06635208271972524,0.00021679311131381782,0.0002167931680795892,0.0002167931113364223,5.6765771391190795e-11,2.2604476884041658e-14,-208.81983301759155,-3849.101127891832,208.82004981070287,3849.1013446849433
0.06700187503509583,0.0002199234823097486,0.00021992354025158445,0.000219923482331778,5.794183584534665e-11,2.2029388946701034e-14,-206.89334290267482,-3778.6797082045905,206.89356282615714,3778.679928128073
0.06765803082898604,0.0002230984586177195,0.0002230985177570971,0.00022309845863914397,5.913937758559792e-11,2.1424458344562747e-14,-204.98209958386025,-3709.519095209602,204.98232268231885,3709.5193183080605
0.0683206124195518,0.00022631866159967181,0.0002263187219583474,0.00022631866162046055,6.03586755771636e-11,2.078873640072587e-14,-203.08600242396665,-3641.5972667855617,203.08622874262824,3641.5974931042233
0.06898968273523677,0.00022958472093593588,0.0002295847825359435,0.00022958472095605732,6.160000761974531e-11,2.0121437068615355e-14,-201.204951317753,-3574.892575330543,201.20518090247393,3574.8928049152637
0.06966530532074885,0.00023289727472883373,0.0002328973375924834,0.0002328972747482553,6.286364966990102e-11,1.942155746122165e-14,-199.3388466898033,-3509.3837415646312,199.33907958707803,3509.383974461906
0.07034754434309555,0.00023625696960736945,0.00023625703375724553,0.00023625696962605784,6.414987608499047e-11,1.868839284713264e-14,-197.48758949242082,-3445.049848432431,197.48782574939042,3445.0500846894006
0.07103646459767787,0.0002396644608329947,0.00023966452629195327,0.00023966446085091567,6.545895856607808e-11,1.7920967444393088e-14,-195.6510812035252,-3381.8703351037925,195.65132086798602,3381.8705747682534
0.07173213151444444,0.00024312041240643497,0.00024312047919760138,0.00024312041242355341,6.679116640187846e-11,1.7118440996319317e-14,-193.82922382455828,-3319.824991071332,193.82946694497068,3319.8252341917446
0.07243461116410563,0.0002466254971755639,0.00024662556532232963,0.0002466254971918438,6.814676573691988e-11,1.6279891931064716e-14,-192.02191987838998,-3258.8939503430142,192.02216650388715,3258.8941969685116
0.0731439702644086,0.00025018039694431007,0.00025018046647032934,0.0002501803969597144,6.952601927338875e-11,1.5404344466674047e-14,-190.22907240723632,-3199.0576857285796,190.22932258763325,3199.0579359089766
0.073860276186474,0.0002537858025825848,0.00025378587351177054,0.00025378580259707547,7.092918575613352e-11,1.4490687295920512e-14,-188.45058497057715,-3140.2970032180842,188.45083875637974,3140.297257003887
0.07458359696119413,0.00025744241413721127,0.00025744248649373086,0.0002574424141507488,7.235651959319397e-11,1.3537510955979881e-14,-186.68636164308595,-3082.5930364513474,186.68661908550007,3082.5932938937617
0.07531400128569438,0.00026115094094385,0.0002611510147521203,0.00026115094095639346,7.38082703137001e-11,1.2543460194136546e-14,-184.93630701255708,-3025.9272412765977,184.93656816349804,3025.9275024275385
0.07605155852985775,0.00026491210173989983,0.0002649121770245822,0.0002649121017514069,7.52846823510317e-11,1.1507071337457653e-14,-183.20032617784616,-2970.281390397185,183.2005910899479,2970.2816553092866
0.07679633874291301,0.00026872662477836186,0.00026872670156435576,0.0002687266247887881,7.678599390440605e-11,1.0426230191706853e-14,-181.47832474681186,-2915.637568104795,181.47859347343663,2915.6378368314195
0.07754841266008806,0.0002725952479426563,0.00027259532625509335,0.00027259524795195523,7.831243704729818e-11,9.29893098286505e-15,-179.77020883426326,-2861.9781650978434,179.7704814295112,2861.9784376930916
0.0783078517093274,0.0002765187188629129,0.0002765187987271511,0.000276518718871037,7.986423821533181e-11,8.124089508759758e-15,-178.075885059915,-2809.2858733837847,178.07616157863387,2809.2861499025034
0.07907472801807633,0.0002804977950504742,0.0002804978764920946,0.00028049779505737865,8.144162042889383e-11,6.904470484930814e-15,-176.395260546346,-2757.543681263889,176.39554104414105,2757.543961761684
0.07984911442013114,0.0002845332440039474,0.0002845333270487391,0.0002845332440095832,8.304479169217102e-11,5.6357913127969006e-15,-174.72824291696458,-2706.7348683992777,174.7285274502086,2706.735152932522
0.08063108446255639,0.00028862584332704083,0.0002886259280009958,0.0002886258433313579,8.467395496781008e-11,4.3170762104027816e-15,-173.07474029397795,-2656.8430009568947,173.07502891982128,2656.843289582738
0.0814207124126704,0.0002927763808551646,0.0002927764671844684,0.0002927763808581116,8.632930378589879e-11,2.947024135141474e-15,-171.43466129636943,-2607.851926834168,171.4349540727503,2607.8522196105487
0.08221807326509817,0.00029698565477778,0.00029698574278880186,0.0002969856547793043,8.801102186449528e-11,1.5242798342973707e-15,-169.80791503787893,-2559.745770961116,169.8082120235337,2559.7460679467704
0.08302324274889435,0.0003012544737621614,0.0003012545634814435,0.0003012544737622085,8.971928213384606e-11,4.710858439449517e-17,-168.19441112499015,-2512.5089306786717,168.1947123794639,2512.5092319331457
0.08383629733473541,0.00030558365707853937,0.00030558374853278556,0.00030558365707705325,9.145424619428494e-11,1.486115917825881e-15,-166.5940596549226,-2466.12607119201,166.59436523857968,2466.126376775667
0.08465731424218277,0.00030997403472661733,0.00030997412794268105,0.00030997403472354015,9.321606371992183e-11,3.0771826059483587e-15,-165.0067712136295,-2420.5821210977033,165.00708118766423,2420.582431071738
0.08548637144701617,0.0003144264475634278,0.0003144265425682995,0.00031442644755869993,9.500487169970123e-11,4.727880413557539e-15,-163.43245687380175,-2375.8622679835794,163.43277130024933,2375.862582410027
0.08632354768863969,0.00031894174743252375,0.00031894184425331704,0.00031894174742608396,9.682079329898993e-11,6.4397814338035264e-15,-161.87102819287594,-2331.951954100032,161.87134713462336,2331.9522730417793
0.08716892247756,0.00032352079729447246,0.00032352089595840983,0.00032352079728625784,9.866393737168605e-11,8.214620390162297e-15,-160.32239721104833,-2288.8368721017305,160.3227207318456,2288.837195622528
0.08802257610293768,0.0003281644713586406,0.0003281645718930377,0.0003281644713485864,1.0053439710496631e-10,1.0054186216218453e-14,-158.7864764492955,-2246.502960858631,158.78680461376686,2246.5032890231023
0.08888458964021304,0.0003328736552162459,0.00033287375764849556,0.00033287365520428576,1.0243224963981529e-10,1.1960159425339345e-14,-157.26317890739813,-2204.9364013350864,157.26351178105335,2204.9367342087417
0.0897550449588057,0.00033764924597465685,0.00033764935033221135,0.0003376492459607228,1.0435755449893225e-10,1.3934057900566454e-14,-155.75241806197317,-2164.1236125361233,155.75275571121915,2164.1239501853693
0.09063402472989043,0.00034249215239292116,0.0003424922587032741,0.0003424921523769435,1.0631035293620986e-10,1.5977670575484382e-14,-154.2541078645079,-2124.0512475196674,154.25445035666027,2124.05159001182
0.09152161243424879,0.0003474032950185048,0.00034740340330917114,0.0003474032950004119,1.0829066636464102e-10,1.8092894803894977e-14,-152.76816273940275,-2084.7061894738035,152.76851014269778,2084.7065368770986
0.09241789237019753,0.00035238360632521557,0.0003523837166237115,0.00035238360630493427,1.1029849592263802e-10,2.0281302678948343e-14,-151.29449758201744,-2046.0755478579497,151.29484996562377,2046.075900241556
0.09332294966159517,0.0003574340308523028,0.0003574341431861231,0.00035743403082975775,1.1233382030562816e-10,2.2545062604989452e-14,-149.83302775672314,-2008.146654606967,149.833385190754,2008.1470120409979
0.0942368702659261,0.0003625555253446967,0.00036255563974129203,0.0003625555253198105,1.1439659533237292e-10,2.4886180356037402e-14,-148.3836690949599,-1970.9070603972184,148.38403165048527,1970.9074229527437
0.09515974098246469,0.00036774905889438634,0.0003677491753811387,0.00036774905886707957,1.1648675237287479e-10,2.730677012632854e-14,-146.9463378933001,-1934.3445309735507,146.94670564235898,1934.3448987226095
0.09609164946051893,0.00037301561308290083,0.00037301573168709766,0.0003730156130530915,1.186041968304942e-10,2.980932558085958e-14,-145.52095091151645,-1898.4470435362807,145.52132392712954,1898.4474165518939
0.09703268420775478,0.0003783561821248841,0.000378356302873691,0.0003783561820924877,1.2074880689511708e-10,3.239644880484449e-14,-144.1074253706552,-1863.202783187181,144.10780372683732,1863.2031615433632
0.09798293459860262,0.00038377177301273925,0.0003837718959331715,0.0003837717729776685,1.2292043224211222e-10,3.5070741883497236e-14,-142.70567895111608,-1828.6001394335747,142.7060627228891,1828.6005232053476
0.09894249088274486,0.0003892634056623189,0.0003892635307812111,0.00038926340562448364,1.2511889218918756e-10,3.7835240582900775e-14,-141.3156297907362,-1794.6277027495894,141.31601905414186,1794.628092012995
0.09991144419368782,0.0003948321130596512,0.00039483224040362557,0.0003948321130189581,1.2734397439534764e-10,4.0693089089355317e-14,-139.93719648287987,-1761.2742611936574,139.93759131499294,1761.2746560257704
0.1008898865574169,0.00040047894140970606,0.00040047907100514103,0.0004004789413660603,1.2959543496931375e-10,4.3645751075793715e-14,-138.57029807453338,-1728.5287970813692,138.57069855347478,1728.5291975603106
0.10187791090113724,0.0004062049503083982,0.000406205082181396,0.0004062049502617063,1.3187299781900266e-10,4.6691871289500364e-14,-137.21485406440584,-1696.3804837128168,137.21526026935615,1696.380889917767
0.10287561106209825,0.0004120112128745754,0.0004120113470509187,0.0004120112128247382,1.3417634332161393e-10,4.9837196001989437e-14,-135.87078440103537,-1664.8186821535542,135.87119641224825,1664.819094164767
0.1038830817965072,0.00041789881590192647,0.00041789895240704325,0.0004178988158488428,1.3650511678040683e-10,5.308367677717141e-14,-134.53800948089878,-1633.8329380682578,134.53842737971468,1633.8333559670737
0.10490041878852797,0.0004238688600188011,0.0004238689988777239,0.0004238688599623672,1.3885892278684905e-10,5.643391570026024e-14,-133.21645014652887,-1603.4129786063581,133.2168740153889,1603.4134024752182
0.10592771865936802,0.0004299224598431713,0.0004299226010804944,0.00042992245978328047,1.4123732310642248e-10,5.989084011712165e-14,-131.90602768463668,-1573.5487093387474,131.9064576070965,1573.5491392612073
0.10696507897645642,0.00043606074413910867,0.0004360608877789437,0.00043606074407565135,1.4363983505231992e-10,6.345732316351271e-14,-130.60666382423673,-1544.2302112446966,130.60709988498087,1544.2306473054407
0.10801259826270856,0.00044228485597471264,0.00044228500204064185,0.00044228485590757624,1.4606592920862055e-10,6.71364006055164e-14,-129.31828073478144,-1515.4477377483313,129.31872301963742,1515.4481800331873
0.10907037600588487,0.0004485959528815042,0.0004485961013965312,0.0004485959528105729,1.4851502699083502e-10,7.093132504965016e-14,-128.04080102429648,-1487.1917118036845,128.04124962024937,1487.1921603996373
0.11013851266803897,0.00045499520701522135,0.00045499535800172075,0.00045499520694037627,1.5098649939907297e-10,7.484507805188834e-14,-126.77414773752493,-1459.4527230277167,126.77460273273195,1459.4531780229238
0.11121710969505832,0.00046148380531800434,0.0004614839587976674,0.00046148380523912386,1.5347966306070507e-10,7.888047853787938e-14,-125.5182443540755,-1432.2215248804587,125.51870583788083,1432.221986364264
0.11230626952630063,0.0004680629496819543,0.0004680631056757333,0.00046806294959891317,1.5599377898353056e-10,8.304115858490113e-14,-124.27301478657492,-1405.4890318914806,124.2734828495246,1405.4894999544304
0.11340609560432115,0.0004747338571140041,0.0004747340156420537,0.0004747338570266745,1.5852804962843137e-10,8.73296118579503e-14,-123.03838337882762,-1379.2463169320727,123.03885811268474,1379.2467916659298
0.11451669238469868,0.00048149775990211595,0.00048149792098373166,0.00048149775981036686,1.6108161571097568e-10,9.174909096354433e-14,-121.81427490397805,-1353.4846085322515,121.81475640173795,1353.4850900300114
0.11563816534595554,0.0004883559057827396,0.0004883560694362935,0.0004883559056864369,1.636535539245934e-10,9.630274008798345e-14,-120.60061456268085,-1328.1952882420132,120.60110291858663,1328.1957765979191
0.11677062099957465,0.0004953095581095223,0.0004953097243523963,0.0004953095580085285,1.662428739590202e-10,1.0099386604789373e-13,-119.3973279812759,-1303.3698880360575,119.397823290834,1303.3703833456157
0.11791416690011704,0.000502359996023253,0.0005023601648717678,0.0005023599959174273,1.6884851481401009e-10,1.0582572144979263e-13,-118.20434120996525,-1279.0000877612306,118.20484356996127,1279.0005901212267
0.11906891165543491,0.0005095085146229765,0.0005095086860923188,0.0005095085145121745,1.714693423056704e-10,1.108019925810666e-13,-117.02158072100077,-1255.0777126261619,117.0220902295154,1255.0782221346765
0.12023496493698836,0.000516756425138298,0.0005167565992424437,0.0005167564250223718,1.7410414570543514e-10,1.159261488886676e-13,-115.84897340687193,-1231.5947307322251,115.84949016329708,1231.5952474886503
0.12141243749026057,0.0005241050551028088,0.0005241052318544427,0.0005241050549816064,1.767516339453573e-10,1.212024187610683e-13,-114.6864465785019,-1208.543250645319,114.686970683557,1208.543774750374
0.12260144114527516,0.0005315557485286193,0.000531555927939052,0.0005315557484019847,1.7941043269076307e-10,1.2663459690587242e-13,-113.53392796344818,-1185.9155190077283,113.5344595191967,1185.9160505634768
0.12380208882721888,0.0005391098660819942,0.0005391100481610739,0.0005391098659497664,1.8207907967818238e-10,1.3222777907329064e-13,-112.39134570410633,-1163.7039181894154,112.39188481397241,1163.7044572992816
0.12501449456716468,0.0005467687852600118,0.0005467689700160344,0.0005467687851220262,1.8475602254694468e-10,1.379856515507094e-13,-111.2586283559234,-1141.9009639781927,111.25917512470866,1141.901510746978
0.12623877351290352,0.0005545339005682792,0.000554534088007893,0.000554533900424366,1.8743961385184887e-10,1.4391320166812216e-13,-110.13570488561095,-1120.4993033080186,110.13625941951152,1120.4998578419193
0.12747504193987974,0.0005624066236996224,0.0005624068138277297,0.0005624066235496077,1.9012810726845575e-10,1.5001476623421883e-13,-109.02250466936788,-1099.4917120249456,109.02306707599158,1099.4922744315693
0.12872341726223346,0.0005703883837137554,0.0005703885765334091,0.0005703883835574605,1.9281965368996012e-10,1.5629489889812387e-13,-107.91895749110634,-1078.8710926900162,107.91952787949005,1078.8716630784
0.12998401804395354,0.0005784806272178956,0.000578480822730193,0.0005784806270551383,1.9551229743248327e-10,1.6275728594722372e-13,-106.82499354068219,-1058.6304724185277,106.8255720213094,1058.6310508991548
0.1312569640101374,0.0005866848185495251,0.0005866850167534973,0.0005866848183801205,1.9820397222352487e-10,1.694046378869496e-13,-105.74054341213181,-1038.7630007551224,105.74113009695036,1038.763587439941
0.13254237605836094,0.0005950024399861001,0.0005950026408785941,0.0005950024398098599,2.0089249393780845e-10,1.7624020732381895e-13,-104.66553810191455,-1019.2619475841035,104.66613310435453,1019.2625425865435
0.13384037627016285,0.000603434991906848,0.0006034351954824017,0.0006034349917235767,2.0357555365838748e-10,1.832713668326047e-13,-103.59990900715766,-1000.1207010743595,103.60051244214957,1000.1213045093515
0.1351510879226368,0.0006119839929776853,0.0006119841992284046,0.0006119839927871838,2.0625071930294864e-10,1.9050147744004153e-13,-102.54358792391017,-981.3327656584506,102.54419990790315,981.3333776424436
0.1364746355001418,0.0006206509803454763,0.0006206511892609018,0.0006206509801475403,2.0891542554073161e-10,1.9793596015699189e-13,-101.49650704539754,-962.8917600451689,101.49712769637789,962.8923806961492
0.13781114470612413,0.0006294375098262759,0.0006294377213932461,0.0006294375096206961,2.1156697021466192e-10,2.055798023134492e-13,-100.45859896028516,-944.7914152651574,100.45922839779499,944.7920447026672
0.13916074247505508,0.0006383451560948908,0.0006383453702973982,0.0006383451558814522,2.14202507402457e-10,2.1343864176071037e-13,-99.42979665094575,-927.0255727489894,99.43043499610184,927.0262110941454
0.14052355698448862,0.0006473755128757347,0.0006473757296947776,0.0006473755126542162,2.1681904297139731e-10,2.215184416107241e-13,-98.4100334917299,-909.5881824371512,98.41068086724277,909.5888298126641
0.14189971766723258,0.0006565301931348924,0.000656530412548321,0.000656530192905068,2.194134286152144e-10,2.298244060339183e-13,-97.39924324724517,-892.4733009215283,97.3998997774383,892.4739574517215
0.14328935522364367,0.0006658108292734164,0.0006658110512557711,0.0006658108290350543,2.2198235469835653e-10,2.3836206446137265e-13,-96.3973600706367,-875.6750896177376,96.39802588146597,875.6757554285668
0.1446926016340396,0.0006752190733217627,0.0006752192978441077,0.0006752190730746261,2.2452234494339807e-10,2.471366210635151e-13,-95.40431850187552,-859.1878129679371,95.40499372094884,859.1884881870104
0.1461095901712333,0.0006847565971353533,0.0006847568241651022,0.0006847565968791998,2.2702974884162425e-10,2.5615349685120803e-13,-94.42005346605177,-843.0058366735531,94.42073822264891,843.0065214301502
0.14754045541319213,0.0006944250925912423,0.0006944253220919774,0.0006944250923258243,2.2950073503939794e-10,2.6541800441509666e-13,-93.44450027167028,-827.1236259574214,93.44519469676287,827.1243203825139
0.1489853332558174,0.0007042262717858012,0.0007042265037170856,0.0007042262715108662,2.3193128439926575e-10,2.7493502266495717e-13,-92.47759460895472,-811.5357438549443,92.4782988352265,811.536448081216
0.15044436092585278,0.0007141618672334428,0.0007141621015506241,0.0007141618669487323,2.343171813263406e-10,2.8471051471273823e-13,-91.51927254815419,-796.2368495337067,91.51998671002143,796.237563695574
0.15191767699391673,0.0007242336320662952,0.000724233868720303,0.0007242336317715455,2.3665400780518986e-10,2.9474968472886776e-13,-90.56947053785626,-781.221696641155,90.57019477148833,781.222420874787
0.15340542138766208,0.0007344433402348108,0.0007344435791719442,0.000734443339929752,2.3893713342517525e-10,3.0505882108594617e-13,-89.62812540330484,-766.4851316798535,89.62885984664507,766.4858661231937
0.15490773540506786,0.0007447927867092886,0.0007447930278709971,0.0007447927863936442,2.4116170844155904e-10,3.156444289970084e-13,-88.69517434472186,-752.0220924098574,88.69591913750857,752.022837202644
0.1564247617278565,0.0007552837876822236,0.0007552840310048781,0.0007552837873557106,2.433226544513653e-10,3.2651301367508934e-13,-87.77055493563591,-737.8276062778144,87.7713102194236,737.8283615616022
0.15795664443504726,0.0007659181807715046,0.0007659184261861603,0.0007659181804338322,2.4541465571976256e-10,3.376723813758309e-13,-86.85420512121406,-723.8967888722923,86.85497103939484,723.897554790473
0.15950352901663895,0.0007766978252243704,0.0007766980726565209,0.0007766978248752404,2.474321505064464e-10,3.491300130942232e-13,-85.94606321659973,-710.2248424049639,85.94683991442496,710.2256191027891
0.16106556238742703,0.0007876246021221101,0.0007876248514914304,0.0007876246017612153,2.4936932033203796e-10,3.6089479928808066e-13,-85.04606790525585,-696.8070542172087,85.04685552985798,696.8078418418108
0.1626428929009589,0.0007987004145854874,0.0007987006658055697,0.0007987004142125127,2.512200822802485e-10,3.7297476305347965e-13,-84.15415823731107,-683.6387953116928,84.15495693772566,683.6395940121074
0.16423567036362124,0.0008099271879807964,0.0008099274409588742,0.0008099271875954178,2.5297807783059706e-10,3.8537857800780007e-13,-83.27027362791388,-670.7155189085759,83.27108355510187,670.7163288357639
0.16584404604886996,0.0008213068701265798,0.0008213071247632422,0.0008213068697284649,2.5463666245006955e-10,3.981149177684218e-13,-82.39435385558862,-658.0327590258804,82.39517516245874,658.0335803327505
0.16746817271159653,0.0008328414315009136,0.0008328416876898098,0.0008328414310897222,2.561888961605599e-10,4.1119148017076945e-13,-81.52633906059856,-645.5861290836872,81.52717190203006,645.5869619251187
0.16910820460263468,0.00084453286544924,0.0008445331230767726,0.0008445328650246255,2.576275325884281e-10,4.2461444516722624e-13,-80.66616974331382,-633.3713205317391,80.66701427617926,633.3721650646046
0.1707642974834127,0.0008563831883927404,0.0008563834473377477,0.0008563831879543517,2.5894500736353687e-10,4.3838869166756833e-13,-79.81378676258224,-621.3841015000585,79.81464314577063,621.3849578832469
0.1724366086407442,0.0008683944400371426,0.0008683947001705702,0.000868394439584626,2.601334276024908e-10,4.525166049165752e-13,-78.96913133410824,-609.6203154722516,78.96999972854827,609.6211838666917
0.17412529690176862,0.0008805686835890583,0.0008805689447736088,0.0008805686831220521,2.6118455054985334e-10,4.670062080103232e-13,-78.13214502883352,-598.0758799810677,78.1330255975171,598.0767605497513
0.17583052264903487,0.0008929080059869286,0.0008929082680766968,0.000892908005505054,2.6208976818247604e-10,4.818746313431377e-13,-77.30276977132483,-586.7467853259033,77.30366267933081,586.7476782339093
0.17755244783573246,0.0009054145180815054,0.0009054147809216208,0.0009054145175843797,2.628401153410148e-10,4.971257780428395e-13,-76.48094783816627,-575.6290933118727,76.48185325268436,575.6299987263908
0.1792912360010755,0.0009180903548581406,0.0009180906182843809,0.0009180903543453736,2.634262403480511e-10,5.127670206842017e-13,-75.6666218563551,-564.718936010067,75.66753994670997,564.7198541004218
0.18104705228583184,0.0009309376756508002,0.0009309379394891919,0.0009309376751219921,2.638383916724052e-10,5.288081170867764e-13,-74.85973480170455,-554.0125145387138,74.8606657393802,554.0134454763895
0.18282006344800986,0.0009439586643552489,0.0009439589284216533,0.0009439586638099891,2.640664043766089e-10,5.452598008520715e-13,-74.0602299972497,-543.5060978648343,74.06117395591406,543.5070418234986
0.18461043787869505,0.0009571555296427127,0.0009571557937423989,0.0009571555290805805,2.640996861306977e-10,5.621322634805082e-13,-73.26805111165928,-533.1960216261017,73.26900826718892,533.1969787816313
0.18641834561804194,0.0009705305051739964,0.0009705307691011975,0.0009705305045945591,2.6392720105759826e-10,5.794373227757665e-13,-72.48314215765217,-523.078686972567,72.48411268815734,523.0796575030721
0.18824395837142566,0.0009840858498140275,0.0009840861133514826,0.0009840858492168422,2.6353745509639925e-10,5.971852786584853e-13,-71.70544749041818,-513.1505594278991,71.70643157626799,513.151543513749
0.19008744952574863,0.0009978238478467363,0.0009978241107652158,0.0009978238472313507,2.6291847952247815e-10,6.153855636875649e-13,-70.9349118060446,-503.40816776985656,70.93590962989244,503.4091655937044
0.19194899416590663,0.0010117468091902417,0.0010117470712480534,0.0010117468085561936,2.620578116487027e-10,6.340481525229924e-13,-70.1714801399471,-493.8481029296587,70.17249188675629,493.8491146764679
0.19382876909142027,0.0010258570696123203,0.0010258573305548004,0.001025857068959139,2.609424800802812e-10,6.531812851012786e-13,-69.41509786530473,-484.46701690992455,69.41612372237434,484.4680427669942
0.1957269528332232,0.0010401569909460446,0.0010401572505050287,0.001040156990273251,2.595589841149215e-10,6.727936350398034e-13,-68.66571069150179,-475.26162172093433,68.66675084849273,475.26266187792527
0.19764372567062083,0.0010546489613056217,0.0010546492191988975,0.0010546489606127292,2.578932757450747e-10,6.928925749133397e-13,-67.92326466257202,-466.2286883348376,67.92431931153332,466.22974298379893
0.19957926964841116,0.0010693353953023174,0.0010693356512330554,0.0010693353945888308,2.5593073797389176e-10,7.134865614988328e-13,-67.18770615564938,-457.3650456575758,67.18877549104468,457.3661149929711
0.2015337685941731,0.0010842187342604353,0.001084218987916601,0.0010842187335258517,2.5365616573326533e-10,7.345836178923593e-13,-66.45898187942343,-448.6675795182012,66.4600660981577,448.66866373693546
0.20350740813572837,0.0010993014464333417,0.0010993016974870861,0.001099301445677148,2.5105374441662665e-10,7.561937187539058e-13,-65.7370388725982,-440.13323167529364,65.73813817404464,440.1343309767401
0.20550037571876809,0.0011145860272194082,0.001114586275326437,0.0011145860264410825,2.4810702884542346e-10,7.783257545412869e-13,-65.02182450235793,-431.75899884023363,65.02293908838514,431.76011342626083
0.2075128606246583,0.0011300749993779118,0.0011300752441768295,0.0011300749985769202,2.447989176819487e-10,8.009916514783999e-13,-64.31328646283569,-423.5419317170088,64.31441653783507,423.5430617920082
0.20954505398841555,0.0011457709132447708,0.0011457711543564038,0.0011457709124205663,2.4111163304633976e-10,8.242044199913146e-13,-63.611372773587384,-415.4791340583119,63.61251854450063,415.48027982922514
0.21159714881685882,0.0011616763469480915,0.0011616765839747882,0.0011616763461001138,2.3702669666413045e-10,8.479777210274042e-13,-62.916031778071876,-407.56776173766565,62.91719345441882,407.5689234140126
0.213669340006943,0.0011777939066235207,0.0011777941391484237,0.0011777939057511925,2.325249029780374e-10,8.723282513001251e-13,-62.22721214213324,-399.80502183727236,62.22838993603986,399.80619963117897
0.21576182436426586,0.0011941262266292575,0.0011941264542155538,0.0011941262257319852,2.2758629637971428e-10,8.972722738420646e-13,-61.54486285249051,-392.18817175138435,61.54605697871714,392.18936587761095
0.21787480062176257,0.0012106759697607878,0.0012106761919509319,0.0012106759688379595,2.221901441046975e-10,9.22828220090155e-13,-60.8689332152299,-384.7145183048866,60.87014389119966,384.7157289808564
0.2200084694585791,0.0012274458274652053,0.0012274460437801153,0.0012274458265161899,2.163149099947137e-10,9.490153888430664e-13,-60.1993728543031,-377.3814168868785,60.20060030013057,377.382644332706
0.22216303351913014,0.0012444385200550947,0.0012444387299933221,0.0012444385190792425,2.0993822739262535e-10,9.75852211537731e-13,-59.53613171003055,-370.1862705989947,59.53737614855061,370.1875150375148
0.2243386974323484,0.0012616567969219782,0.00126165699995885,0.0012616567959186226,2.030368718205361e-10,1.0033556017280398e-12,-58.87916003760769,-363.12652941820585,58.88042169440461,363.1277910750028
0.22653566783111562,0.0012791034367491733,0.0012791036323359056,0.0012791034357176327,1.955867323568533e-10,1.031540521403973e-12,-58.2284084056183,-356.1996893738953,58.229687509055054,356.200968477332
0.2287541533718904,0.0012967812477241295,0.0012967814352869112,0.0012967812466637115,1.8756278171230822e-10,1.06041802942769e-12,-57.58382769455032,-349.40329173893525,57.58512447579805,349.404588520183
0.23099436475452423,0.0013146930677501033,0.0013146932466891516,0.001314693066660111,1.789390482575398e-10,1.089992245767446e-12,-56.94536909531789,-342.7349222345643,56.94668378838564,342.73623692763204
0.23325651474227102,0.0013328417646571503,0.001332841934345735,0.0013328417635368908,1.6968858479807225e-10,1.1202594841358549e-12,-56.3129841077879,-336.19221024882546,56.314316949552556,336.19354309059014
0.23554081818199754,0.0013512302364114344,0.0013512303961948744,0.0013512302352602316,1.5978343995137756e-10,1.1512028309790256e-12,-55.68662453930983,-329.77282806832403,55.68797576954624,329.77417929856045
0.2378474920245846,0.0013698614113117182,0.0013698615605062506,0.0013698614101288365,1.491945323794236e-10,1.1828817005760106e-12,-55.06624250325287,-323.47449012312535,55.067612364664186,323.47585998453667
0.2401767553455353,0.0013887382482317525,0.0013887383861234772,0.001388738247016427,1.378917247312622e-10,1.2153253663854668e-12,-54.45179041754477,-317.2949522445238,54.453179155793,317.29634098277205
0.24252882936578016,0.0014078637368078717,0.0014078638626516683,0.0014078637355593511,1.2584379653797495e-10,1.24852060114089e-12,-53.84322100321742,-311.232010935514,53.84462886695423,311.2334187992508
0.24490393747268605,0.0014272408976374713,0.0014272410106558192,0.0014272408963550006,1.1301834793552012e-10,1.2824706574487976e-12,-53.24048728295682,-305.28350265373314,53.24191452385446,305.28492989463075
0.2473023052412757,0.0014468727824862855,0.001446872881868049,0.0014468727811690928,9.938176345238026e-11,1.3171926657035149e-12,-52.643542579656156,-299.44730310665676,52.644989452438644,299.44874997943924
0.24972416045564777,0.0014667624744940345,0.0014667625593932118,0.001466762473141324,8.489917731509256e-11,1.3527104783528365e-12,-52.05234051497625,-293.7213265588801,52.053807277450744,293.7227933213546
0.25216973313061386,0.001486913088378522,0.0014869131579129584,0.00148691308698947,6.953443636853462e-11,1.3890520678128127e-12,-51.46683500790772,-288.10352515123964,51.4683219209961,288.10501206432804
0.2546392555335429,0.0015073277706380268,0.0015073278238880857,0.0015073277692117804,5.32500588762419e-11,1.4262464907016659e-12,-50.88698027333953,-282.5918882316136,50.88848760111017,282.59339555938425
0.2571329622064187,0.0015280096997519685,0.0015280097357591607,0.0015280096982876466,3.6007192236522934e-11,1.4643219362758808e-12,-50.31273082063229,-277.18444169719675,50.314258830332044,277.1859697068965
0.2596510899881188,0.0015489620863798424,0.0015489621041454126,0.0015489620848765395,1.7765570264893782e-11,1.5033029075045556e-12,-49.74404145219499,-271.87924734804466,49.745590414281374,271.880796310131
0.26219387803690686,0.0015701881735582944,0.0015701881720417599,0.0015701881720150827,1.5165345108175687e-12,1.5432117389524436e-12,-49.18086726206705,-266.67440225171987,49.18243745024061,266.6759724398934
0.2647615678531445,0.0015916912368963098,0.001591691215013953,0.0015916912353122466,2.1882356820643323e-11,1.5840631757690904e-12,-48.62316363450549,-261.56803811885015,48.624755325742385,261.56962981008706
0.2673544033022318,0.001613474584768526,0.0016134745413918347,0.001613474583142655,4.337669134470146e-11,1.625871095742304e-12,-48.07088624257494,-256.5583206894004,48.07249971715971,256.55993416398513
0.269972630637764,0.001635541558506487,0.0016355414924605447,0.0016355415568378435,6.604594236965522e-11,1.6686435219681606e-12,-47.52399104674481,-251.64344912951222,47.52562658830332,251.64508467107072
0.27261649852492303,0.0016578955325879368,0.0016578954426497584,0.0016578955308755522,8.993817843250262e-11,1.7123845744149158e-12,-46.98243429348841,-246.82165543869792,46.984092189021,246.8233133342305
0.27528625806409285,0.0016805399148239763,0.0016805397997207885,0.0016805399130668803,1.1510318783172768e-10,1.7570959878060455e-12,-46.44617251388833,-242.0912038672459,46.44785305380315,242.0928844071607
0.27798216281470584,0.0017034781465440803,0.001703478004951543,0.0017034781447413008,1.4159253717421771e-10,1.8027794968650257e-12,-45.91516252224623,-237.450390343655,45.91686600039277,237.45209382180153
0.28070446881932853,0.0017267137027789684,0.0017267135333193387,0.0017267137009295325,1.6945962970534023e-10,1.8494359689535944e-12,-45.38936141469602,-232.89754191192213,45.3910881283988,232.8992686256249
0.2834534346279746,0.00175025009244116,0.0017502498936813932,0.0017502500905440927,1.9875976689162633e-10,1.897067355635662e-12,-44.86872656782324,-228.43101617854126,44.87047681791568,228.4327664286337
0.28622932132266465,0.0017740908585033037,0.001774090628953092,0.001774090856557625,2.2955021173817758e-10,1.945678644241222e-12,-44.35321563728748,-224.0492007690236,44.35498972814598,224.0509748598821
0.28903239254222046,0.0017982395781741066,0.0017982393162838525,0.001798239576178827,2.6189025405763677e-10,1.995279592589827e-12,-43.84278655645026,-219.7505127938043,43.84458479602843,219.75231103338245
0.2918629145073023,0.0018226998630718571,0.0018226995672305805,0.0018226998610259724,2.958412766065205e-10,2.045884728990588e-12,-43.33739753500747,-215.53339832336667,43.33922023487054,215.53522102322975
0.29472115604569743,0.001847475359395552,0.0018474750279287282,0.0018474753572980355,3.314668238236368e-10,2.0975166048486926e-12,-42.837007057625165,-211.39633187242288,42.83885453298456,211.39817934778227
0.29760738861784697,0.0018725697480934252,0.0018725693792607536,0.0018725697459432225,3.6883267165270517e-10,2.1502027588993222e-12,-42.34157388258186,-207.337815893024,42.34344645232996,207.33968846277207
0.30052188634263194,0.001897986745029006,0.0018979863370221063,0.0018979867428250256,4.080068997502212e-10,2.2039804876972102e-12,-41.85105704041314,-203.35638027641582,41.85295502715817,203.35827826316086
0.3034649260234061,0.001923730101144504,0.0019237296520845384,0.0019237300988856102,4.4905996564488515e-10,2.2588938098505595e-12,-41.36541583256225,-199.45058186352458,41.367339562663396,199.45250559362572
0.30643678717428285,0.001949803602621526,0.001949803110556748,0.0019498036003065319,4.920647780296689e-10,2.314994116542346e-12,-40.88460983003496,-195.61900396391303,40.88655963363758,195.62095376751566
0.3094377520466869,0.0019762110710391393,0.001976210533942361,0.001976211068666799,5.370967780769786e-10,2.3723401715303183e-12,-40.408598872058064,-191.86025588305972,40.4105750831291,191.86223209413077
0.3124681056561556,0.0020029563635290677,0.0020029557792950554,0.0020029563610980744,5.842340122970413e-10,2.430993340657439e-12,-39.93734306474363,-188.17297245784033,39.939346021107156,188.17497541420386
0.3155281358094128,0.002030043372928158,0.0020300427393709413,0.002030043370437139,6.335572166719927e-10,2.4910191097349266e-12,-39.470802779756475,-184.55581360005093,39.4728328231294,184.55784364342387
0.3186181331317012,0.002057476027927907,0.0020574753427780096,0.0020574760253754274,6.851498973205195e-10,2.552479495127047e-12,-39.00893865298671,-181.00746384785543,39.010996129014636,181.00952132388335
0.32173839109438235,0.002085258293221065,0.0020852575541226506,0.0020852582906056324,7.390984144151069e-10,2.615432610070245e-12,-38.551711583227195,-177.52663192501956,38.553796841520416,177.52871718331278
0.3248892060428138,0.002113394169645308,0.002113393374153243,0.002113394166965385,7.954920650150854e-10,2.679923123694028e-12,-38.09908273085425,-174.11205030779018,38.1011961250239,174.11416370195982
0.3280708772244889,0.002141887694323802,0.0021418868399006264,0.0021418876915778183,8.54423175440655e-10,2.7459835620635697e-12,-37.651013516514006,-170.76247479930933,37.65315540420833,170.76461668700367
0.33128370681746244,0.0021707429408027476,0.002170742024815569,0.0021707429379891332,9.159871784680806e-10,2.8136143588597395e-12,-37.20746561981215,-167.47668411141808,37.20963636275295,167.47885485435887
0.3345279999590479,0.0021999640191857524,0.0021999630389030367,0.0021999640163029638,9.802827156783767e-10,2.8827886258686597e-12,-36.76840097800871,-164.25347945373878,36.77060094202789,164.25567941775796
0.33780406477479574,0.0022295550762645956,0.002229554028852917,0.0022295550733112033,1.0474116786569898e-09,2.9533923050217847e-12,-36.333781784717495,-161.09168412991036,36.33601133979376,161.09391368498663
0.34111221240776224,0.002259520295467643,0.0022595191779888383,0.0022595202924429285,1.1174788048032291e-09,3.024714593374833e-12,-35.903570488609034,-157.9901431408463,35.9058300089045,157.99240266114177
0.3444527570480548,0.0022898638970692766,0.002289862706475409,0.0022898638939717404,1.1905938674186545e-09,3.0975361164919946e-12,-35.477729792118716,-154.94772279491326,35.480019656015784,154.95001265881032
0.3478260159626766,0.0023205901384479805,0.0023205888715784545,0.0023205901352761193,1.2668695259510088e-09,3.171861211181959e-12,-35.056222650158844,-151.96331032489775,35.05854324029729,151.9656309150362
0.3512323095256573,0.0023517033140915697,0.002351701967669349,0.0023517033108438634,1.3464222206778509e-09,3.247706357317748e-12,-34.639012268835295,-149.03581351165735,34.641363972149385,149.03816521497146
0.3546719612484779,0.0023832077557024538,0.002383206326330163,0.0023832077523773575,1.429372290667752e-09,3.325096274708894e-12,-34.22606210416888,-146.1641603143407,34.22844531192459,146.16654352209642
0.35814529781080123,0.002415107832297743,0.0024151063164536586,0.0024151078288936856,1.515844084368917e-09,3.4040574178884064e-12,-33.81733586081997,-143.34729850705702,33.81975096865227,143.3497136148893
0.36165264909149264,0.0024474079503039804,0.0024474063443378938,0.002447407946819359,1.6059660866776793e-09,3.4846214455597213e-12,-33.41279749081885,-140.5841953219021,33.41524489876916,140.5866427298524
0.36519434819995494,0.0024801125536465956,0.0024801108537755583,0.002480112550079778,1.699871037333378e-09,3.5668174143410614e-12,-33.012411192299375,-137.87383709821623,33.01489130485302,137.87631721076988
0.3687707315077634,0.0025132261238338996,0.002513224326137833,0.0025132261201832253,1.7976960666604702e-09,3.650674380850649e-12,-32.61614140823748,-135.215228937981,32.61865463436131,135.21774216410483
0.37238213868061015,0.0025467531800355773,0.002546751280452755,0.0025467531762993585,1.899582822203344e-09,3.7362187996214935e-12,-32.22395282519416,-132.60739436724688,32.226499578374195,132.60994112042692
0.3760289127105682,0.0025806982791557057,0.0025806962734780943,0.0025806982753322316,2.005677611407325e-09,3.82347408942052e-12,-31.8358103720621,-130.0493750034836,31.838391070341256,130.05195570176275
0.37971139994866515,0.0026150660159000986,0.0026150638997685547,0.0026150660119876328,2.116131543866001e-09,3.912465837418999e-12,-31.451679218817237,-127.5402302287632,31.454294284833136,127.54284529477911
0.38342995013777476,0.0026498610228379645,0.002649858791737292,0.0026498610188347505,2.2311006722675053e-09,4.003213992936905e-12,-31.07152477527468,-125.07903686867196,31.074174636297517,125.0816867296948
0.3871849164458397,0.0026850879704579094,0.0026850856197117596,0.002685087966362168,2.3507461498206705e-09,4.095741541060294e-12,-30.695312689848176,-122.6648888768476,30.697997777818635,122.66757396481806
0.39097665549940697,0.002720751567218017,0.0027207490919836383,0.002720751563027947,2.4752343785738873e-09,4.190069732151747e-12,-30.323008848315038,-120.29689702506077,30.325729599882255,120.299617776628
0.394805527417504,0.0027568565595901713,0.0027568539548529975,0.002756856555303948,2.6047371737801528e-09,4.286223286020796e-12,-29.954579372584146,-117.97418859873055,29.957336229143735,117.97694545529014
0.39867189584583845,0.0027934077320983745,0.0027934049926664492,0.002793407727714146,2.7394319252263544e-09,4.384228657200451e-12,-29.58999061946897,-115.69590709779287,29.59278402720107,115.69870050552497
0.4025761279913328,0.002830409907351057,0.002830407027849294,0.002830409902866942,2.8795017628993613e-09,4.484114902308933e-12,-29.229209179465084,-113.46121194282904,29.232039589372434,113.46404235273639
0.40651859465700546,0.002867867946067414,0.0028678649209316833,0.002867867941481502,3.0251357308920535e-09,4.585911945326204e-12,-28.872201875530962,-111.26927818635654,28.87506974347703,111.27214605430261
0.41049967027718104,0.002905786747097485,0.0029057835705685203,0.002905786742407827,3.1765289647787964e-09,4.689657950168735e-12,-28.518935761874197,-109.11929622920735,28.521841548621293,109.12220201595444
0.41451973295305805,0.0029441712474361685,0.0029441679135532987,0.0029441712426407788,3.333882869858279e-09,4.795389779710391e-12,-28.169378122740902,-107.01047154189453,28.172322293988337,107.01341571314197
0.4185791644886163,0.002983026422230895,0.0029830229248255903,0.002983026417327752,3.4974053046005205e-09,4.903142995782428e-12,-27.823496471210024,-104.94202439089057,27.826479497632256,104.9450074173128
0.42267835042687607,0.0030223572847829804,0.0030223536174722077,0.0030223572797700273,3.667310772767496e-09,5.012953160216105e-12,-27.481258547992194,-102.91318956973298,27.48428090527698,102.91621192701776
0.4268176800865208,0.0030621688865426766,0.00306216504272206,0.003062168881417824,3.843820616401122e-09,5.124852799076596e-12,-27.14263232023153,-100.92321613486565,27.145694489118075,100.9262783037522
0.4309975465988658,0.003102466317097643,0.0031024622899344344,0.0031024663118587826,4.027163208811246e-09,5.2388605606412675e-12,-26.80758598031325,-98.97136714615056,26.810688446630348,98.97446961246766
0.4352183469452016,0.0031432547041550353,0.003143250486580873,0.0031432546988000533,4.217574162308779e-09,5.354982082761417e-12,-26.476087944674063,-97.05691941195337,26.47923119937822,97.06006266665753
0.4394804819944948,0.0031845392135169256,0.0031845347982203957,0.0031845392080437256,4.415296529867302e-09,5.4732000182022844e-12,-26.148106852617826,-95.17916323873898,26.151291391831343,95.1823477779525
0.4437843565414575,0.00322632504904908,0.0032263204284680613,0.003226325043455612,4.620581018494052e-09,5.5934679631108875e-12,-25.82361156513512,-93.33740218509215,25.82683789018417,93.3406285101412
0.4481303793449987,0.0032686174526431115,0.0032686126189569115,0.003268617446927416,4.833686199998827e-09,5.715695711866475e-12,-25.502571163726383,-91.53095282008503,25.505839781179027,91.53422143753768
0.4525189631670393,0.0033114217041095356,0.0033114166492302015,0.003311421698269192,5.054879334120271e-09,5.840343399871051e-12,-25.18495494923033,-89.75914448592836,25.18826637093444,89.76245590763247
0.45695052481171994,0.0033547431210908473,0.0033547378366554073,0.00335474311512359,5.2844354400151394e-09,5.96725750409699e-12,-24.870732440655395,-88.02131906481819,24.874087183776485,88.02467380793928
0.4614254851649841,0.0033985870591128737,0.0033985815364745756,0.003398587053016448,5.5226382980611e-09,6.096425881479961e-12,-24.559873374016334,-86.3168307499196,24.563271961075447,86.32022933697871
0.4659442692345491,0.003442958911453114,0.003442953141672513,0.003442958905225232,5.76978060077768e-09,6.2278819254468765e-12,-24.25234770117456,-84.64504582040843,24.255790660086014,84.64848877931988
0.47050730619027725,0.0034878641090587926,0.003487858082894632,0.003487864102697136,6.0261641605594e-09,6.361656427339435e-12,-23.948125588682167,-83.00534242050131,23.951613452791225,83.00883028461037
0.47511502940492883,0.0035333081204565945,0.003533301828356421,0.003533308113958819,6.292100173353743e-09,6.497775408009776e-12,-23.647177416631227,-81.39711034241276,23.650710724751683,81.40064365053321
0.4797678764953279,0.0035792964516535588,0.003579289883744072,0.0035792964450172965,6.5679094866759324e-09,6.6362622862248255e-12,-23.349473777506034,-79.81975081316155,23.35305307395769,79.8233301096132
0.48446628936392233,0.003625834646028866,0.0036258277921059887,0.0036258346392517315,6.8539228771646865e-09,6.777134409219343e-12,-23.054985475040226,-78.27267628516876,23.058611309686256,78.27630211981479
0.4892107142407498,0.003672928284216516,0.00367292113373518,0.0036729282772961086,7.150481335944231e-09,6.9204073895046125e-12,-22.76368352307796,-76.75531023057916,22.76735645136218,76.75898315886337
0.4940016017258259,0.0037205829839789457,0.003720575526042585,0.003720582976912851,7.457936360491524e-09,7.066094671187573e-12,-22.475539144438702,-75.26708693923848,22.479259727422683,75.27080752222246
0.4988394068319311,0.003768804400071268,0.0037687966234210097,0.003768804392857057,7.776650258212864e-09,7.2142109994177694e-12,-22.190523769786925,-73.8074513202715,22.194292574186996,73.81122012467156
0.503724589027833,0.003817598224096358,0.0038175901170999066,0.003817598216731588,8.106996451321541e-09,7.364769818302142e-12,-21.908609036504956,-72.37585870718911,21.91242663472905,72.37967630541321
0.5086576122819209,0.0038669701843504793,0.003866961734990682,0.0038669701768326878,8.449359797327999e-09,7.517791510841532e-12,-21.62976678757089,-70.97177466647324,21.63363375775524,70.97564163665758
0.5136389451062677,0.003916926045659468,0.0039169172415225596,0.003916926037986173,8.804136908228954e-09,7.673295158994176e-12,-21.35396907043998,-69.59467480957277,21.35788599648564,69.59859173561843
0.5186690606011346,0.0039674716092055334,0.003967462437469046,0.003967471601374227,9.171736487477433e-09,7.831306783612213e-12,-21.081188135930027,-68.24404460825278,21.08515560753923,68.24801207986198
0.5237484364998946,0.0040186127123443246,0.004018603159764656,0.004018612704352465,9.552579668253847e-09,7.991859778122556e-12,-20.81139643711149,-66.91937921324376,20.815415049823834,66.9233978259561
0.5288775552144126,0.004070355228412526,0.004070345281312165,0.004070355220257539,9.94710036127805e-09,8.15498710227125e-12,-20.54456662820082,-65.62018327612607,20.548636983429233,65.62425363135448
0.5340569038808595,0.004122705066525645,0.004122694710780035,0.00412270505820492,1.0355745609993972e-08,8.320725185251288e-12,-20.28067156345849,-64.34597077440122,20.284794268525015,64.35009347946774
0.539286974405974,0.004175668171366029,0.004175657392390072,0.004175668162876917,1.077897595659627e-08,8.489111323617404e-12,-20.019684296090965,-63.096264839690896,20.023859964262332,63.10044050786226
0.544568263513788,0.004229250522961144,0.004229239305695335,0.004229250514300972,1.121726580979171e-08,8.660172405583477e-12,-19.761578077156237,-61.87059758900802,19.765807327679198,61.87482683953098
0.5499012727927995,0.004283458136451866,0.004283446465348037,0.0042834581276179375,1.1671103829040408e-08,8.83392838046948e-12,-19.50632635447409,-60.6685099590522,19.510609812610543,60.67279341718865
0.5552865087436077,0.004338297061850777,0.0043382849208574645,0.004338297052840396,1.2140993312266535e-08,9.010380982998889e-12,-19.253902771539995,-59.48955154347202,19.258241068601844,59.49388984053387
0.5607244828270253,0.004393773383790557,0.004393760756337972,0.004393773374601062,1.2627452584436372e-08,9.189494651340446e-12,-19.004281166442876,-58.33328043304379,19.008674939826665,58.33767420642758
0.5662157115126446,0.004449893221262092,0.004449880090246684,0.004449893211890892,1.3131015407820412e-08,9.371199996555113e-12,-18.757435570787468,-57.19926305871972,18.76188546400873,57.203712951940986
0.5717607163278986,0.0045066627273425905,0.0045066490751111965,0.004506662717787224,1.3652231393990188e-08,9.55536691438219e-12,-18.513340208619844,-56.08707403748919,18.51784687134719,56.09158070021653
0.577360023907588,0.004564088088907257,0.004564073897240562,0.004564088079165188,1.4191666695105576e-08,9.742069130569408e-12,-18.271969495357812,-54.996296021011396,18.27653358344672,55.0008601091003
0.583014166043895,0.004622175526271715,0.004622160776367163,0.004622175516340035,1.474990455122005e-08,9.931679610664101e-12,-18.033298036724798,-53.92651954696649,18.03792021225107,53.93114172249276
0.5887236797368989,0.004680931292948649,0.004680915965403811,0.004680931282824687,1.532754483838522e-08,1.0123962432273537e-11,-17.7973006276875,-52.877342893077675,17.801981558980447,52.88202382437062
0.594489107245567,0.004740361675320093,0.004740345750114687,0.004740361665001157,1.592520540525527e-08,1.0318935809994212e-11,-17.56395225139831,-51.84837193376293,17.56869261307363,51.853112295438244
0.600310996139265,0.004800472992296546,0.004800456448774251,0.004800472981779932,1.6543522295131563e-08,1.0516614488975673e-11,-17.333228078140802,-50.83921999936322,17.3380285511331,50.84402047235552
0.6061898993497572,0.004861271594975001,0.004861254411824768,0.004861271584258,1.718315023341993e-08,1.0717001071303134e-11,-17.10510346427978,-49.84950773790893,17.109964735874755,49.854369009503905
0.6121263752237187,0.004922763866284781,0.004922746021521641,0.004922763855364685,1.784476314024147e-08,1.0920096424338332e-11,-16.87955395121516,-48.87886297937648,16.884476715081448,48.88378574324276
0.6181209875757717,0.004984956220621246,0.0049849376915666105,0.0049849562094953625,1.8529054635237074e-08,1.1125883200846509e-11,-16.656555264339374,-47.926920602391625,16.661540220559996,47.93190555861225
0.6241743057420244,0.005047855103467044,0.005047835866728454,0.005047855092132698,1.9236738590076852e-08,1.1334346655678118e-11,-16.436083311999564,-46.99332240334059,16.44113116710303,46.99837025844406
0.6302869046341518,0.005111466991001194,0.005111447022451541,0.005111466979455734,1.9968549652346623e-08,1.1545459900619282e-11,-16.218114184462724,-46.07771696784092,16.223225651453724,46.082828434831924
0.6364593647939943,0.005175798389695667,0.0051757776644518454,0.005175798377936473,2.0725243821476114e-08,1.1759194312732646e-11,-16.002624152885495,-45.1797595445365,16.007799951275192,45.184935342926195
0.6426922724486901,0.005240855835899539,0.005240834328300521,0.005240855823924014,2.1507599017728252e-08,1.197552473852781e-11,-15.789589668287647,-44.29911192117352,15.794830524123546,44.30435277700942
0.6489862195663615,0.005306645895410798,0.005306623578995135,0.005306645883216374,2.2316415663331535e-08,1.2194424289790895e-11,-15.578987360529199,-43.435442302915966,15.58429400642461,43.440748948811375
0.655341803912326,0.005373175163035427,0.005373152010518135,0.0053731751506195516,2.315251729223533e-08,1.2415875619287142e-11,-15.370794037291983,-42.5884251928659,15.376167212455018,42.593798368028935
0.6617596291058785,0.005440450262134117,0.005440426245382959,0.005440450249494256,2.4016751158130456e-08,1.2639860512420054e-11,-15.164986683064486,-41.75774127474457,15.17042713332662,41.7631817250067
0.6682403046776153,0.005508477844156229,0.005508452934167367,0.00550847783128986,2.4909988861551713e-08,1.2866368560848773e-11,-14.961542458131053,-40.94307729770103,14.967050935975209,40.94858577554519
0.6747844461273204,0.005577264588161101,0.005577238755034102,0.005577264575065701,2.583312699866447e-08,1.3095399764573301e-11,-14.76043869756486,-40.14412596320884,14.766015962153022,40.149703227797005
0.6813926749824317,0.005646817200326768,0.005646790413238957,0.005646817186999817,2.6787087810918597e-08,1.3326951521508423e-11,-14.561652910224456,-39.36058581401308,14.567299727424784,39.36623263121341
0.6880656188570596,0.005717142413445731,0.005717114640625874,0.005717142399884707,2.7772819857253828e-08,1.3561024699015878e-11,-14.365162777754607,-38.592161125095075,14.370879920168052,38.59787826750852
0.6948039115116037,0.00578824698640812,0.0057882181951094255,0.005788246972610511,2.8791298694111345e-08,1.3797608888754809e-11,-14.170946153590702,-37.83856179661592,14.17673440057711,37.844350043602326
0.7016081929129401,0.005860137703671881,0.005860107860144303,0.005860137689635201,2.98435275779968e-08,1.4036679804596552e-11,-13.978981061967025,-37.09950324880595,13.984841199670697,37.10536338650962
0.7084791092951978,0.005932821374720049,0.005932790444181877,0.005932821360441862,3.0930538171512756e-08,1.4278187139560305e-11,-13.78924569692914,-36.37470631876632,13.79517851830386,36.38063914014104
0.7154173132211441,0.006006304833505233,0.006006272780113965,0.006006304818983198,3.205339126847312e-08,1.452203548385489e-11,-13.601718421349522,-35.663897159146195,13.607724726183028,35.6699034639797
0.7224234636441508,0.006080594937880894,0.006080561724703359,0.006080594923112821,3.321317753549741e-08,1.4768073049176156e-11,-13.416377765947887,-34.96680713866752,13.422458360885768,34.9728877336054
0.7294982259707872,0.006155698569019795,0.006155664158001532,0.006155698554003733,3.441101826314602e-08,1.5016062178407896e-11,-13.233202428314344,-34.283172744458646,13.239358126883364,34.289328443027664
0.7366422721240133,0.006231622630819044,0.006231586982752843,0.006231622615553315,3.564806620032224e-08,1.5265728785240906e-11,-13.052171271937146,-33.61273548617068,13.058402894567966,33.6189671088015
0.7438562806069907,0.006308374049247758,0.006308337123740347,0.006308374033729952,3.692550741129369e-08,1.5517805790343786e-11,-12.873263325233872,-32.95524180184155,12.879571699283119,32.9615501758908
0.7511409365675319,0.006385959771735267,0.006385921527175364,0.006385959755963431,3.824455990265874e-08,1.5771836094080616e-11,-12.696457780586409,-32.31044296547769,12.702843740358144,32.316828925249425
0.7584969318631679,0.006464386766563474,0.006464347160087413,0.006464386750535728,3.9606476061500306e-08,1.6027745970703666e-11,-12.521733993379872,-31.67809499632403,12.528198380146435,31.684559383090594
0.7659249651268523,0.00654366202219434,0.006543621009651215,0.006543662005908871,4.10125431246286e-08,1.6285468633359113e-11,-12.349071481045238,-31.05795856979161,12.355615143067432,31.064502231813805
0.7734257418333244,0.00662379254660313,0.006623750082519071,0.006623792530058209,4.2464084058953244e-08,1.6544920815320108e-11,-12.178449922105502,-30.449798930012577,12.185073714652106,30.45642272255918
0.7809999743660989,0.006704785366596944,0.006704741404138471,0.006704785349790929,4.39624584730805e-08,1.6806014913051115e-11,-12.009849155226169,-29.853385803996883,12.016553940592766,29.86009058936348
0.7886483820851358,0.006786647527119011,0.006786602018055473,0.006786647510050367,4.550906353758405e-08,1.7068643373696624e-11,-11.843249178268897,-29.268493317358242,11.850035825796017,29.27527996488536
0.7963716913951558,0.006869386090538315,0.006869338985203377,0.006869386073205626,4.710533493736818e-08,1.7332688236060267e-11,-11.678630147349148,-28.694899911584507,11.685499533439687,28.701769297675046
0.8041706358146264,0.006953008135924729,0.006952959383176881,0.0069530081183267044,4.8752747848317124e-08,1.7598024600051776e-11,-11.5159723758978,-28.132388262824787,11.522925384033725,28.13934127096071
0.8120459560454379,0.007037520758309799,0.0070374703054918745,0.007037520740445287,5.045281792435269e-08,1.7864511953069595e-11,-11.355256333725993,-27.58074520216428,11.362293854484303,27.58778272292259
0.8199984000432392,0.00712293106793275,0.007122878860830429,0.007122931049800745,5.220710232092113e-08,1.8132004578341743e-11,-11.196462646094211,-27.039761637363597,11.203585577162144,27.04688456843153
0.8280287230884852,0.0072092461894722225,0.007209192172271484,0.007209246171071859,5.4017200738429305e-08,1.840036369799014e-11,-11.039572092784718,-26.50923247603356,11.04678133897419,26.516441722223032
0.8361376878581649,0.0072964732612632996,0.007296417376506819,0.007296473242593863,5.588475648042601e-08,1.8669436656348903e-11,-10.884565607177777,-25.988956550221904,10.89186208043904,25.996253023483167
0.8443260644982316,0.007384619434499973,0.007384561623042428,0.00738461941556089,5.781145754474304e-08,1.8939082940816476e-11,-10.731424275331875,-25.478736542386805,10.738808894766375,25.486121161821305
0.8525946306967581,0.007473691872423236,0.007473632073385511,0.007473691853214082,5.979903772504458e-08,1.9209154232535663e-11,-10.580129335067108,-24.978378912730488,10.587603026939531,24.98585260460291
0.8609441717577847,0.0075636977494943506,0.007563635900216591,0.00756369773001483,6.184927775921417e-08,1.9479520427245767e-11,-10.430662175052818,-24.487693827871897,10.438225872802313,24.49525752562139
0.8693754806759145,0.007654644250553779,0.007654580286547311,0.007654644230803743,6.39640064673333e-08,1.9750035808174804e-11,-10.283004333898402,-24.00649509083124,10.290658978148956,24.014149735081794
0.8778893582116231,0.007746538569965383,0.007746472424863437,0.007746538549944821,6.614510194603851e-08,2.0020561597444697e-11,-10.137137499248164,-23.534600072305803,10.144884037818128,23.542346610875768
0.8864866129673046,0.007839387910746,0.007839319516253242,0.007839387890455065,6.839449275680698e-08,2.0290933863686966e-11,-9.993043506879761,-23.0718296432127,10.000882894790507,23.079669031123444
0.8951680614640815,0.007933199483680615,0.007933128769521455,0.007933199463119635,7.071415916021229e-08,2.0560980001915752e-11,-9.850704339806006,-22.618008108475035,9.858637539289687,22.625941307958715
0.9039345282193387,0.008027980506422637,0.00802790740028828,0.00802798048559216,7.310613435625168e-08,2.0830476232802653e-11,-9.710102127380907,-22.17296314203225,9.71813010788733,22.18099112253867
0.9127868458250444,0.008123738202579823,0.008123662630074056,0.008123738181480678,7.557250576717411e-08,2.1099145000591513e-11,-9.571219144408696,-21.736525723048782,9.579342882611275,21.744649461251363
0.9217258550268199,0.008220479800785406,0.008220401685369085,0.008220479779418768,7.811541632117558e-08,2.136663762586366e-11,-9.434037810256951,-21.308530073303157,9.442258290057737,21.31675055310394
0.9307524048037836,0.008318212533754544,0.00831813179668877,0.008318212512122062,8.073706577425843e-08,2.163248226383363e-11,-9.298540687973203,-20.888813595734515,9.306858900506958,20.89713180826827
0.9398673524491954,0.008416943637316937,0.008416860197604296,0.008416943615420272,8.34397126409786e-08,2.1896665036713614e-11,-9.164710483405115,-20.477216814125978,9.17312742704243,20.485633757763296
0.9490715636518625,0.008516680349420866,0.008516594123745804,0.00851668032726179,8.622567506180734e-08,2.2159076656924626e-11,-9.032530044324382,-20.073583313905342,9.041046724673803,20.08209999425476
0.9583659125783717,0.008617429909177148,0.008617340811845104,0.008617429886757828,8.909733204345849e-08,2.2419319872790666e-11,-8.901982359554085,-19.677759684041803,8.910599789463262,19.68637711395098
0.9677512819561072,0.008719199555843368,0.00871910749871806,0.008719199533166265,9.205712530810373e-08,2.2677103250767772e-11,-8.773050558099733,-19.289595460020315,8.781769757655576,19.29831465957616
0.977228563157081,0.008821996527803237,0.00882190142024255,0.008821996504871102,9.510756068809023e-08,2.2932135357311978e-11,-8.645717908284055,-18.90894306787389,8.654539904811859,18.917765064401692
0.9867986562826051,0.008925828061532122,0.008925729810322476,0.008925828038348016,9.825120964555845e-08,2.3184105676921085e-11,-8.519967816885014,-18.535657769253703,8.528893644946546,18.544583597315235
0.9964624702487617,0.009030701390547126,0.009030599899836306,0.009030701367114433,1.0149071081981542e-07,2.3432693285752038e-11,-8.39578382827776,-18.16959760752046,8.404814529668307,18.178628308911005
1.0062209228727417,0.009136623744342482,0.009136518915570867,0.009136623720664943,1.048287716146068e-07,2.3677539096045308e-11,-8.273149623579824,-17.810623354836345,8.282286247324167,17.819759978580688
1.0160749409600078,0.009243602347309724,0.00924349407913989,0.009243602323391446,1.0826816983396104e-07,2.391827881587094e-11,-8.152049019800154,-17.45859846024164,8.161292622147464,17.46784206258895
1.0260254603923114,0.009351644417642895,0.00935153260588757,0.009351644393488389,1.1181175532497256e-07,2.415450651993556e-11,-8.03246596899162,-17.113388998697054,8.041817613409263,17.122740643114696
1.0360734262165918,0.009460757166229095,0.009460641703777401,0.009460757141843287,1.1546245169344327e-07,2.4385807609328403e-11,-7.914384557406909,-16.774863621074186,7.923845314573138,16.784324378240417
1.0462197927347159,0.009570947795523825,0.009570828572265802,0.009570947770912077,1.192232580229935e-07,2.4611748403180478e-11,-7.797789004658231,-16.442893505078324,7.807359952453755,16.452464452873848
1.0564655235941263,0.009682223498411852,0.009682100401161206,0.009682223473579974,1.2309725064621468e-07,2.483187787338803e-11,-7.682663662880217,-16.11735230708501,7.692345886378629,16.127034530583423
1.0668115918793573,0.009794591457053088,0.00979446436946813,0.009794591432007348,1.2708758495745542e-07,2.504573978767688e-11,-7.568993015896688,-15.798116114875588,7.578787607353742,15.807910706332642
1.0772589802044472,0.00990805884171376,0.009907927644216519,0.009908058816460884,1.3119749724121998e-07,2.5252876179049366e-11,-7.456761678390781,-15.485063401254463,7.466669737232495,15.494971460096176
1.087808680806275,0.010022632809583095,0.010022497379276539,0.010022632784130285,1.3543030655607802e-07,2.5452809998549597e-11,-7.345954395078464,-15.178074978531983,7.355977027888047,15.188097611341567
1.0984616956387898,0.010138320503575176,0.010138180714158528,0.010138320477930098,1.3978941664806455e-07,2.5645078075009486e-11,-7.23655603988576,-14.877033953858167,7.246694360389335,14.887172274361742
1.1092190364681658,0.010255129051116219,0.010254984772798322,0.01025512902528702,1.442783178970397e-07,2.5829198155302713e-11,-7.128551615129413,-14.581825685391424,7.138806744180529,14.59208081444254
1.1200817249689092,0.010373065562917562,0.010372916662328254,0.010373065536912876,1.489005893081513e-07,2.600468625157948e-11,-7.021926250700867,-14.292337739286472,7.032299316263784,14.30271080484939
1.1310507928208737,0.010492137131733774,0.010491983471833255,0.010492137105562752,1.5365990051890988e-07,2.617102194679699e-11,-6.916665203254025,-14.008459847488194,6.927157340385759,14.018951984619928
1.1421272818072599,0.010612350831106716,0.010612192271092842,0.010612350804779066,1.5856001387391794e-07,2.6327650129442937e-11,-6.81275385539617,-13.73008386631495,6.823366206227276,13.740696217146056
1.1533122439135508,0.010733713714094954,0.01073355010930844,0.010733713687620982,1.636047865134771e-07,2.6473972319918104e-11,-6.71017771488255,-13.457103735818565,6.720911428596645,13.46783744953266
1.164606741427418,0.010856232811988806,0.010856064013816304,0.010856232785379505,1.6879817250209372e-07,2.6609301567726007e-11,-6.608922413814425,-13.1894154399062,6.619778646626414,13.20027167271819
1.1760118470396266,0.010979915133011347,0.01097974098878635,0.01097991510627851,1.741442249968833e-07,2.6732836430620743e-11,-6.508973707840346,-12.926916967209841,6.519953622973357,12.937896882342853
1.187528643945897,0.01110476766100476,0.011104588013906297,0.011104767634161114,1.7964709846281235e-07,2.6843645362095714e-11,-6.4103174753612056,-12.6695082726911,6.42142224302221,12.680613040352105
1.1991582259497955,0.011230797354096406,0.011230612043044827,0.011230797327155134,1.8531105157836014e-07,2.6941272129876737e-11,-6.3129397167383825,-12.417091239966314,6.324170514092479,12.428322037320411
1.2109016975666123,0.011358011143356545,0.011357820002907682,0.01135801111633151,1.9114044886268944e-07,2.7025034987637753e-11,-6.216826553505561,-12.169569644340292,6.228184564648918,12.180927655483648
1.222760174128254,0.01148641593144999,0.01148621879168685,0.011486415904355866,1.9713976314068848e-07,2.709412381951548e-11,-6.121964227583869,-11.92684911653497,6.133450643515319,11.938335532466422
1.2347347818891905,0.011616018591264161,0.011615815277686048,0.011616018564116419,2.0331357811383122e-07,2.7147742387434448e-11,-6.028339100500408,-11.688837107100346,6.0399551190916725,11.70045312569161
1.2468266581333984,0.011746825964524896,0.01174661629793408,0.011746825937339809,2.096665908165457e-07,2.7185087514425277e-11,-5.935937652610282,-11.455442851495778,5.947684478574807,11.467189677460304
1.2590369512823945,0.011878844860398943,0.011878628656784835,0.011878844833193606,2.1620361410727706e-07,2.7205336941560354e-11,-5.844746482321841,-11.226577335828544,5.85662532718224,11.238456180688944
1.2713668210042968,0.012012082054082532,0.012011859124503315,0.012012082026874912,2.2292957921679624e-07,2.720761983765474e-11,-5.754752305325508,-11.002153263238638,5.76676438737959,11.01416534529272
1.2838174383239567,0.012146544285376487,0.012146314435838114,0.01214654425818545,2.2984953837283661e-07,2.7191037615947877e-11,-5.665941953825927,-10.78208502091737,5.678088498111303,10.794231565202747
1.2963899857341956,0.01228223825724818,0.012282001288580735,0.012282238230093551,2.3696866744554734e-07,2.7154629239634076e-11,-5.578302375777388,-10.566288647748062,5.590584614034636,10.57857088600531
1.3090856573080893,0.012419170634379776,0.012418926342111109,0.012419170607282396,2.442922686675397e-07,2.709737989547989e-11,-5.491820634122767,-10.354681802558137,5.504239804757147,10.367100973192516
1.3219056588123945,0.012557348041703751,0.012557096215930331,0.012557348014685504,2.5182577341985313e-07,2.7018247014676255e-11,-5.4064839060356595,-10.147183732970499,5.419041254077364,10.159741081012202
1.334851207822057,0.012696777062924993,0.012696517488179968,0.012696777036008865,2.595747450248598e-07,2.6916127313092453e-11,-5.322279482166008,-9.943715244844109,5.334976259228934,9.956412021907033
1.3479235338358424,0.012837464239029988,0.01283719669414832,0.012837464212240093,2.675448816675391e-07,2.6789894955192572e-11,-5.239194765889094,-9.744198672292526,5.2520322301281235,9.757036136531557
1.361123878393128,0.012979416066783416,0.012979140324764129,0.01297941604014504,2.757420192872617e-07,2.6638375533183378e-11,-5.157217272557597,-9.548557848269263,5.17019668862438,9.561537264336048
1.374453495191793,0.013122638997211543,0.013122354825076938,0.01312263897075115,2.84172134604882e-07,2.6460392904548158e-11,-5.076334628757389,-9.356718075710994,5.089457267754601,9.369840714708205
1.3879136502073095,0.013267139434073443,0.013266846592725303,0.013267139407818707,2.928413481394221e-07,2.625473623230068e-11,-4.996534571566267,-9.168606099226619,5.00980171100034,9.181873238660692
1.4015056218129687,0.013412923732319355,0.01341262197639204,0.013412923706299177,3.017559273149617e-07,2.602017733221995e-11,-4.917804947816263,-8.984150077323587,4.931217871548583,8.997563001055907
1.415230700901285,0.013559998196536633,0.013559687274247023,0.013559998170781162,3.1092228960916124e-07,2.5755470672850223e-11,-4.840133713359158,-8.80327955516085,4.853693711555695,8.816839553357386
1.4290901910066198,0.01370836907938369,0.013708048732377921,0.013708369053924337,3.203470057694391e-07,2.545935337550098e-11,-4.763508932335211,-8.625925437818601,4.777217301414594,8.639633806897985
1.443085408428959,0.013858042580011236,0.013857712543208174,0.013858042554880714,3.300368030621087e-07,2.513052266284177e-11,-4.6879187764454,-8.452019964076184,4.701776819025412,8.465878006656196
1.4572176823589498,0.014009024842471908,0.014008684843903309,0.014009024817704274,3.399985685995782e-07,2.4767634124178706e-11,-4.61335152422672,-8.28149668068763,4.627360549069191,8.295505705530102
1.471488355004131,0.014161321954117593,0.014160971714764901,0.01416132192974832,3.5023935269183626e-07,2.4369273959878868e-11,-4.539795560330835,-8.11429041714643,4.553956882284952,8.128451739100548
1.4858987817163998,0.014314939943984835,0.014314579177612549,0.014314939920050902,3.607663722864085e-07,2.3933932960518156e-11,-4.4672393748061285,-7.950337260930566,4.481554314750113,7.964652200874551
1.5004503311207564,0.014469884781168825,0.01446951319415438,0.014469884757708855,3.715870144447436e-07,2.3459970077688297e-11,-4.395671562382747,-7.7895745332180395,4.410141447163915,7.804044417999208
1.515144385245265,0.014626162373185201,0.014625779664345324,0.014626162350239627,3.8270883987757964e-07,2.294557426008037e-11,-4.325080821761179,-7.631940765065478,4.339706984134364,7.646566927438663
1.5299823396523329,0.014783778564321684,0.014783384424735223,0.014783778541933048,3.941395864612285e-07,2.238863608394759e-11,-4.255455954903865,-7.477375674040063,4.270239733468187,7.492159452604385
1.5449656035712431,0.014942739133990232,0.014942333246816453,0.014942739112202662,4.05887173779082e-07,2.178757001203291e-11,-4.186785866330122,-7.325820141297151,4.201728605464112,7.340762880431141
1.5600956000319877,0.015103049795044062,0.015102631835337698,0.015103049773903265,4.179597063638102e-07,2.1140797445973192e-11,-4.119059562414408,-7.177216189095242,4.134162612209453,7.192319238890287
1.5753737660004372,0.015264716192099754,0.015264285826622585,0.015264716171653392,4.303654771685428e-07,2.0446361617687536e-11,-4.052266150687588,-7.031506958739602,4.067530866879688,7.046771674931701
1.5908015525148071,0.015427743899847999,0.01542730078687613,0.015427743880145672,4.431129718689836e-07,1.9702326575776752e-11,-3.9863948391415653,-6.8886366889473765,4.001822583041413,6.904064432847225
1.6063804248234592,0.015592138421350694,0.015591682210477877,0.01559213840244393,4.5621087281684514e-07,1.8906763307735552e-11,-3.9214349355371687,-6.748550694626019,3.9370270739585194,6.764142833047369
1.622111862524087,0.015757905186328282,0.015757435518265254,0.015757905168270626,4.6966806302797814e-07,1.8057656064884853e-11,-3.8573758467150334,-6.61119534605702,3.8731337519013618,6.626953251243348
1.637997359704212,0.01592504954943665,0.01592456605580634,0.015925049532283703,4.834936303092785e-07,1.715294573045867e-11,-3.7942070779099253,-6.476518048478191,3.810132127459362,6.4924430980276275
1.6540384250831093,0.016093576788534774,0.016093079091663368,0.016093576772344312,4.976968714064112e-07,1.6190462165388553e-11,-3.7319182320680118,-6.34446722205616,3.7480118088565466,6.360560798844695
1.670236582155086,0.016263492102942423,0.016262979815646127,0.016263492087774462,5.122872962955161e-07,1.516796063749659e-11,-3.670499009167508,-6.214992282242685,3.6867625012704504,6.231255774345628
1.6865933693341653,0.016434800611688387,0.01643427333705591,0.016434800597605322,5.272746324766486e-07,1.4083064575620696e-11,-3.60993920554241,-6.088043620507078,3.6263740061540983,6.104478421118766
1.70311034010022,0.016607507351749817,0.016606964682920375,0.016607507338816496,5.426688294424276e-07,1.2933321080765836e-11,-3.5502287132093353,-5.963572585437758,3.5668362205610853,5.9801800927895075
1.7197890631464874,0.016781617276281892,0.016781058796218766,0.01678161726456569,5.584800631258657e-07,1.1716200926104037e-11,-3.4913575191976287,-5.8415314642064375,3.5081391364739107,5.858313081482719
1.7366311225285778,0.016957135252839046,0.016956560534098542,0.016957135242410007,5.747187405043264e-07,1.0429039576376198e-11,-3.4333157048825433,-5.721873464387692,3.4502728401353826,5.738830599640531
1.75363811781491,0.017134066061587096,0.017133474666082848,0.01713406605251796,5.913955042485819e-07,9.0691378018537e-12,-3.376093445321568,-5.604552696127602,3.3932275113831554,5.621686762189189
1.7708116642386205,0.01731241439350669,0.017311805872269246,0.017312414385872974,6.085212374447313e-07,7.633716575528027e-12,-3.3196810085939563,-5.4895241546548945,3.336993422987463,5.506836569048401
1.788153392850992,0.017492184848588686,0.017491558741520245,0.01749218484246873,6.261070684410175e-07,6.1199552370272414e-12,-3.2640687551432324,-5.376743703127885,3.281560939991821,5.394235887976474
1.8056649506763351,0.017673381934020623,0.017672737769644932,0.017673381929495677,6.441643756911752e-07,4.524946389805606e-12,-3.2092471371230173,-5.266168055811511,3.226920519057038,5.283841437745532
1.8233480008684386,0.01785601006236569,0.017855347357572934,0.017856010059519936,6.627047927573737e-07,2.845754881741769e-12,-3.155206697745774,-5.157754761577605,3.1730627078081395,5.17561077163997
1.8412042228685155,0.01804007354973326,0.018039391809519887,0.018040073548653862,6.817402133721395e-07,1.0793969884570487e-12,-3.1019380706347626,-5.051462187722866,3.119978144184496,5.069502261272599
1.8592353125646974,0.018225576613941644,0.018224875331145116,0.018225576614718818,7.012827965280355e-07,7.771734644723693e-13,-3.0494319791790954,-4.947249504098381,3.067657555793037,4.965475080712323
1.8774429824531254,0.01841252337267358,0.018411802027701856,0.018412523375400645,7.213449717234643e-07,2.7270651015154357e-12,-2.997679235891795,-4.845076667544698,3.016091759264469,4.863489190917372
1.895828961800565,0.018600917841623623,0.018600175902179397,0.01860091784639712,7.419394442258198e-07,4.773497569443563e-12,-2.9466707417710585,-4.744904406627097,2.9652716596126822,4.763505324468721
1.9143949968086689,0.018790763932638822,0.018790000853438373,0.0187907639395586,7.630792004491294e-07,6.919777251201964e-12,-2.896397485664454,-4.646694206664917,2.915188249597093,4.665484970597556
1.9331428507798092,0.018982065451851805,0.018981280674338415,0.018982065461021214,7.847775133906776e-07,9.169408288212111e-12,-2.846850543636284,-4.5504082950498645,2.8658326090881356,4.569390360501717
1.9520743042845368,0.01917482609780689,0.01917401904985874,0.01917482610933297,8.070479481508963e-07,1.152607870258393e-11,-2.7980210783380093,-4.456009626847667,2.8171959044358164,4.475184452945474
1.971191155330716,0.019369049459579735,0.01936821955521219,0.01936904947357349,8.299043675434603e-07,1.3993754072183506e-11,-2.749900338381612,-4.363461870677562,2.7692693878411916,4.382830920137142
1.990495219534259,0.019564739014889712,0.019563885653951976,0.019564739031466504,8.53360937736608e-07,1.657679202238249e-11,-2.7024796577161703,-4.2727293948648395,2.72204439673106,4.29229413387973
2.009988330291591,0.019761898128232216,0.019761020696098395,0.019761898147512447,8.77432133821604e-07,1.9280230190155123e-11,-2.65575045500729,-4.183777253860717,2.675512353135522,4.20353915198895
2.0296723389537643,0.019960530048978117,0.019959627916229582,0.019960530071085114,9.021327485349284e-07,2.210699678872885e-11,-2.6097042330196984,-4.0965711749250255,2.6296647630686767,4.116531704974004
2.0495491150022778,0.020160637909447634,0.020159710431553002,0.020160637934509208,9.274778946313789e-07,2.5061574343565596e-11,-2.5643325780028263,-4.011077545066468,2.584493215912274,4.031238182975915
2.0696205462266577,0.020362224723017852,0.02036127124000526,0.020362224751166284,9.534830125931815e-07,2.8148431502339477e-11,-2.5196271590793287,-3.9272633982354774,2.5399893838023466,3.9476256229584954
2.089888538903719,0.020565293382208413,0.02056431321833155,0.02056529341358044,9.801638768611176e-07,3.1372026504383754e-11,-2.475579727636745,-3.8450964027653143,2.496145021018953,3.8656616961475225
2.1103550179786406,0.02076984665676317,0.020768839120161114,0.02076984669150008,1.0075366020552423e-06,3.473691126409939e-11,-2.4321821167219997,-3.764544849056149,2.4529519633787626,3.785314695712912
2.1310219272477737,0.020975887191726966,0.020974851574077583,0.02097588722997474,1.0356176493829528e-06,3.8247773004318475e-11,-2.3894262404390334,-3.6855776374980564,2.4104021276307606,3.7065535246897836
2.1518912295432413,0.02118341750551823,0.021182353081685097,0.02118341754742768,1.064423833133793e-06,4.190944813409203e-11,-2.3473040933493534,-3.6081642666280738,2.3684875108548717,3.629347684133592
2.1729649069193875,0.021392439987997898,0.021391346015670592,0.021392440033724865,1.0939723273060975e-06,4.572696735150039e-11,-2.305807749875525,-3.532274821516877,2.327200189863523,3.553667261504875
2.194244960840987,0.021602956898533837,0.02160183261786152,0.02160295694823938,1.1242806723169019e-06,4.970554176586539e-11,-2.2649293637077172,-3.457879962380986,2.286532320606251,3.47948291927952
2.2157334123733645,0.021814970364062294,0.021813814997280443,0.02181497041791289,1.1553667818506308e-06,5.3850597592219884e-11,-2.2246611672131285,-3.384950913415872,2.246476137577191,3.4067658837799346
2.2374323023743314,0.022028482377145414,0.022027295128195606,0.022028482435313163,1.1872489498084005e-06,5.816774839573213e-11,-2.1849954708484005,-3.3134594518460228,2.207023953225546,3.3354879342231682
2.259343691688002,0.022243494794025504,0.022242274848168105,0.022243494856688292,1.219945857399568e-06,6.26627881528119e-11,-2.1459246625750095,-3.243377897187791,2.168168157369035,3.2656213919818162
2.281469661340548,0.02246000933267661,0.02245875585609634,0.02246000940001831,1.2534765802714454e-06,6.734169819000435e-11,-2.1074412072775077,-3.174679100720796,2.1299012166101843,3.1971391100534725
2.3038123127378314,0.022678027570852827,0.022676739710257004,0.02267802764306347,1.2878605958228928e-06,7.221064371454311e-11,-2.06953764618477,-3.1073364351641724,2.092215673755623,3.130014462735025
2.3263737678649687,0.022897550944133913,0.022896227826343298,0.022897551021409824,1.3231177906150582e-06,7.727591136430512e-11,-2.0322065962941775,-3.0413237845536685,2.0551041472383114,3.0642213354978023
2.3491561694878995,0.02311858074396888,0.023117221475501014,0.023118580826512834,1.3592684678653821e-06,8.2543954310621e-11,-1.9954407497986,-2.976615534315537,2.0185593305425686,2.9997341150595056
2.3721616813568565,0.02334111811571659,0.02333972178236151,0.023341118203737923,1.3963333550803814e-06,8.802133327767692e-11,-1.9592328735164548,-2.913186561533947,1.9825739916321714,2.9365276796496635
2.3953924884119004,0.023565164056684955,0.023563729723073183,0.023565164150399706,1.4343336117716987e-06,9.371475123698403e-11,-1.9235758083245027,-2.85101222540766,1.9471409723811877,2.8745773894643447
2.4188507969904207,0.02379071941416778,0.023789246123330447,0.023790719513798804,1.4732908373317477e-06,9.963102565180293e-11,-1.8884624685936442,-2.790068357892813,1.912253188007812,2.8138590773069807
2.442538835036665,0.024017784883479866,0.02401627165640091,0.024017784989256948,1.51322707895446e-06,1.0577708153824972e-10,-1.853885841627579,-2.7303312545280334,1.877903626511059,2.754349039411513
2.466458852313373,0.024246361005991098,0.02424480684115138,0.024246361118151098,1.5541648397190966e-06,1.1216000003755333e-10,-1.8198389871042926,-2.6717776654383383,1.8440853481102837,2.6960240264443294
2.490613120615407,0.024476448167158493,0.024474852040071736,0.02447644828594551,1.5961270867573263e-06,1.1878701841605555e-10,-1.7863150365205047,-2.6143847865146506,1.8107914846876632,2.638861234681809
2.5150039339855494,0.024708046594557834,0.02470640745729829,0.024708046720223382,1.6391372595452036e-06,1.2566554741244573e-10,-1.753307192638869,-2.558130250765213,1.778015239233427,2.5828382973597708
2.5396336089323635,0.02494115635591392,0.024939473136635654,0.02494115648871718,1.683219278264536e-06,1.3280326144338161e-10,-1.7208087289381182,-2.5029921198359486,1.745749885294032,2.5279332761918627
2.5645044846501883,0.02517577735713005,0.025174048959577693,0.02517577749733813,1.7283975523585404e-06,1.4020807778680755e-10,-1.6888129890660393,-2.448948875696342,1.7139887664231692,2.474124653053472
2.5896189232413387,0.02541190934031748,0.02541013464332839,0.025411909488205812,1.7746969890874986e-06,1.4788833352374908e-10,-1.6573133862952325,-2.3959794124876064,1.68272529563555,2.4213913218279237
2.614979309940402,0.025649551881823784,0.02564772973882149,0.025649552037676552,1.822143002292581e-06,1.5585276819107818e-10,-1.62630340298179,-2.3440630285302437,1.6519529548636138,2.3697125804120676
2.640588053340814,0.02588870439026183,0.02588683362874064,0.025888704554372543,1.8707615211874251e-06,1.641107146010956e-10,-1.5957765900267116,-2.2931794184876635,1.6216652944169734,2.3190681228779253
2.666447585623597,0.026129366104545772,0.026127445525547348,0.02612936627721884,1.920578998424599e-06,1.726730668172305e-10,-1.5657265663402051,-2.24330866568309,1.591855932444751,2.2694380317876357
2.6925603627883383,0.026371536091975116,0.026369564469552062,0.026371536273523757,1.971622423053987e-06,1.8154864070418775e-10,-1.5361470183087833,-2.194431234566699,1.5625185544007585,2.220802770658674
2.7189288648864878,0.02661521324620594,0.02661318932687825,0.02661521343695211,2.0239193276906653e-06,1.9074616885994544e-10,-1.5070316992651192,-2.146527963330015,1.533646912511325,2.1731431765762212
2.7455555962568554,0.026860396285298817,0.026858318787502247,0.026860396485574582,2.0774977965709596e-06,2.0027576472236852e-10,-1.4783744289607594,-2.0995800566649363,1.5052348252460583,2.126440452950235
2.7724430857634967,0.027107083749761486,0.02710495136328497,0.027107083959909038,2.132386476515896e-06,2.1014755213766279e-10,-1.450169093041583,-2.0535690786643865,1.4772761767913445,2.080676162414148
2.7995938870358774,0.02735527400058538,0.027353085385998822,0.027355274220957154,2.188614586558918e-06,2.203717729132304e-10,-1.422409642526041,-2.008476945861973,1.4497649165266264,2.0358322198625585
2.8270105787113837,0.027604965217284325,0.027602719005356616,0.02760496544824318,2.2462119277089077e-06,2.3095885620660894e-10,-1.395090093286216,-1.9642859204080056,1.4226950585035003,1.99189088562529
2.8546957646802684,0.027856155395936312,0.02785385018704343,0.027856155637855817,2.305208892883215e-06,2.419195052616452e-10,-1.3682045255315642,-1.9209786033790561,1.3960606809275005,1.9488347587749923
2.882652074332908,0.028108842347227176,0.028106476710750186,0.028108842600491915,2.3656364769898686e-06,2.5326473904185853e-10,-1.3417470832955067,-1.878537928218741,1.3698559256427338,1.9066467705659682
2.9108821628095694,0.028363023694497922,0.02836059616821075,0.028363023959503842,2.4275262871728542e-06,2.6500591998601664e-10,-1.3157119739246943,-1.8369471543069205,1.3440749976191921,1.8653101780014183
2.939388711252563,0.02861869687179461,0.028616205961241432,0.028618697148949403,2.490910553178821e-06,2.7715479217205186e-10,-1.290093467571046,-1.7961898606550137,1.3187121644428406,1.8248085575268083
2.9681744270608656,0.02887585912192149,0.028873303299783565,0.028875859411645,2.555822137925018e-06,2.897235090726369e-10,-1.2648858966865586,-1.7562499397249696,1.2937617558084802,1.7851257988468912
2.997242044147295,0.029134507494498165,0.02913188519994998,0.029134507797222757,2.622294548185189e-06,3.0272459192182133e-10,-1.2400836555207615,-1.7171115913693242,1.2692181630152597,1.7462460988638224
3.026594323198116,0.02939463884401961,0.029391948482074187,0.029394639160190566,2.690361945421188e-06,3.161709574706073e-10,-1.2156811996209773,-1.6787593168902635,1.245075838464997,1.708153955734283
3.056234051935278,0.02965624982792085,0.029653489768764026,0.02965625015799678,2.7600591568227584e-06,3.3007593186473727e-10,-1.1916730453352244,-1.6411779132151214,1.2213292951631454,1.6708341630430423
3.0861640453811585,0.029919336904645155,0.029916505482958752,0.029919337249098336,2.831421686402824e-06,3.4445318125575497e-10,-1.1680537693178712,-1.6043524671862424,1.1979731062225163,1.6342718040908875
3.1163871461259,0.030183896331716475,0.030180991845990112,0.0301838966910332,2.9044857263633983e-06,3.5931672567879325e-10,-1.1448180080379833,-1.5682683499629113,1.1750019043696998,1.5984522462946278
3.1469062245974233,0.03044992416381681,0.030446944875648325,0.03044992453849773,2.9792881684857775e-06,3.7468091823589234e-10,-1.1219604572903241,-1.5329112115331043,1.1524103814541409,1.563361135696921
3.1777241793340245,0.030717416250867755,0.030714360384251998,0.030717416641428203,3.0558666157566583e-06,3.905604485654468e-10,-1.0994758717090765,-1.4982669753330604,1.1301932879599441,1.528984391583928
3.2088439372596445,0.03098636823611686,0.030983233976722698,0.03098636864308713,3.1342593941607877e-06,4.069702699838196e-10,-1.077359064284241,-1.4643218329724952,1.1083454325203579,1.495308201208612
3.240268453961897,0.03125677555422956,0.03125356104866508,0.03125677597815523,3.214505564480552e-06,4.239256723437279e-10,-1.055604905880657,-1.431062239063344,1.0868616814348864,1.4623190146175735
3.2720007139727234,0.03152863342938552,0.031525336784451075,0.0315286338708277,3.2966449344459803e-06,4.414421814202818e-10,-1.034208324759744,-1.398474906150168,1.0657369581891296,1.4300035395795536
3.304043731051892,0.03180193687338129,0.031798556155310416,0.03180193733291694,3.3807180708708695e-06,4.5953565258605167e-10,-1.0131643061038385,-1.366546799740059,1.0449662429772197,1.3983487366134404
3.3364005484732098,0.03207668068373786,0.032073213917425826,0.03207668116196004,3.466766312035241e-06,4.782221771360007e-10,-0.9924678915432146,-1.33526513343025,1.0245445722269524,1.367341814113988
3.369074239313537,0.03235285944181423,0.03234930461003412,0.03235285993933247,3.5548317801059603e-06,4.975182418820445e-10,-0.972114178685744,-1.304617364131467,1.0044670381275582,1.3369702235732812
3.402067906744697,0.032630467510927415,0.032626822553533524,0.03263046802836801,3.6449573938904245e-06,5.174405973140672e-10,-0.9520983206491392,-1.2745911873850688,0.9847287881600667,1.3072216548959963
3.4353846843281444,0.03290949903447782,0.032905761847596346,0.03290949957248426,3.7371868814722875e-06,5.380064449500566e-10,-0.9324155255958883,-1.245174532772327,0.9653250246303661,1.2780840318068047
3.4690277363126247,0.03318994793408198,0.0331861163692887,0.03318994849331537,3.831564793284337e-06,5.592333887638468e-10,-0.9130610562707355,-1.2163555594138236,0.9462510042048176,1.2495455073479056
3.5030002579346737,0.03347180790771115,0.033467879771196085,0.033471808488850764,3.928136515063407e-06,5.8113961559636e-10,-0.8940302295408178,-1.1881226515573848,0.927502037448529,1.221594459465096
3.5373054757220643,0.03375507242783683,0.033751045479555666,0.03375507303158069,4.026948281166121e-06,6.037438604611367e-10,-0.8753184159383938,-1.1604644142527267,0.9090734883662306,1.1942194866805635
3.571946647800295,0.0340397347395838,0.034035606692395956,0.03403973536664944,4.128047187842987e-06,6.270656424667287e-10,-0.8569210392061306,-1.1333696691110775,0.8909607739457144,1.1674094038506613
3.6069270642019697,0.03432578785888942,0.03432155637768262,0.034325788510014756,4.231481206803944e-06,6.511253342056378e-10,-0.8388335758450315,-1.1068274501482376,0.8731593637039209,1.141153238007127
3.6422500471793207,0.03461322457067133,0.034608887271472474,0.03461322524661562,4.337299198853284e-06,6.759442935933002e-10,-0.8210515546648878,-1.0808269997092845,0.8556647792355591,1.115440224279956
3.6779189515197146,0.03490203742701852,0.03489759187609381,0.03490203812856667,4.4455509247143254e-06,7.015481459649031e-10,-0.8035705563373274,-1.05535776447343,0.8384725937643459,1.0902598019004486
3.7139371648642507,0.0351922187454527,0.035187662458382944,0.035192219473408975,4.556287069752696e-06,7.27956278590014e-10,-0.7863862129514394,-1.0304093915374366,0.8215784316968922,1.0656016102828894
3.750308108029553,0.03548376060701145,0.035479091047760716,0.03548376136220058,4.669559250734812e-06,7.551891265111799e-10,-0.7694942075719086,-1.0059717245759676,0.80497796817892,1.0414554851829791
3.787035235332599,0.035776654854491226,0.03577186943446274,0.03577665563776138,4.785420028484422e-06,7.832701570675837e-10,-0.7528902737997554,-0.982034800077499,0.7886669286542466,1.0178114549319903
3.8241220349188496,0.0360708930906673,0.03606598916774173,0.03607089390289011,4.903922925569848e-06,8.12222809842833e-10,-0.7365701953355532,-0.9585888436541365,0.7726410884262205,0.9946597367448038
3.861572029093508,0.03636646667651246,0.03636144155407155,0.03636646751858323,5.025122440910357e-06,8.420707742207156e-10,-0.7205298055452298,-0.9356242664240417,0.7568962722217423,0.9719907331005542
3.899388774656025,0.03666336672942569,0.03665821765536096,0.036663367602263706,5.149074064729475e-06,8.728380171407757e-10,-0.7047649870283764,-0.913131661464944,0.7414283537578021,0.9497950281943697
3.9375758632379654,0.036961584121471595,0.036956308287178066,0.03696158502602055,5.275834293529125e-06,9.04548956570661e-10,-0.6892716711890526,-0.8911018003373193,0.7262332553105242,0.9280633844587909
3.9761369216440507,0.0372611094776291,0.03725570401698368,0.03726111041485763,5.405460645417637e-06,9.372285308950623e-10,-0.6740458378091445,-0.8695256296759667,0.7113069472867736,0.9067867391535958
4.015075612196676,0.037561933174051584,0.03755639516237606,0.0375619341449539,5.538011675521037e-06,9.709023168769093e-10,-0.6590835146241728,-0.8483942678484829,0.6966454477982243,0.8859562010225345
4.05439563308371,0.037864045336337,0.03785837178934536,0.037864046341933535,5.6735469916371906e-06,1.005596536596265e-09,-0.6443807769016432,-0.8276990016794655,0.6822448222379802,0.8655630470158026
4.094100718709706,0.038167435837808676,0.038161623710538606,0.03816743687914682,5.812127270070355e-06,1.0413381407170519e-09,-0.6299337470218642,-0.8074312832390428,0.6681011828596729,0.8455987190768515
4.134194640050633,0.038472094297807825,0.03846614048353616,0.0384720953759627,5.953814271666968e-06,1.078154877875992e-09,-0.6157385940612277,-0.7875827266944665,0.6542106883590355,0.8260548209922743
4.1746812050119555,0.03877801007999607,0.038771911409138014,0.0387780111960713,6.098670858052657e-06,1.1160752322325607e-09,-0.6017915333779992,-0.7681451052235937,0.6405695434579952,0.8069231153035897
4.215564258790347,0.03908517229067018,0.03907892552966215,0.03908517344579871,6.246761008028845e-06,1.1551285344912898e-09,-0.5880888262005359,-0.7491103479889312,0.6271739984912061,0.7881955202796014
4.256847684238862,0.039393569777087696,0.03938717162725352,0.03939357097243259,6.3981498341775245e-06,1.1953448925128285e-09,-0.5746267792179873,-0.7304705371711236,0.6140203489950751,0.7698641069482114
4.2985354022356805,0.03970319112580404,0.0396966382222044,0.03970319236255928,6.5529035996395035e-06,1.2367552398862003e-09,-0.5614017441734389,-0.7122179050606728,0.6011049352992429,0.7519210961864768
4.3406313720565555,0.04001402466102203,0.040007313571286875,0.040014025940413325,6.711089735156328e-06,1.27939129429544e-09,-0.5484101174594828,-0.694344831206712,0.5884241421205048,0.734358855867734
4.383139591750771,0.04032605844295236,0.040319185666096186,0.04032605976623794,6.872776856174656e-06,1.3232855783362751e-09,-0.5356483397162558,-0.6768438396217731,0.5759743981592081,0.7171698980647254
4.426064098520919,0.040639280266187114,0.040632242231406886,0.04063928163465852,7.038034780228186e-06,1.3684714056383385e-09,-0.5231128954318675,-0.6597075960413418,0.5637521756980546,0.7003468763075289
4.469408969106302,0.04095367765808485,0.04094647072354033,0.04095367907306764,7.2069345445208155e-06,1.414982790659547e-09,-0.5108003125452701,-0.6429289052371921,0.551753990203355,0.683882582895277
4.5131783201700975,0.04126923787716808,0.041261858328744454,0.04126923934002261,7.3795484236277575e-06,1.4628545319528286e-09,-0.49870716205154797,-0.6265007083834085,0.539976399928716,0.6677699462605766
4.557376308690387,0.04158594791153392,0.041578391961586546,0.04158594942365608,7.555949947377072e-06,1.5121221566549714e-09,-0.48683005760958203,-0.6104160804740043,0.528416005521116,0.6520020283855382
4.602007132354935,0.0419037944772769,0.04189605826335786,0.041903796040098744,7.736213919036505e-06,1.5628218441587904e-09,-0.47516565515213927,-0.5946682277911831,0.5170694496294161,0.63657202226846
4.647075029959842,0.042222764016924506,0.042214843600490964,0.04222276563191503,7.920416433541966e-06,1.6149905232576423e-09,-0.4637106524983467,-0.579250485423195,0.5059334165152712,0.6214732494401195
4.692584281812179,0.04254284269788669,0.042534734062990694,0.04254284436655244,8.108634895996614e-06,1.6686657472453348e-09,-0.4524617889685253,-0.5641563148307739,0.49500463166641195,0.6066991575286605
4.73853921013644,0.042864016410917354,0.04285571546287703,0.04286401813480312,8.300948040322609e-06,1.7238857633050664e-09,-0.44141584500144004,-0.5493793014612767,0.4842798614123574,0.592243317872194
4.784944179485104,0.04318627076859032,0.043177773332642264,0.04318627254927984,8.497435948058574e-06,1.7806895194483197e-09,-0.430569641773871,-0.5349131524094571,0.47375591254246135,0.5780994231780474
4.831803597153135,0.04350959110378821,0.043500892923720745,0.04350959294290478,8.698180067462369e-06,1.8391165743092408e-09,-0.4199200408225773,-0.5207516941240475,0.4634296319263655,0.5642612852278357
4.879121913596526,0.04383396246820491,0.043825059204972275,0.043833964367412104,8.903263232634684e-06,1.899207194289154e-09,-0.40946394366860445,-0.5068888701591854,0.45329790613680937,0.5507228326273903
4.926903622855058,0.044159369630862685,0.04415025686117975,0.04415937159186506,9.112769682934063e-06,1.961002374373244e-09,-0.39919829144392494,-0.4933187389697786,0.44335766107478763,0.5374781086006413
4.975153262979029,0.044485797076642235,0.044476470291559676,0.044485799101186045,9.326785082558464e-06,2.024543810374979e-09,-0.38912006452043696,-0.48003547174998373,0.4336058615970792,0.524521268826626
5.023875416460334,0.04481322900482795,0.04480368360828773,0.04481323109470191,9.545396540217022e-06,2.0898739613861572e-09,-0.3792262821412672,-0.4670333503138706,0.4240395111460951,0.5118465793186986
5.073074710667648,0.045141649327666934,0.04513188063503782,0.04514165148470305,9.768692629114062e-06,2.157036119165845e-09,-0.36951400205441787,-0.45430676501749395,0.4146556513820848,0.4994484143451609
5.122755818285884,0.04547104166894244,0.04546104490553541,0.04547104389501687,9.996763407030262e-06,2.226074428957059e-09,-0.3599803201487233,-0.4418502127215112,0.4054513618176657,0.48732125439045365
5.172923457760044,0.045801389362562714,0.04579115966212613,0.045801391659596694,1.0229700436584221e-05,2.2970339796923867e-09,-0.35062237009210007,-0.429658294793523,0.3964237594546628,0.47545968415608575
5.223582393743277,0.046132675451163646,0.046122207854357986,0.04613267782112452,1.0467596805660562e-05,2.369960873382926e-09,-0.3414373229721177,-0.41772571514938894,0.3875699984232813,0.46385839060055256
5.274737437549467,0.046464882684727475,0.046454172137579394,0.046464885129629784,1.0710547148080896e-05,2.4449023083850108e-09,-0.33242238693884035,-0.4060472783326848,0.37888726962356784,0.45251216101741226
5.326393447610158,0.04679799351921591,0.046787034871551544,0.046797996041122635,1.0958647664364995e-05,2.5219067251169847e-09,-0.3235748068499696,-0.39461788763158384,0.3703728003691855,0.44141588115079977
5.3785553299359465,0.047131990115311634,0.04712077811920441,0.047131992716371335,1.1211996107221567e-05,2.6010597009573644e-09,-0.31489186391826207,-0.38343254323239434,0.36202385403357373,0.43056453334770595
5.431228038582509,0.047466854337253866,0.04745538364536268,0.04746685701964971,1.147069189118971e-05,2.6823958401700487e-09,-0.3063708753612,-0.37248634040899636,0.35383772969845384,0.41995319474625026
5.484416576121015,0.047802567751146316,0.047790832915093895,0.047802570517105916,1.1734836052421094e-05,2.76595960024828e-09,-0.2980091940529527,-0.3617744677475195,0.345811761804099,0.4095770354986658
5.538125994113332,0.048139111623829375,0.04812710709255948,0.04813911447563564,1.2004531269892149e-05,2.8518062633597907e-09,-0.2898042081785635,-0.3512922054054833,0.3379433198023929,0.39943131702931267
5.592361393591756,0.04847646692161179,0.04846418703971462,0.048476469861603706,1.227988189717033e-05,2.939991916584006e-09,-0.28175334089039983,-0.34103492340476316,0.3302298078120116,0.38951139032637494
5.647127925543447,0.04881461430900577,0.04880205331502129,0.04881461733957933,1.2560993984479796e-05,3.0305735559954528e-09,-0.2738540499668494,-0.3309980799576965,0.32266866427585517,0.3798126942667023
5.702430791399724,0.04915353414748093,0.049140686172180106,0.04915353727109006,1.28479753008226e-05,3.1236091282971223e-09,-0.26610382747322175,-0.32117721982561986,0.31525736162070267,0.3703307539731008
5.758275243529975,0.0494932064942352,0.049480065558878746,0.04949320971339268,1.3140935356453776e-05,3.219157482248214e-09,-0.25850019942490887,-0.3115679727092653,0.3079934059191441,0.3610611792035005
5.814666585740581,0.049833611100985255,0.04982017111555982,0.04983361441826371,1.3439985425432732e-05,3.3172784519308607e-09,-0.25104072545273326,-0.3021660516702961,0.30087433655371854,0.35199966277128136
5.871610173778609,0.05017472741277447,0.05016098217420615,0.05017473083080736,1.3745238568320384e-05,3.4180328914446e-09,-0.24372299847051893,-0.29296725158341147,0.2938977258832934,0.3431419789961859
5.929111415840433,0.05051653456679952,0.050502477757144344,0.0505165380882823,1.405680965517464e-05,3.5214827789897818e-09,-0.23654464434487354,-0.2839674476184012,0.28706117891167304,0.3344839821852007
5.987175773085464,0.05085901139125634,0.05084463657586774,0.05085901501894749,1.4374815388601414e-05,3.627691147478629e-09,-0.2295033215671394,-0.275162593751506,0.28036233295839574,0.32602160514276235
6.045808760154721,0.05120213640420378,0.05118743702987668,0.05120214014092605,1.4699374327097059e-05,3.736722271885373e-09,-0.22259672092756236,-0.26654872130556667,0.2737988573317661,0.31775085770977046
6.105015945694668,0.05154588781244728,0.05153085720553884,0.05154589166108896,1.5030606908439381e-05,3.848641676185149e-09,-0.21582256519160867,-0.2581219375183057,0.26736845300405593,0.309667825330753
6.1648029528860615,0.051890243510440894,0.051874874874967496,0.051890247473957055,1.536863547339784e-05,3.96351616110957e-09,-0.2091786087784815,-0.2498784241382492,0.2610688522889224,0.3017686676486901
6.225175459977967,0.05223518107920845,0.05221946749491894,0.052235185160622394,1.571358428951314e-05,4.0814139429246055e-09,-0.20266263744178903,-0.24181443604768654,0.25489781852099747,0.294049617126895
6.286139200827138,0.05258067778528475,0.052564612205709633,0.05258068198768943,1.606557957511967e-05,4.202404674247262e-09,-0.19627246795236236,-0.2339262999121298,0.2488531457376471,0.28650697769741457
6.347699965442489,0.05292671057967518,0.05291028583015165,0.052926714906234656,1.642474952352757e-05,4.326559478740055e-09,-0.1900059477832436,-0.2262104128557746,0.24293265836291877,0.2791371234354498
6.409863600535084,0.053273256096835836,0.0532564648725085,0.0532732605507869,1.6791224327336596e-05,4.45395106213331e-09,-0.18386095479679138,-0.21866324116238772,0.2371342108936272,0.27193649725922353
6.4726360100733915,0.053620290653672756,0.05360312551746974,0.053620295238326496,1.7165136203013687e-05,4.5846537399807374e-09,-0.17783539693394035,-0.21128131900116057,0.2314556875876131,0.26490160965483334
6.536023155843969,0.05396779024856088,0.053950243629145266,0.05396779496730433,1.754661941561625e-05,4.718743451537222e-09,-0.17192721190558138,-0.20406124717699872,0.22589500215414227,0.2580290374255596
6.600031058017763,0.05431573056038367,0.05429779475008004,0.05431573541668152,1.7935810303626454e-05,4.8562978499644416e-09,-0.16613436688605285,-0.19699969190475275,0.2204500974464365,0.25131542246513644
6.66466579572183,0.054664086947592026,0.054645754100287956,0.054664091944988336,1.8332847304070032e-05,4.997396309269764e-09,-0.16045485820875666,-0.1900933836069348,0.2151189451563487,0.24475747055452685
6.729933507616665,0.05501283444728362,0.05499409657630587,0.055012839589403506,1.8737870977753035e-05,5.14211988267288e-09,-0.15488671106387497,-0.18333911573443043,0.20989954551115858,0.23835195018171407
6.795840392479304,0.055361947774303026,0.05534279675026837,0.0553619530648544,1.9151024034658182e-05,5.290551371994745e-09,-0.1494279791981749,-0.17673374360973496,0.20478992697247794,0.232095691384038
6.86239270979195,0.05571140132036143,0.05569182886900184,0.055711406763136705,1.9572451359591014e-05,5.442775272146427e-09,-0.14407674461691686,-0.17027418329229338,0.19978814593727828,0.2259855846126548
6.929596780336557,0.05606116915317791,0.05604116685313998,0.05606117475205561,2.0002300037930132e-05,5.598877701740168e-09,-0.1388311172878335,-0.1639574104654649,0.19489228644101142,0.2200185796186428
6.997458986795102,0.056411225015640665,0.0563907842962591,0.05641123077458711,2.0440719381564776e-05,5.758946444722746e-09,-0.13368923484718737,-0.15778045934470028,0.19010045986282803,0.21419168436034094
7.065985774355737,0.05676154232498924,0.05674065446403415,0.056761548248059956,2.0887860955089155e-05,5.9230707144530825e-09,-0.1286492623079001,-0.15174042160650342,0.18541080463288934,0.20850196393149267
7.13518365132502,0.057112094172018256,0.05709075029341619,0.057112100263359396,2.1343878602066158e-05,6.091341139824458e-09,-0.12370939176972805,-0.14583444533774034,0.1808214859417463,0.2029465395097586
7.20505918974592,0.05746285332030125,0.057441044391829746,0.05746285958415089,2.1808928471506173e-05,6.263849640364416e-09,-0.11886784213150677,-0.1400597340049223,0.17633069545180802,0.19752258732522354
7.275619026022096,0.057813792205436865,0.05779150903639227,0.05781379864612595,2.2283169044595708e-05,6.440689086228968e-09,-0.11412285880542508,-0.13441354544302328,0.17193665101086195,0.19222733764846014
7.346869861548149,0.05816488293431548,0.058142116173154054,0.058164889556268855,2.2766761161426008e-05,6.6219533745304204e-09,-0.10947271343334339,-0.12889319086346748,0.16763759636765888,0.18705807379778297
7.418818463346033,0.05851609728440762,0.058492837416359446,0.05851610409214442,2.3259868048172705e-05,6.807736804836928e-09,-0.10491570360514267,-0.1234960338808937,0.16343180088955028,0.18201213116530132
7.491471664707858,0.05886740670307438,0.058843644047730244,0.05886741370120851,2.3762655344136685e-05,6.998134127744748e-09,-0.100450152579088,-0.11821948955830912,0.15931755928216237,0.1770868962613835
7.564836365844761,0.05921878230689868,0.0591945070157695,0.05921878950013864,2.4275291129180476e-05,7.193239962011155e-09,-0.09607440900421743,-0.11306102347028714,0.1552931913111161,0.17227980577718582
7.638919534542352,0.059570194881039464,0.05954539693508815,0.059570202274187994,2.4797945951310352e-05,7.39314853087647e-09,-0.09178684664472435,-0.10801815078381598,0.15135704152576382,0.16758834566485545
7.713728206822436,0.059921614878617906,0.05989628408577226,0.05992162247657979,2.5330792845647265e-05,7.597961884653337e-09,-0.0875858641063501,-0.10308843535647425,0.147507478984968,0.16301005023509216
7.789269487611207,0.06027301242043488,0.060247138413094606,0.060273020228247126,2.587400734027634e-05,7.807812243965095e-09,-0.08346988456476669,-0.09826948885157086,0.14374289698520157,0.15854250127200575
7.86555055141415,0.06062435729409097,0.060597929526537996,0.06062436531688299,2.6427767552975046e-05,8.022792021000758e-09,-0.07943735549593516,-0.09355896986990081,0.14006171279002613,0.15418332716399177
7.942578642997301,0.06097561895338872,0.06094862669922575,0.06097562719639834,2.6992254162964968e-05,8.243009622099784e-09,-0.07548674840845504,-0.08895458309781047,0.13646236736184375,0.1499302020511992
8.020361078075437,0.0613267665179153,0.061299198867462795,0.06132677498649125,2.7567650452503534e-05,8.468575951603441e-09,-0.07161655857786889,-0.08445407847121314,0.1329433250957842,0.14578084498912844
8.098905244006835,0.06167776877254242,0.061649614630207274,0.06167777747214629,2.8154142335146126e-05,8.699603870621075e-09,-0.0678253047829375,-0.08005525035526163,0.1295030735554799,0.14173301912780406
8.178218600494825,0.06202859416695093,0.06199984224856713,0.06202860310315915,2.8751918383800035e-05,8.936208217846797e-09,-0.06411152904386931,-0.07575593673935423,0.12614012321082024,0.13778453090630516
8.2583086802964,0.06237921081518118,0.06234984964532221,0.062379219993686716,2.9361169858965752e-05,9.178505538942616e-09,-0.06047379636249024,-0.07155401844715979,0.12285300717767142,0.13393322926234097
8.339183089937494,0.06272958649520771,0.06269960440447077,0.0627295959218218,2.998209073694358e-05,9.426614086538443e-09,-0.0569106944643606,-0.06744741836137842,0.11964028095956832,0.13017700485658612
8.420849510435533,0.06307968864854022,0.06304907377080204,0.06307969832919395,3.0614877738172064e-05,9.680653736965361e-09,-0.053420833542816876,-0.06343410066292532,0.11650052219135709,0.12651378931146554
8.503315698028883,0.06342948437984908,0.06339822464949359,0.06342949432059503,3.125973035549012e-05,9.940745948622265e-09,-0.05000284600494183,-0.05951207008426284,0.1134323303847909,0.12294155446411192
8.586589484913446,0.06377894045661664,0.06374702360573412,0.06377895066363054,3.191685088252405e-05,1.0207013900753736e-08,-0.0466553862194536,-0.05567937117659553,0.11043432667607024,0.11945831163321216
8.670678779986638,0.06412802330881477,0.06409543686437263,0.06412803378839718,3.2586444442136986e-05,1.0479582410183319e-08,-0.0433771302664954,-0.051934087590639486,0.10750515357531018,0.11606211089945426
8.7555915695984,0.06447669902860717,0.06444343030959232,0.06447670978718527,3.326871901485062e-05,1.0758578097846971e-08,-0.04016677568933772,-0.048274341370716706,0.10464347471794488,0.11275104039932388
8.841335918309811,0.06482493337007854,0.06479096948461122,0.06482494441420796,3.396388546732243e-05,1.1044129416548643e-08,-0.037023041247966564,-0.044698292261887325,0.1018479746180451,0.10952322563196587
8.927919969658978,0.06517269174898935,0.06513801959140839,0.06517270308535614,3.467215758096165e-05,1.133636678973815e-08,-0.03394466667456063,-0.04120413702987202,0.09911735842354998,0.10637682877886137
9.015351946934402,0.06551993924255636,0.06548454549047593,0.06551995087797907,3.539375208043427e-05,1.1635422708655696e-08,-0.030930412430853243,-0.03779010879351289,0.09645035167340961,0.10331004803606925
9.103640153956107,0.0658666405892605,0.06583051170059816,0.06586665253069231,3.6128888662348424e-05,1.1941431801720803e-08,-0.027979059467354624,-0.03445447636950485,0.09384570005661513,0.10032111695876536
9.192792975864156,0.06621276018867982,0.066175882398656,0.0662127724432108,3.687779002381486e-05,1.2254530987187984e-08,-0.025089408984451125,-0.031195543629179857,0.09130216917313094,0.09740830381785967
9.282818879915146,0.06655826210135,0.06652062141945875,0.06655827467620956,3.7640681891257244e-05,1.2574859556413465e-08,-0.022260282195351092,-0.028011648867079516,0.0888185442967011,0.09456991096842952
9.373726416286328,0.06690311004865114,0.06686469225560207,0.06690312295121026,3.841779304906978e-05,1.2902559118344037e-08,-0.019490520090884346,-0.02490116418109746,0.0863936301395355,0.0918042742297486
9.465524218887609,0.06724726741272079,0.06720805805735229,0.06724728065049448,3.92093553684969e-05,1.323777369666157e-08,-0.016778983206146344,-0.021862494863960504,0.08402625061886713,0.0891097622766813
9.558221006181656,0.06759069723639485,0.06755068163255853,0.06759071081704464,4.0015603836318636e-05,1.3580649785294163e-08,-0.014124551388967968,-0.01889407880581094,0.08171524862536282,0.0864847760422058
9.651825582011881,0.06793336222317471,0.0678925254465909,0.06793337615451088,4.083677658381357e-05,1.3931336168004904e-08,-0.011526123570220564,-0.01599438590768879,0.07945948579339528,0.0839277481308635
9.74634683643852,0.0682752247372215,0.06823355162230592,0.06827523902720546,4.167311491558301e-05,1.4289983960025232e-08,-0.008982617535936382,-0.01316191750568451,0.07725784227315788,0.08143714224290602
9.841793746583102,0.06861624680337831,0.06857372194003979,0.06861626146012459,4.2524863338527785e-05,1.465674627498803e-08,-0.006492969701239003,-0.010395205805553455,0.07510921650461731,0.07901145260893178
9.93817537748089,0.06895639010721864,0.06891299783762786,0.06895640513899676,4.339226959078346e-05,1.5031778113905325e-08,-0.004056134886083361,-0.007692813327593077,0.073012524993302,0.07664920343481171
10.035500882941966,0.06929561599512347,0.06925134041045274,0.06929563141035941,4.427558467073878e-05,1.541523593495686e-08,-0.001671086092785057,-0.0050533323615661865,0.07096670208790853,0.07434894835668966
10.13377950642055,0.06963388547438518,0.06958871041151915,0.06963390128166264,4.517506286602635e-05,1.5807277459201075e-08,0.0006631857146549436,-0.002475384431486778,0.06897069975973023,0.07210926990587195
10.233020581892843,0.0699711592133392,0.06992506825155649,0.06997117542140012,4.609096178270766e-05,1.620806092117455e-08,0.0029476718294454067,4.23802299340621e-05,0.0670234873838938,0.06992877898340513
10.333233534743647,0.07030739754152417,0.0702603739991499,0.07030741415926879,4.702354237426376e-05,1.661774462480281e-08,0.00518334601912976,0.002501283197375373,0.06512405152239441,0.0678061143441488
10.43442788266138,0.07064256044986901,0.07059458738089823,0.0706425774863552,4.797306897078024e-05,1.7036486193999778e-08,0.007371164740937895,0.004902618359701344,0.06327139570893112,0.06573994209016766
10.536613236542161,0.07097660759090924,0.07092766778160112,0.07097662505535099,4.8939809308118365e-05,1.746444175387829e-08,0.009512067355384792,0.007247652417660396,0.061464540235524445,0.06372895517324884
10.639799301402535,0.0713094982790315,0.07125957424447735,0.07130951618079939,4.992403455415795e-05,1.7901767887518183e-08,0.011606976338114392,0.009537625372656656,0.059702521940917117,0.06177187290637485
10.743995877301145,0.07164119149091595,0.07159026547161562,0.07164120983957478,5.0926019300331915e-05,1.8348658828437614e-08,0.013656797489998386,0.011773751006771617,0.057984394000917566,0.05986744048414434
10.849212860269635,0.07197164586574738,0.07191969982408856,0.07197166467102414,5.194604165881245e-05,1.8805276766342693e-08,0.01566242014550274,0.013957217354212643,0.05630922572024463,0.05801442851153474
10.955460243252343,0.07230081970544894,0.0722478353221987,0.07230083897724089,5.298438325024302e-05,1.9271791953934247e-08,0.017624717379319563,0.016089187164345556,0.05467610232612938,0.05621163254110338
11.062748117055543,0.07262867097513648,0.07257462964590032,0.07262869072351465,5.40413292361569e-05,1.9748378168871206e-08,0.019544546211282234,0.018170798356486786,0.05308412476385424,0.05445787261864969
11.171086671305742,0.07295515730351632,0.0729000401351688,0.07295517753872821,5.5117168347509904e-05,2.023521189498112e-08,0.021422747809564626,0.020203164466608626,0.051532409493951686,0.052751992836907693
11.28048619541737,0.07328023598331365,0.07322402379040119,0.07328025671578547,5.621219291246371e-05,2.0732471822659804e-08,0.023260147692170458,0.02218737508611365,0.0500200882911432,0.0510928608972
11.39095707957017,0.07360386397173305,0.07354653727284871,0.07360388521207124,5.7326698884335725e-05,2.1240338196615305e-08,0.02505755592673136,0.02412449629284428,0.048546308045001686,0.04947936767888877
11.50250981569582,0.07392599789094859,0.07386753690507972,0.07392601964994128,5.846098586886894e-05,2.1758992690967816e-08,0.026815767328604547,0.02601557107446079,0.047110230562344035,0.0479104268164878
11.615154998474567,0.0742465940286267,0.07418697867147525,0.07424661631724462,5.961535715144628e-05,2.22886179235271e-08,0.028535561657293214,0.027861619744352303,0.04571103237133348,0.04638497428427439
11.72890332634137,0.07456560833847949,0.0745048182187557,0.07456563116787694,6.079011972379145e-05,2.282939745579249e-08,0.030217703811187067,0.02966364035021467,0.04434790452729242,0.04490196798826482
11.843765602501927,0.07488299644084968,0.07482101085653918,0.07488301982236541,6.198558431050327e-05,2.338151572356395e-08,0.031862944020633215,0.03142260907544003,0.04302005242021647,0.04346038736540965
11.959752735958856,0.07519871362332804,0.0751355115579328,0.07519873756848598,6.320206539524309e-05,2.3945157939797568e-08,0.03347201803934964,0.03313948063346184,0.0417266955839784,0.042059232989866205
12.076875742547587,0.07551271484140144,0.07544827496015495,0.07551273936191163,6.443988124649191e-05,2.4520510191750056e-08,0.035045647334178566,0.03481518865518035,0.04046706750722288,0.04069752618622109
12.195145745982762,0.07582495471913393,0.07575925536519082,0.07582497982689355,6.569935394311333e-05,2.5107759621390002e-08,0.036584539273199296,0.03645064606961464,0.03924041544593464,0.039374308649519296
12.314573978914625,0.07613538754987952,0.07606840674047984,0.07613541325697396,6.698080939968043e-05,2.5707094439275657e-08,0.0380893873121984,0.03804674547790089,0.038046000237681114,0.03808864207197862
12.435171783995768,0.0764439672970267,0.07637568271963557,0.07644399361573086,6.828457739112281e-05,2.6318704160477324e-08,0.039560871179508135,0.039604359520768684,0.03688309611751856,0.03683960777625801
12.556950614958572,0.07675064759477654,0.07668103660319903,0.07675067453755625,6.961099157751227e-05,2.6942779715599663e-08,0.04099965705922451,0.041124341239623684,0.03575099053555203,0.035626306355152855
12.679922037702811,0.07705538174895193,0.07698442135942381,0.07705540932846552,7.096038952812689e-05,2.7579513589559568e-08,0.04240639777280374,0.04260752443135027,0.03464898397614819,0.034447857317601666
12.804097731394307,0.07735812273784075,0.07728578962509523,0.0773581509669407,7.233311274551513e-05,2.8229099946486258e-08,0.043781732959054825,0.04405472399696436,0.03357638977878592,0.033303398740876386
12.929489489574076,0.07765882321307091,0.07758509370638197,0.0776588521048056,7.372950668893541e-05,2.889173468523243e-08,0.045126289252526854,0.045466736284224506,0.032532533960544056,0.032192086928846404
13.05610922127833,0.07795743550051858,0.07788228557972093,0.07795746506813403,7.514992079764304e-05,2.956761545325204e-08,0.04644068046030352,0.0468443394243211,0.031516755040215054,0.03111309607619748
13.183968952169696,0.07825391160125,0.07817731689273608,0.0782539418581915,7.659470851392736e-05,3.0256941493944645e-08,0.04772550773721244,0.04818829366275633,0.030528403864037566,0.030065617938493674
13.313080825679272,0.07854820319249581,0.07847013896519031,0.07854823415240936,7.806422730549656e-05,3.095991354951089e-08,0.048981359759453835,0.049499341684521816,0.029566843433041973,0.02904886150797399
13.443457104159862,0.0788402616286589,0.07876070278997105,0.07884029330539256,7.955883868784874e-05,3.167673366666346e-08,0.05020881289665791,0.05077820893368355,0.028631448732000984,0.028062052694975345
13.57511017005077,0.07913003794235635,0.0790489590341101,0.07913007034996083,8.107890824624042e-05,3.240760448885993e-08,0.05140843138237998,0.052025603927481366,0.027721606559976367,0.02710443401487498
13.708052527053617,0.07941748284549395,0.07933485803983684,0.0794175159982229,8.262480565711383e-05,3.315272895099142e-08,0.05258076748303642,0.05324221856504135,0.026836715362457533,0.026175264280452602
13.84229680132005,0.07970254673037558,0.07961834982566615,0.07970258064268512,8.419690470942709e-05,3.391230954385982e-08,0.053726361665294736,0.05442872843080881,0.025976185065080842,0.02527381829956677
13.977855742650833,0.07998517967084581,0.07989938408752022,0.07998521435739295,8.579558332559578e-05,3.468654713456587e-08,0.0548457427619198,0.05558579309279465,0.025139436908926012,0.024399386578051165
14.11474222570667,0.0802653314234665,0.08017791019988461,0.08026536689910664,8.742122358187943e-05,3.5475640147719645e-08,0.05593942813608692,0.0567140563957358,0.024325903287379574,0.023551275027730696
14.252969251231166,0.0805429514287283,0.08045387721699948,0.08054298770851126,8.907421172882346e-05,3.627978295561718e-08,0.05700792384416942,0.057814146749264536,0.023535027584558887,0.022728804679463768
14.392549947285339,0.08081798881229549,0.08072723387408458,0.08081802591145992,9.075493821091019e-05,3.709916443495054e-08,0.05805172479700546,0.05888667741117697,0.022766264015290028,0.021931311401118515
14.533497570494658,0.08109039238628626,0.08099792858860005,0.0810904303202522,9.246379768620971e-05,3.7933965940650793e-08,0.059071314919655775,0.059932246765895765,0.02201907746663049,0.0211581456203905
14.675825507307998,0.08136011065058685,0.08126590946154151,0.08136014943494627,9.420118904533703e-05,3.8784359418508885e-08,0.06006716730965557,0.060951438598212164,0.021292943340931278,0.020408672052374684
14.819547275268922,0.08162709179428229,0.08153112427890938,0.0816271314448452,9.596751537291337e-05,3.965056290244906e-08,0.06103974439377041,0.06194482236239659,0.02058734740051188,0.019682269431885703
14.964676524299717,0.08189128369705746,0.08179352051303379,0.08189132422983726,9.776318402367201e-05,4.053277979920722e-08,0.06198949808326473,0.06291295344676459,0.01990178561379273,0.01897833025029287
15.111227037997548,0.08215263393049445,0.08205304532385665,0.08215267536169246,9.958860663779323e-05,4.143119801403028e-08,0.06291686992768646,0.06385637343377777,0.019235764002807992,0.018296260496716676
15.259212734943757,0.08241108975959635,0.08230964556045807,0.08241113210560351,0.0001014441991382814,4.234600715913306e-08,0.06382229126718036,0.0647756103557665,0.018588798492415987,0.017635479403829854
15.408647670025696,0.08266659814428613,0.08256326776254007,0.08266664142168305,0.00010333038174606402,4.3277396916119315e-08,0.06470618338333338,0.0656711789463505,0.017960414760952753,0.016995419197935638
15.55954603577148,0.08291910574094156,0.08281385816194764,0.08291914996649741,0.000105247578993925,4.422555584249199e-08,0.06556895764856104,0.06654358088763762,0.01735014809238053,0.016375524853303944
15.711922163698143,0.08316855890396711,0.08306136268422762,0.08316860409463729,0.00010719621973949434,4.519067017816347e-08,0.06641101567404403,0.06739330505327887,0.01675754322992308,0.015775253850688245
15.86579052567251,0.08341490368740133,0.0833057269502243,0.08341494986032454,0.00010917673717703025,4.617292320707733e-08,0.06723274945621899,0.06822082774745154,0.01618215423118234,0.015194075939949786
16.021165735285887,0.0836580858465619,0.08354689627771374,0.08365813301905643,0.00011118956884816067,4.717249453556338e-08,0.0680345415218349,0.0690266129398487,0.015623544324726998,0.014631472906713197
16.178062549241883,0.08389805083972694,0.08378481568307525,0.08389809902928667,0.00011323515665169481,4.8189559731515175e-08,0.06881676507157922,0.06981111249674293,0.015081285768147726,0.01408693834298401
16.33649586875782,0.0841347438298535,0.08401942988300125,0.08413479305414343,0.00011531394685225516,4.922428992193417e-08,0.06957978412228279,0.0705747664081972,0.014554959707570717,0.013559977421656308
16.496480740980207,0.0843681096863336,0.08425068329624574,0.08436815996318521,0.00011742639008785472,5.027685161251849e-08,0.0703239536477124,0.07131800301149314,0.014044156038621192,0.013050106674840453
16.658032360413568,0.0845980929867871,0.08447852004541065,0.08459814433419369,0.00011957294137644736,5.1347406590518396e-08,0.07104961971795472,0.07204123921084095,0.013548473268832378,0.012556853775946147
16.821166070363766,0.0848246380188929,0.08470288395877162,0.08482469045500492,0.00012175406012127077,5.243611202188081e-08,0.07175711963740389,0.07274488069344179,0.013067518381489007,0.012079757325451107
16.98589736439514,0.08504768878225735,0.08492371857214207,0.08504774232537761,0.0001239702101152873,5.3543120256960286e-08,0.07244678208135627,0.07342932214196399,0.012600906700901082,0.011618366640293365
17.152241887801885,0.08526718899032075,0.08514096713077643,0.0852672436588997,0.00012622185954432041,5.46685789554191e-08,0.07311892723122099,0.0740949474434976,0.012148261759099763,0.011172241546823156
17.3202154390942,0.08548308207230235,0.0853545725913131,0.08548313788493352,0.0001285094809892473,5.5812631169493976e-08,0.07377386690835651,0.07474212989505251,0.011709215163945838,0.010740952177249838
17.489833971498467,0.08569531117518311,0.08556447762375609,0.08569536815059828,0.0001308335514270259,5.697541516358484e-08,0.07441190470653541,0.07537123240565578,0.0112834064686477,0.010324078769527331
17.661113594472663,0.08590381916572762,0.08577062461349698,0.08590387732279205,0.00013319455223063936,5.815706442813262e-08,0.07503333612305088,0.07598260769511404,0.010870483042676737,0.009921211470613575
17.834070575236225,0.0861085486325441,0.08597295566337633,0.0861086079902516,0.00013559296916776375,5.935770751308578e-08,0.07563844868846704,0.07657659848949405,0.01047009994407705,0.009531950143050041
18.008721340314924,0.08630944188818368,0.08617141259578506,0.08630950246565121,0.00013802929239861705,6.057746752829996e-08,0.07622752209502419,0.07715353771338251,0.010081919793159491,0.009155904174801166
18.185082477101226,0.0865064409712787,0.08636593695480638,0.08650650278774052,0.00014050401647232313,6.181646182434886e-08,0.07680082832370559,0.07771374867898019,0.009705612647573109,0.00879269229229851
18.363170735429367,0.08669948764872004,0.08655647000839761,0.08669955072352134,0.00014301764032242925,6.307480129863485e-08,0.07735863176997194,0.07825754527208427,0.009340855878748097,0.008441942376635772
18.54300302916644,0.08688852341787419,0.086742952750613,0.08688858777046352,0.0001455706672611884,6.435258932679933e-08,0.07790118936817318,0.07878523213501473,0.008987334049701007,0.008103291282859457
18.72459643781865,0.08707348950883971,0.08692532590386716,0.08707355515876049,0.000148163604972551,6.564992077739973e-08,0.07842875071464385,0.07929710484653653,0.008644738794195861,0.007776384662303182
18.907968208153346,0.08725432688674338,0.08710352992123921,0.08725439385362385,0.00015079696550417132,6.696688047147514e-08,0.07894155818948857,0.07979345009882792,0.008312768697254808,0.00746087678791546
19.093135755837228,0.0874309762540768,0.0872775049888185,0.08743104455761817,0.0001534712652582898,6.830354137843386e-08,0.0794398470770685,0.08027454587154964,0.007991129177008297,0.007156430382527154
19.280116667090294,0.0876033780530726,0.08744719102809137,0.08760344771303505,0.0001561870249812275,6.96599624511185e-08,0.07992384568519227,0.0807406616030596,0.007679532367880326,0.006862716450013004
19.46892870035597,0.08777147246812124,0.0876125276983693,0.08777154350430735,0.00015894476975193694,7.103618611392637e-08,0.08039377546302112,0.08119205835882491,0.007377697005100117,0.006579414109296328
19.65958978798798,0.08793519942822849,0.08777345439925922,0.08793527186046367,0.00016174502896926235,7.243223518194064e-08,0.0808498511176962,0.08162898899707866,0.007085348310532286,0.006306210431149831
19.852118037953147,0.0880944986095132,0.08792991027317518,0.08809457245762267,0.00016458833633802017,7.384810947475007e-08,0.08129228072969347,0.08205169833176612,0.00680221787981973,0.006042800277747076
20.046531735551472,0.0882493094377371,0.08808183420789377,0.0882493847215297,0.0001674752298433252,7.528379260268725e-08,0.08172126586691603,0.0824604232928288,0.006528043570821068,0.005788886144908301
20.24284934515266,0.08839957109082369,0.08822916483916692,0.08839964783014949,0.0001704062516567767,7.673932579665976e-08,0.08213700169752956,0.08285539308386887,0.006262569393294129,0.0055441780069548224
20.44108951194963,0.08854522250157783,0.08837184055335054,0.08854530071627095,0.00017338194822728858,7.82146931249672e-08,0.08253967710154925,0.0832368293372388,0.006005545400028581,0.005308393164339023
20.64127106372964,0.08868620236029551,0.08850979949007351,0.08868628207015229,0.00017640287022199774,7.970985678451559e-08,0.08292947478118586,0.08360494626659978,0.005756727579109652,0.005081256093695724
20.843413012662094,0.08882244911745346,0.08864297954496593,0.08882253034222284,0.00017946957248753115,8.122476938265955e-08,0.08330657136995778,0.0839599508169897,0.005515877747495679,0.004862498300463758
21.04753455710454,0.08895390098645575,0.08877131837243069,0.08895398374582666,0.00018258261402506748,8.27593709118446e-08,0.08367113754057733,0.08430204281244345,0.005282763445878427,0.004651858174012299
21.253655083425873,0.08908049594641983,0.08889475338845716,0.08908058026000577,0.0001857425579626648,8.431358594629401e-08,0.08402333811161813,0.08463141510120462,0.005057157834801693,0.004449080845215211
21.461794167847433,0.08920217174500322,0.08901322177347767,0.08920225763232441,0.00018894997152554827,8.588732118564035e-08,0.08436333215297116,0.08494825369856919,0.00483883959203206,0.004253918046434033
21.671971578302546,0.08931886590127071,0.08912666047526722,0.08931895338173451,0.00019220542600348334,8.748046380346874e-08,0.08469127309009813,0.08525273792740039,0.004627592811172573,0.00406612797387032
21.884207276313642,0.08943051570860211,0.08923500621188613,0.08943060480148174,0.00019550949671598428,8.909287962932666e-08,0.08500730880708728,0.08554504055635119,0.004423206901514834,0.0038854751522509196
22.098521418888378,0.08953705823764137,0.08933819547466647,0.08953714896205332,0.00019886276297489958,9.072441195523417e-08,0.08531158174852224,0.08582532793583403,0.004225476489119126,0.0037117303018073394
22.314934360433924,0.08963843033928653,0.0894361645312421,0.08963852271416721,0.00020226580804443006,9.237488067526112e-08,0.08560422902016838,0.08609376013177239,0.00403420131911815,0.0035446702075141445
22.533466654689978,0.0897345686477215,0.0895288494286226,0.08973466269180261,0.0002057192190988988,9.404408110591511e-08,0.08588538248848629,0.08635049105717123,0.003849186159235213,0.0033840775905502746
22.75413905668117,0.08982540958348946,0.0896161859963119,0.08982550531527324,0.00020922358717756495,9.573178377797475e-08,0.08615516887897927,0.08659566860154162,0.0036702407045101915,0.0032297409819478373
22.97697252468789,0.08991088935660814,0.08969810984947081,0.08991098679434177,0.0002127795071373284,9.743773363157793e-08,0.08641370987338148,0.08682943475821267,0.003497179483226656,0.0030814545983954694
23.201988222237123,0.08999094396972747,0.08977455639212487,0.08999104313137718,0.00021638757760260308,9.916164971091046e-08,0.08666112220569623,0.08705192574956681,0.0033298217640312378,0.002939018220160655
23.429207520112303,0.09006550922132955,0.08984546082041693,0.09006561012455438,0.000220048400912623,1.0090322483113923e-07,0.08689751775708959,0.08726327215022943,0.003167991464239961,0.002802237071100125
23.658651998382854,0.09013452070897147,0.08991075812590499,0.0901346233710964,0.00022376258306648633,1.0266212492615612e-07,0.08712300364964845,0.08746359900824661,0.003011517059323024,0.00267092170072486
23.890343448454086,0.09019791383257085,0.0899703830989057,0.09019801827055966,0.0002275307336651461,1.0443798881265565e-07,0.0873376823390102,0.08765302596428298,0.0028602314935606554,0.002544887868287868
24.124303875136434,0.09025562379773472,0.09002427033188355,0.09025573002816215,0.00023135346585116678,1.0623042742685662e-07,0.08754165170587078,0.0878316673688698,0.002713972091863942,0.0024239564288649207
24.36055549873571,0.09030758561913182,0.0900723542228861,0.09030769365815486,0.0002352313962457192,1.0803902303346824e-07,0.08773500514637989,0.08799963239773549,0.0025725804727519397,0.0023079532213963333
24.59912075716331,0.09035373412390846,0.0901145689790255,0.09035384398723668,0.00023916514488295237,1.0986332822648937e-07,0.0879178316614299,0.08815702516524795,0.002435902462478559,0.0021967089586605038
24.84002230806709,0.0903940039551483,0.09015084862000654,0.09039411565801293,0.00024315533514175647,1.1170286463857426e-07,0.08809021594484578,0.0883039448359974,0.00230378801030251,0.002090059119150889
25.083283030983647,0.09042832957537635,0.0901811269817014,0.09042844313249754,0.00024720259367494446,1.1355712119243133e-07,0.08825223847048479,0.08844048573455078,0.0021760911048915588,0.001987843840825565
25.328926029510853,0.0904566452701072,0.09020533771977168,0.09045676069565936,0.00025130755033551944,1.1542555215793282e-07,0.08840397557825214,0.08856673745340386,0.0020526696918550663,0.00188990781670334
25.576974633502502,0.09047888515143808,0.0902234143133374,0.09047900245901258,0.00025547083810067983,1.1730757450145735e-07,0.08854549955904097,0.08868278495916088,0.0019333855923971133,0.001796100192277203
25.827452401283878,0.09049498316168654,0.09023529006869371,0.09049510236425143,0.00025969309299282706,1.1920256488828773e-07,0.08867687873860357,0.08878870869696756,0.0018181044230829724,0.0017062744647189793
26.08038312188905,0.0905048730770734,0.09024089812307551,0.09050499418692952,0.0002639749539978947,1.2110985611601954e-07,0.08879817756036162,0.08888458469322538,0.0017066955167117787,0.0016202883838480203
26.335790817320586,0.09050848851145095,0.0902401714484698,0.09050861154018368,0.0002683170629811521,1.2302873272918013e-07,0.08890945666716334,0.08897048465661313,0.0015990318442876128,0.0015380038548378216
26.593699744830634,0.09050576292007678,0.0902330428554766,0.09050588787850286,0.0002727200646001765,1.249584260787362e-07,0.08901077298199411,0.08904647607744155,0.0014949899380826692,0.0014592868426352296
26.854134399225085,0.09049662960343344,0.09021944499721832,0.09049675650154196,0.00027718460621511953,1.2689810852117844e-07,0.08910217978764905,0.08911262232536658,0.0013944498157843904,0.0013840072780668539
27.117119515189827,0.09048102171109404,0.09019931037329794,0.09048115055798088,0.0002817113377961006,1.288468868404502e-07,0.08918372680537456,0.08916898274548635,0.001297294905719476,0.0013120389656076925
27.382680069639733,0.09045887224557436,0.09017257133364859,0.09045900304927237,0.0002863009119257742,1.3080369801188318e-07,0.08925546027248611,0.08921561275284577,0.0012034119730882503,0.0012432594927285906
27.650841284091165,0.09043011406593396,0.09013916008263004,0.09043024683363189,0.00029095398330392097,1.3276769793291177e-07,0.08931742301897055,0.08925256392537363,0.0011126910469634044,0.0011775501405603267
27.921628627057217,0.09039467989229891,0.09009900868328799,0.09039481463018557,0.00029567120901091704,1.3473788666729103e-07,0.08936965454307969,0.08927988409527532,0.0010250253492192218,0.0011147957970235878
28.195067816466405,0.09035250230969892,0.09005204906136094,0.09035263902286357,0.00030045324833798126,1.3671316465013739e-07,0.08941219108592287,0.08929761743890438,0.0009403112237760525,0.0010548848707945396
28.471184822105627,0.0903035137720914,0.08999821300947965,0.09030365246448141,0.00030530076261175987,1.3869239000319222e-07,0.08944506570506654,0.08930580456513583,0.0008584480670248695,0.000997709206955577
28.75000586808615,0.09024764660649302,0.0899374321914131,0.09024778728086381,0.000310214415079918,1.406743707910163e-07,0.08946830834714731,0.08930448260226363,0.000779338259345716,0.000943164004229391
29.031557435334665,0.09018483301715244,0.08986963814636072,0.0901849756750103,0.00031519487079172126,1.4265785786005125e-07,0.08948194591950713,0.08929368528344417,0.0007028870976453078,0.0008911477337082696
29.315866264108116,0.09011500508976487,0.08979476229329145,0.09011514973130386,0.00032024279647342724,1.4464153898219312e-07,0.08948600236085727,0.0892734430307077,0.0006290027289076044,0.0008415620590571798
29.602959356533177,0.0900380947957286,0.08971273593532988,0.09003824141976212,0.00032535886039870843,1.4662403352572184e-07,0.08948049871097898,0.08924378303755838,0.0005575960847496175,0.000794311758170213
29.892863979171175,0.08995403399644364,0.08962349026418998,0.08995418260033143,0.00033054373225366307,1.4860388779236455e-07,0.0894654531794683,0.08920472935018472,0.000488580816975337,0.0007493046462589137
30.18560766560725,0.0898627544476534,0.0895269563646564,0.08986290502722465,0.0003357980829970103,1.505795712425373e-07,0.08944088121353236,0.08915630294729968,0.00042187323412104516,0.0007064515003537275
30.481218219065767,0.08976418780382878,0.08942306521911397,0.08976434035330176,0.0003411225847148036,1.525494729842647e-07,0.08940679556484506,0.08909852181863209,0.00035739223898371975,0.000665665985196684
30.779723715050732,0.08965826562259573,0.08931174771212573,0.08965842013449482,0.0003465179104699956,1.5451189909476692e-07,0.08936320635546896,0.08903140104208782,0.00029505926712676545,0.0006268645805079104
31.081152504012078,0.08954491936920662,0.08919293463505958,0.08954507583427655,0.00035198473414704834,1.564650699281689e-07,0.08931012114285179,0.08895495285960138,0.00023479822635483205,0.0005899665096052442
31.385533214038663,0.08942408042105485,0.08906655669076398,0.08942423882817299,0.0003575237302908679,1.584071181448543e-07,0.0892475449839044,0.08886918675169626,0.00017653543715044628,0.0005548936693585832
31.692894753576713,0.08929568007223426,0.0889325444982934,0.089295840408321,0.0003631355739408676,1.603360867408199e-07,0.08917548049816754,0.08877410951077329,0.0001201995740667261,0.0005215705614609739
32.00326631417583,0.08915964953814251,0.0887908285976831,0.08915981178806992,0.0003688209404594106,1.6224992741009636e-07,0.08909392793007585,0.08866972531314563,6.572160806665728e-05,0.0004899242249968849
32.31667737326128,0.08901591996012954,0.08864133945477427,0.08901608410662831,0.0003745805053552709,1.641464987683916e-07,0.08900288521032569,0.08855603578983837,1.3034749803852996e-05,0.0004598841702911777
32.63315769693337,0.08886442241019116,0.08848400746608964,0.08886458843375594,0.0003804149441015148,1.6602356478490066e-07,0.08890234801635478,0.08843304009617131,3.792560616362739e-05,0.00043138231401984584
32.952737342794954,0.08870508789570763,0.08831876296375944,0.08870525577450063,0.0003863249319481926,1.678787929920711e-07,0.0887923098319408,0.0883007349801414,8.722193623315888e-05,0.00040435291556623065
33.275446662805614,0.08853784736422862,0.08814553622049907,0.08853801707398117,0.00039231114372954845,1.697097525427127e-07,0.08867276200592696,0.08815911484962387,0.00013491464169833323,0.0003787325146047543
33.60131630616478,0.08836263170830341,0.08796425745463748,0.08836280322221544,0.0003983742536659285,1.7151391203118482e-07,0.08854369381008148,0.08800817183840767,0.0001810621017780678,0.0003544598698957402
33.93037722222245,0.08817937177035819,0.08777485683519781,0.08817954505899483,0.0004045149351603744,1.7328863664844985e-07,0.08840509249609912,0.08784789587108326,0.00022572072574093827,0.00033147589927493004
34.26266066341835,0.08798799834761949,0.08757726448703006,0.08798817337880496,0.0004107338605894295,1.7503118547590457e-07,0.08825694335175154,0.08767827472679841,0.00026894500413204847,0.00030972362082107296
34.59819818825064,0.08778844219708463,0.08737141049599564,0.08778861893579216,0.0004170317010889907,1.767387075302107e-07,0.08809922975619452,0.08749929410189922,0.0003107875591098902,0.00028914809518541806
34.9370216642726,0.08758063404053988,0.08715722491420547,0.08758081244877736,0.00042340912633441474,1.784082374750584e-07,0.08793193323443971,0.08731093767147183,0.0003512991938998261,0.0002696963690680537
35.27916327111973,0.08736450456962537,0.08693463776531037,0.08736468460631604,0.00042986680431500446,1.8003669066679606e-07,0.08775503351099741,0.08711318714980096,0.000390528941372037,0.00025131741982441225
35.624655503565776,0.08713998445094866,0.08670357904984526,0.08714016607180566,0.0004364054011034013,1.8162085700657027e-07,0.08756850856269924,0.08690602234976076,0.0004285241117505806,0.00023396210118789562
35.97353117460873,0.08690700433124625,0.08646397875062721,0.08690718748864035,0.00044302558061903863,1.8315739409857645e-07,0.08737233467070729,0.086689421241154,0.0004653303394610425,0.00021758309009224652
36.325823418587696,0.08666549484259335,0.08621576683820696,0.08666567948541236,0.0004497280043863905,1.8464281900665291e-07,0.08716648647171742,0.0864633600080136,0.0005009916291240646,0.00020213483457974524
36.68156569432925,0.08641538660766288,0.08595887327637557,0.0864155726811621,0.00045651333128730875,1.8607349921984095e-07,0.08695093700836463,0.08622781310488292,0.0005355504007017592,0.000187573502779953
37.040791788325706,0.08615661024503316,0.08569322802772503,0.08615679769067505,0.0004633822173081281,1.8744564189709934e-07,0.08672565777883712,0.08598275331208792,0.0005690475338039624,0.00017385693294523497
37.40353581794373,0.0858890963745454,0.08541876105903284,0.0858892851295962,0.0004703353155125628,1.8875505079785082e-07,0.08649061878570785,0.08572815179001758,0.0006015224111624445,0.00016094458452782512
37.76983223466439,0.08561277562243265,0.0851354023465333,0.08561296561942465,0.0004773732758993482,1.8999699200050735e-07,0.08624578858398982,0.08546397813242544,0.0006330129615571695,0.00014879749000720754
38.13971582735567,0.08532757862599566,0.08484308188255597,0.08532776979386496,0.00048449674343968574,1.9116786929840313e-07,0.08599113432842329,0.08519020041876701,0.0006635557024276262,0.00013737820722864447
38.51322172557628,0.08503343604063257,0.08454172968075141,0.08503362830376114,0.0004917063598811611,1.9226312857056893e-07,0.08572662182000228,0.08490678526558705,0.0006931857793697066,0.0001266507750455198
38.89038540291182,0.08473027854456827,0.0842312757818744,0.08473047182258009,0.0004990027626938648,1.9327801181745485e-07,0.08545221555174827,0.08461369787697089,0.0007219370071799985,0.00011658066759738517
39.27124268034443,0.08441803684433369,0.08391165025965698,0.08441823105197652,0.0005063865846767074,1.9420764282851444e-07,0.08516787875373708,0.08431090209407163,0.000749841909403387,0.00010713475026205566
39.655829729654265,0.08409664168039414,0.08358278322672894,0.08409683672739816,0.0005138584536652085,1.9504700402017683e-07,0.08487357343738917,0.08399836044372991,0.0007769317569950307,9.82812366642355e-05
40.044183076855425,0.08376602383281337,0.08324460484058485,0.08376621962372888,0.0005214189922285173,1.9579091550814276e-07,0.08456926043902767,0.08367603418619546,0.0008032366062142998,8.998964661791065e-05
40.43633960566479,0.08342611412695577,0.08289704530959911,0.08342631056097206,0.0005290688173566621,1.9643401628910429e-07,0.08425489946271422,0.083343883361967,0.0008287853357584474,8.223076498876936e-05
40.83233656100475,0.0830768434392265,0.08254003489908938,0.08307704040997384,0.0005368085401371153,1.9697074733759923e-07,0.08393044912236915,0.08300186683776185,0.000853605683142647,7.497660146464635e-05
41.23221155254114,0.0827181427028489,0.08217350393742752,0.08271834009818542,0.0005446387654213791,1.9739533652085584e-07,0.08359586698318264,0.08264994235162722,0.0008777242803337387,6.820035122168111e-05
41.636002558254525,0.0823499429136819,0.08179738282220085,0.08235014061546728,0.0005525600914810525,1.97701785373261e-07,0.08325110960232635,0.08228806655720794,0.0009011666886444419,6.187635647396383e-05
42.043747928047736,0.08197217513607541,0.08141160202642185,0.08197237301993264,0.0005605731096535588,1.9788385723085167e-07,0.08289613256897084,0.081916195067181,0.0009239574328954309,5.598006889441509e-05
42.45548638738788,0.08158477050876572,0.08101609210478813,0.0815849684438327,0.0005686784039775905,1.9793506697562968e-07,0.08253089054361817,0.08153428249587036,0.000946120034852449,5.048801289536664e-05
42.87125704098402,0.08118766025081135,0.08061078369999328,0.08118785809948331,0.0005768765508180757,1.9784867195948852e-07,0.0821553372967561,0.08114228250105432,0.0009676770459447481,4.537774975703346e-05
43.29109937650174,0.08078077566756803,0.08019560754908729,0.08078097328523214,0.0005851681184807361,1.9761766410775206e-07,0.08176942574684123,0.08074014782497613,0.0009886500792732067,4.062784259190044e-05
43.71505326831278,0.08036404815670607,0.07977049448988982,0.0803642453914691,0.0005935536668162517,1.97234763021914e-07,0.08137310799761985,0.08032783033457178,0.0010090598409137758,3.621782213429625e-05
44.143158981282674,0.07993740921426756,0.0793353754674537,0.07993760590667748,0.0006020337468138626,1.9669240991504466e-07,0.08096633537479228,0.07990528106092447,0.001028926160524718,3.212815334309449e-05
44.575457174594675,0.0795007904407663,0.07889018154058168,0.07950098642352864,0.0006106089001846199,1.9598276233823153e-07,0.08054905846202962,0.07947245023795939,0.0010482680212633155,2.834020280691185e-05
45.011988905611034,0.07905412354732949,0.0784348438883955,0.07905431864501879,0.0006192796589339911,1.95097689295598e-07,0.08012122713635024,0.0790292873403894,0.0010671035890207486,2.4836206940090366e-05
45.452795633773064,0.0785973403618816,0.07796929381695765,0.07859753439064848,0.0006280465449239464,1.9402876688667803e-07,0.07968279060286199,0.07857574112092218,0.0010854502409803901,2.1599240959416233e-05
45.89791922453799,0.07813037283537218,0.07749346276594758,0.0781305656026463,0.0006369100694245955,1.9276727412920192e-07,0.0792336974288803,0.0781117596467423,0.0011033245935081204,1.8613188629876265e-05
46.34740195335577,0.07765315304804593,0.0770072823153908,0.07765334435223473,0.0006458707326551377,1.9130418879576006e-07,0.07877389557742694,0.07763729033527678,0.0011207425293810053,1.586271276915463e-05
46.801286509683884,0.07716561321575739,0.07651068419244322,0.07716580284594075,0.0006549290233141686,1.8963018336148885e-07,0.07830333244011875,0.07715227998925688,0.0011377192243613582,1.3333226500517048e-05
47.25961600104149,0.0766676856963301,0.07600360027823058,0.07666787343195056,0.000664085418099522,1.877356204521563e-07,0.07782195486945388,0.07665667483108747,0.0011542691731237786,1.1010865242633283e-05
47.72243395710422,0.07615930299595931,0.07548596261474202,0.07615948860650726,0.0006733403812172883,1.8561054794530296e-07,0.07732970921050092,0.076150420536532,0.0011704062145416055,8.882459427317357e-06
48.18978433383758,0.07564039777566157,0.07495770341178132,0.07564058102035516,0.0006826943638802568,1.832446935856602e-07,0.07682654133200185,0.07563346226772776,0.00118614355634028,6.935507933819585e-06
48.66171151767238,0.0751109028577681,0.07441875505397247,0.07511108348522674,0.0006921478037956313,1.8062745864300123e-07,0.07631239665689275,0.0751057447055382,0.0012014937991246533,5.158152229900459e-06
49.138260329720005,0.07457075123246533,0.07386905010782338,0.07457092898037612,0.0007017011246419486,1.7774791079283592e-07,0.07578722019225251,0.07456721208125582,0.0012164689597871786,3.53915120951398e-06
49.61947603002898,0.07401987606438201,0.07330852132884653,0.07402005065915776,0.0007113547355354771,1.7459477574810478e-07,0.07525095655868615,0.07401780820766468,0.0012310804943041348,2.067856717330452e-06
50.10540432188424,0.07345821069922188,0.07273710166873631,0.07345838185564946,0.00072110903048557,1.7115642757248306e-07,0.07470355001914877,0.07345747650947196,0.0012453393199268886,7.341897499263395e-07
50.59609135614696,0.0728856886704454,0.07215472428260605,0.07288585609132307,0.0007309643878393446,1.67420877675295e-07,0.07414494450722084,0.0728861600531215,0.0012592558367754414,4.713826761010287e-07
51.091583735638444,0.07230224370599765,0.07156132253628203,0.07230240708175946,0.000740921169715622,1.633757618080267e-07,0.07357508365483884,0.07230380157599622,0.001272839948841184,1.5578699985724365e-06
51.591928519565904,0.07170780973508523,0.07095683001365727,0.07170796874341068,0.0007509797214279579,1.590083254510155e-07,0.07299391081949119,0.07171034351502208,0.0012861010844059662,2.5337799368502223e-06
52.09717322799156,0.07110232089500212,0.07034118052410536,0.07110247520040915,0.0007611403708967651,1.5430540702132678e-07,0.07240136911088668,0.07110572803468274,0.0012990482158845573,3.4071396806112375e-06
52.607365846346596,0.07048571153800312,0.0697143081099525,0.07048586079142186,0.0007714034280506266,1.4925341873528453e-07,0.07179740141710066,0.07048989705445305,0.0013116898790975356,4.1855164499282616e-06
53.12255482998769,0.06985791623822868,0.06907614705385136,0.06985806007639339,0.0007817691843773206,1.438381647123066e-07,0.07118195043021062,0.06986279227566534,0.001324034191981946,4.876037436665759e-06
53.64278910879982,0.06921886979867771,0.06842663188413863,0.0692190078412601,0.0007922379145390845,1.380425823926945e-07,0.07055495867142404,0.06922435520781298,0.0013360888727463327,5.48540913526685e-06
54.168118091843,0.06856850725791225,0.0677656973851833,0.06856863910763873,0.0008028098727289462,1.318497264840568e-07,0.06991636851570955,0.06857452719430536,0.0013478612577973031,6.019936393111824e-06
54.698591672044614,0.06790676389371515,0.06709327860464774,0.06790688913941437,0.0008134852890674116,1.2524569921457118e-07,0.06926612221593792,0.06791324943768216,0.0013593583222227673,6.485543967010843e-06
55.23426023093858,0.06723357523465627,0.06640931086060738,0.06723369344917365,0.0008242643740488942,1.1821451738336375e-07,0.06860416192653872,0.06724046302429502,0.0013705866918824472,6.887789638754249e-06
55.77517464345002,0.06654887706627012,0.06571372974931956,0.06654898780527238,0.0008351473169505574,1.1073900225977429e-07,0.0679304297266824,0.06655610894846843,0.0013815526604122746,7.231882198310835e-06
56.32138628272675,0.06585260543738516,0.0650064711530363,0.06585270823893197,0.0008461342843488623,1.0280154680297748e-07,0.06724486764299506,0.0658601281361488,0.0013922622056098954,7.52269876364009e-06
56.87294702501921,0.06514469666729569,0.06428747124785937,0.06514479105136353,0.0008572254194363221,9.438406783912612e-08,0.0665474176718111,0.0651524614680488,0.0014027210045154115,7.764800753110035e-06
57.42990925460646,0.06442508735296197,0.0635566665116423,0.06442517282092342,0.0008684208413196753,8.546796144426327e-08,0.06583802180097482,0.0644330498023,0.0014129344480128536,7.962449338025368e-06
57.99232586877221,0.06369371437623403,0.06281399373193508,0.06369379041029603,0.000879720644298948,7.60340620048483e-08,0.06511662203119468,0.06370183399661862,0.0014229076549606562,8.119620384591797e-06
58.56025028282833,0.06295051491110432,0.062059390013976756,0.0629505809737087,0.0008911248971275598,6.606260438690725e-08,0.06438316039696126,0.06295875492999801,0.0014326454858569482,8.240018893698742e-06
59.133736435187615,0.06219542643098685,0.061292792788733376,0.06219548196417588,0.0009026336422534725,5.5533189033396546e-08,0.06363757898703441,0.06220375352393394,0.0014421525560475643,8.327092947089942e-06
59.712838792487396,0.061428386716023,0.06051413982098183,0.06142843114077294,0.0009142468950411667,4.44247499412076e-08,0.06287981996450638,0.061436770763191706,0.0014514332484833817,8.38404716870661e-06
60.29761235476152,0.06064933386041752,0.05972336921744315,0.060649366575943046,0.0009259646429743695,3.271552552475132e-08,0.06210982558645148,0.06065774771612692,0.0014604917260339564,8.413855709397955e-06
60.88811266066482,0.0598582062798007,0.058920419434960965,0.05985822666283205,0.0009377868448397358,2.0383031346105085e-08,0.06132753822316574,0.05986662555456447,0.0014693319433650362,8.419274763769857e-06
61.4843957927475,0.05905494271862172,0.05810522928873081,0.059054950122657414,0.0009497134298909055,7.404035697045064e-09,0.06053290037700782,0.059063345573249146,0.0014779576583861045,8.402854627428957e-06
62.08651838278119,0.0582394822575711,0.05727773796057754,0.0582394760121078,0.0009617442969935552,6.245463299303644e-09,0.05972585470084694,0.05824784920887392,0.0014863724432758393,8.366951302823944e-06
62.69453761713842,0.05741176432103155,0.05643788500728083,0.05741174373077297,0.0009738793137507237,2.059025858147656e-08,0.05890634401612355,0.05742007805869391,0.0014945796950920007,8.313737662357656e-06
63.30851124222281,0.05657172868456232,0.05558561036895359,0.056571693028608976,0.0009861183156087278,3.565595334265037e-08,0.05807431133053524,0.056579973898738894,0.0015025826459729233,8.245214176576254e-06
63.92849756995446,0.05571931548241159,0.05472085437746798,0.05571926401343237,0.0009984611049436085,5.1468979217483835e-08,0.057229699855349196,0.0557274787016277,0.001510384372937608,8.163219216109074e-06
64.5545554833077,0.05485446521506209,0.05384355776493437,0.05485439715844925,0.0010109074501277182,6.805661283831865e-08,0.05637245302235378,0.05486253465399724,0.0015179878072916902,8.069438935151552e-06
65.18674444190307,0.053977118756808905,0.05295366167223203,0.053977033309816944,0.0010234570845768717,8.54469919611689e-08,0.055502514500454694,0.05398508417355376,0.0015253957436457896,7.965416744852571e-06
65.82512448765546,0.053087217363367536,0.05205110765759005,0.05308711369423701,0.0010361097057774854,1.0366913052312077e-07,0.054619828211921406,0.05309506992575212,0.0015326108485538698,7.852562384585982e-06
66.4697562504754,0.05218470267951817,0.05113583770522412,0.05218457992658473,0.0010488649742940517,1.2275293344299332e-07,0.053724338348296395,0.052192434840117374,0.0015396356687782248,7.732160599203952e-06
67.12070095402838,0.05126951674678018,0.05020779423402349,0.05126937401756897,0.0010617225127566923,1.427292112138323e-07,0.052815989385968425,0.051277122126210474,0.0015464726391882441,7.605379430293546e-06
67.77802042154916,0.050341602011122054,0.04926692010629338,0.05034143838142775,0.0010746819048286713,1.6362969430111507e-07,0.05189472610142212,0.0503490752892513,0.001553124090300069,7.473278129242755e-06
68.44177708171291,0.049400901330706494,0.048313158636552535,0.049400715843658335,0.0010877426941539592,1.854870481585169e-07,0.05096049358617052,0.04940823814540687,0.0015595922554640235,7.336814700373284e-06
69.11203397456538,0.04844735798366771,0.04734645360038302,0.048447149648779365,0.0011009043832846954,2.0833488834776093e-07,0.05001323726137479,0.04845455483674949,0.0015658792777070787,7.196853081779808e-06
69.78885475750899,0.04748091567592722,0.04636674924333878,0.04748068346813045,0.001114166432588444,2.3220779677562975e-07,0.049052902892164234,0.047487969845898974,0.0015719872162370113,7.054169971751345e-06
70.47230371134962,0.046501518549042095,0.045373990289906775,0.04650126140770342,0.00112752825913532,2.571413386734389e-07,0.048079436601657755,0.04650842801035087,0.0015779180526156594,6.909461308775289e-06
71.16244574640127,0.04550911118809224,0.044368121952527484,0.04550882801601118,0.0011409892355647572,2.8317208106143354e-07,0.047092784884700395,0.04551587453650501,0.0015836736966081538,6.763348412770764e-06
71.85934640865045,0.044503638629603416,0.04334908994067156,0.04450332829199084,0.0011545486889318543,3.1033761257320824e-07,0.046092894621318534,0.044510255013398906,0.0015892559917151175,6.6163837954894e-06
72.56307188598234,0.04348504636950631,0.04231684046997271,0.043484707692941105,0.001168205899533599,3.386765652022006e-07,0.04507971308990113,0.04349151542615377,0.0015946667203948217,6.469056647466498e-06
73.2736890144659,0.04245328037113525,0.04127132027142106,0.042452912142497225,0.001181960099714191,3.6822863802576933e-07,0.04405318798011787,0.04245960216914511,0.001599907608982619,6.3217980098562165e-06
73.99126528470256,0.041408287073263446,0.040212476600613285,0.041407888038640095,0.0011958104726501606,3.9903462335094675e-07,0.04301326740557771,0.04141446205890157,0.0016049803323142653,6.174985638124353e-06
74.71586884823567,0.040350013398177634,0.03914025724706293,0.04034958226174225,0.0012097561511147034,4.3113643538594815e-07,0.04195989991623812,0.04035604234674344,0.0016098865180604882,6.028948565807435e-06
75.44756852402274,0.03927840675979245,0.03805461054355989,0.03927794218263937,0.0012237962162325658,4.6457715308090286e-07,0.04089303451057214,0.03928429073116816,0.0016146277507796888,5.883971375707231e-06
76.18643380497258,0.0381934150718019,0.03695548537288927,0.03819291566803372,0.0012379296989126279,4.994037681796404e-07,0.03981262064749767,0.03819915536998801,0.0016192055756957674,5.740298186111825e-06
76.93253486454405,0.037094986755874665,0.035842831178693565,0.037094451090022074,0.0012521555771810994,5.356658525912383e-07,0.038718608258083036,0.03710058489223457,0.0016236215022083708,5.598136359905026e-06
77.68594256341196,0.03598307074893734,0.034716597976832644,0.03598249733609724,0.0012664727721046973,5.734128400991523e-07,0.03761094775702826,0.035988528409829815,0.0016278770080909166,5.457660892473071e-06
78.44672845619645,0.034857616507160356,0.03357673636344205,0.034857003815818376,0.0012808801437183062,6.126913419807201e-07,0.036489590053936136,0.03486293552903852,0.0016319735467757793,5.319021878162633e-06
79.21496479825849,0.03371857402070857,0.03242319752446226,0.03371792046892889,0.0012953764962463088,6.535517796807389e-07,0.03535448656437823,0.03372375636170764,0.0016359125436696612,5.182340999068669e-06
79.99072455256321,0.0325658938200204,0.03125593324520436,0.03256519777348511,0.001309960574816034,6.960465352839895e-07,0.0342055892207606,0.03257094153629772,0.0016396954007402015,5.047716277323255e-06
80.77408139660903,0.03139952698348552,0.030074895919957875,0.03139878675400083,0.0013246310635276447,7.402294846872715e-07,0.033042850483002435,0.03140444220872026,0.001643323499516916,4.915225234741749e-06
81.56510972942476,0.03021942514565541,0.028880038561637376,0.030218638989604127,0.0013393865840180333,7.861560512821553e-07,0.031866223349030894,0.030224210072984474,0.0016467982033754845,4.784927329064964e-06
82.36388467863662,0.0290255405054639,0.027671314811466927,0.02902470662220509,0.0013542256939969716,8.338832588085376e-07,0.03067566136509876,0.02903019737166058,0.0016501208596348613,4.656866196682541e-06
83.1704821076023,0.027817825834464315,0.026448678948709243,0.027816942364681033,0.0013691468857550716,8.834697832818539e-07,0.029471118635938577,0.027822356906173674,0.0016532928014742626,4.531071709359263e-06
83.98497862261705,0.026596234485074838,0.02521208590043149,0.026595299509070566,0.0013841485846433493,9.349760042715038e-07,0.028252549834752325,0.026600642046927685,0.0016563153496774868,4.4075618528469085e-06
84.807451580189,0.025360720398838636,0.02396149125131451,0.02535973193478306,0.0013992291475241267,9.884640555755941e-07,0.027019910213050707,0.025365006743273563,0.0016591898142120712,4.286344434927675e-06
85.63797909438544,0.02411123811469786,0.02269685125350483,0.024110194116822373,0.0014143868611930302,1.0439978754862855e-06,0.025773155610348215,0.024115405533328582,0.0016619174956503564,4.167418630723202e-06
86.47664004425293,0.02284774277727709,0.02141812283650529,0.022846641134020372,0.0014296199407718008,1.101643256718604e-06,0.024512242463717256,0.022851793553649993,0.001664499686440165,4.050776372901965e-06
87.32351408130737,0.021570190145183826,0.02012526361711229,0.021569028677287678,0.001444926528071537,1.1614678961484326e-06,0.023237127817216034,0.021574126548778313,0.001666937672032208,3.9364035944872144e-06
88.17868163710017,0.0202785365993187,0.018818231909392368,0.020277313057874176,0.0014603046899263304,1.2235414445227466e-06,0.021947769331190428,0.02028236088065055,0.0016692327318717295,3.8242813318496716e-06
89.04222393085662,0.018972739151200742,0.017496986734703922,0.018971451215644433,0.00147575241649682,1.287935556308628e-06,0.020644125291462406,0.018976453537896322,0.0016713861402616638,3.7143866955802185e-06
89.91422297718916,0.017652755451307282,0.016161487831763827,0.01765140072736752,0.0014912676195434557,1.3547239397608546e-06,0.019326154618412018,0.01765636214502416,0.0016733991671047353,3.6066937168788282e-06
90.7947615938879,0.016318543797423903,0.014811695666754627,0.016317119815016507,0.0015068481306692756,1.4239824073954133e-06,0.017993816875955793,0.016322044971500926,0.0016752730785318908,3.5011740770231337e-06
91.68392340978481,0.014970063143012422,0.013447571443480619,0.014968567354085324,0.001522491699531803,1.495788927097924e-06,0.016647072280436742,0.014973460940739976,0.0016770091374243203,3.3977977275546217e-06
92.58179287269759,0.013607273105588368,0.012069077113564482,0.013605702881914544,0.0015381959920238858,1.5702236738236036e-06,0.015285881709424949,0.013610569638997106,0.0016786086038365813,3.296533408738908e-06
93.48845525744952,0.012230133975116167,0.010676175386692938,0.012228486606033803,0.0015539585884232297,1.6473690823640835e-06,0.013910206710444207,0.012233331324190086,0.0016800727353280392,3.197349073918998e-06
94.40399667396782,0.010838606722417371,0.009268829740907189,0.01083687941251636,0.0015697769815101823,1.7273099010110815e-06,0.012520009509627518,0.010841706934644634,0.0016814027872101463,3.1002122272624777e-06
95.32850407546333,0.009432653007590625,0.007847004432936863,0.009430842874344066,0.0015856485746537623,1.8101332465592784e-06,0.01111525302030747,0.009435658097773168,0.0016826000127168443,3.005090182542358e-06
96.26206526668719,0.008012235188451075,0.006410664508585604,0.008010339259790366,0.0016015706798654713,1.8959286607091175e-06,0.009695900851556452,0.008015147138701417,0.001683665663105377,2.911950250341494e-06
97.20476891227148,0.006577316328979122,0.00495977581315853,0.006575331540811173,0.0016175405158205926,1.9847881679493223e-06,0.008261917316674253,0.006580137088840594,0.001684600987695131,2.820759861472087e-06
98.15670454514957,0.0051278602077872056,0.0034943050019402354,0.0051257834014518016,0.0016335552058469702,2.07680633540399e-06,0.0068132674416387495,0.0051305916944209915,0.001685407233851544,2.7314866337859595e-06
99.11796257505883,0.0036638313266013573,0.0020142195507207683,0.0036616592462669234,0.001649611775880589,2.1720803344339214e-06,0.005349916973524129,0.0036664754249916007,0.0016860856469227718,2.6440983902434323e-06
100.08863429712868,0.002185193680687842,0.0005194877663663478,0.002182924208749921,0.001665705914321494,2.2694719379206564e-06,0.003871832388890706,0.0021877534818899483,0.0016866387082028643,2.559801202106464e-06
101.06881190054966,0.0006919157186942792,-0.000989921202555812,0.0006895441597804213,0.001681836921250091,2.371558913857939e-06,0.0023789809021625475,0.0006943918066984907,0.0016870651834682683,2.476088004211511e-06
102.05858847733056,-0.0008160370761498419,-0.002514037355108926,-0.0008185142839206898,0.001698000278959084,2.4772077708479136e-06,0.0008713304745365447,-0.000813642909767543,0.0016873675506863866,2.394166382298853e-06
103.05805803113913,-0.002338697222092599,-0.004052889827266019,-0.0023412837513210466,0.0017141926051734203,2.586529228447692e-06,-0.0006511501746345858,-0.0023363832159943652,0.001687547047458013,2.3140060982336855e-06
104.06731548622942,-0.0038760964779976062,-0.005606506881137972,-0.0038787961085925285,0.001730410403140366,2.699630594922304e-06,-0.002188491569214945,-0.0038738609010869358,0.0016876049087826612,2.2355769106704483e-06
105.08645669645868,-0.005428265829994385,-0.0071749158941557456,-0.005431082450618889,0.0017466500641613609,2.8166206245041486e-06,-0.003740723462305008,-0.005426106980701648,0.0016875423676893766,2.1588492927363326e-06
106.11557845438932,-0.006995235481223283,-0.008758143348196634,-0.00699817309248571,0.001762907866973351,2.937611262426691e-06,-0.005307874826360737,-0.006993151687088455,0.0016873606548625459,2.0837941348281555e-06
107.15477850048326,-0.008577034843611718,-0.010356214818664692,-0.008580097560963217,0.0017791799750529746,3.062717351499239e-06,-0.006889973845050906,-0.008575024460875715,0.001687060998560812,2.0103827360028192e-06
108.20415553238412,-0.010173692529622198,-0.011969154963515465,-0.010176884585972637,0.0017954624338932662,3.1920563504390237e-06,-0.008487047905084718,-0.010171753942826146,0.00168664462453748,1.9385867960526604e-06
109.26380921429042,-0.011785236343980347,-0.013596987512229935,-0.011788562092041531,0.0018117511682495882,3.3257480611843804e-06,-0.010099123588017919,-0.011783367965572078,0.001686112755962428,1.8683784082686172e-06
110.33384018642232,-0.013411693275386119,-0.015239735254738299,-0.013415157189749106,0.00182804197935218,3.463914362986792e-06,-0.01172622666204062,-0.013409893545333233,0.0016854666133454994,1.7997300528864446e-06
111.41435007457939,-0.015053089488207343,-0.01689742003028905,-0.015056696167157607,0.0018443305420817058,3.606678950263814e-06,-0.013368382073746061,-0.015051356873616244,0.0016847074144612818,1.7326145910993157e-06
112.5054414997917,-0.01670945031415846,-0.01857006271626349,-0.016713204481230384,0.001860612402105031,3.754167071923914e-06,-0.015025613939883187,-0.016707783308898817,0.0016838363742752733,1.6670052596437501e-06
113.60721808806784,-0.018380800243973122,-0.02025768321694128,-0.018384706749242644,0.0018768829729681573,3.906505269522104e-06,-0.01669794553910182,-0.018379197368307308,0.0016828547048713012,1.6028756658140186e-06
114.71978448023494,-0.020067162919063568,-0.021960300452206438,-0.020071226740175047,0.0018931375331428697,4.0638211114794875e-06,-0.018385399303683263,-0.020065622719280588,0.001681763615380305,1.5401997829796177e-06
115.84324634187846,-0.021768561123180152,-0.02367793234620473,-0.021772787366101345,0.001909371223024578,4.226242921193113e-06,-0.020087996811269923,-0.02176708217123368,0.0016805643119102293,1.47895194647224e-06
116.97771037337709,-0.023485016774063797,-0.025410595815941548,-0.02348941067355982,0.0019255790418777514,4.393899496024645e-06,-0.021805758776586654,-0.023483597667214015,0.0016792579974771425,1.4191068497815262e-06
118.12328432003589,-0.025216550915100108,-0.02715830675982614,-0.025221117834914975,0.001941755844726032,4.5669198148676204e-06,-0.023538705043162588,-0.025215190275558984,0.0016778458719375194,1.3606395411237815e-06
119.28007698232096,-0.026963183706978443,-0.02892108004616258,-0.026967929139710186,0.0019578963391841363,4.745432731743243e-06,-0.025286854575056975,-0.026961880181558293,0.0016763291319214675,1.3035254201494706e-06
120.44819822619087,-0.028724934419352824,-0.030698929501580884,-0.028729863986005456,0.0019739950822280604,4.929566652631806e-06,-0.027050225448585704,-0.02872368667911794,0.00167470897076712,1.2477402348831657e-06
121.62775899353277,-0.030501821422514105,-0.032491867899414946,-0.030506940871707355,0.0019900464769008405,5.119449193249914e-06,-0.028828834844058182,-0.030500628162435237,0.0016729865784559234,1.1932600788681913e-06
122.81887131269838,-0.03229386217907148,-0.03429990694802221,-0.03229917738588665,0.002006044768950728,5.31520681516795e-06,-0.030622699037522585,-0.032292722117683144,0.001671163141548894,1.140061388335556e-06
124.02164830914307,-0.0341010732356465,-0.03612305727904486,-0.03410659020008397,0.002021984043398359,5.5169644374714055e-06,-0.0324318333925228,-0.0340999851147071,0.0016692398431236988,1.0881209394006386e-06
125.23620421617166,-0.03592347021458758,-0.03796132843561799,-0.03592919505960939,0.002037858221030406,5.724845021808089e-06,-0.03425625235187496,-0.03592243279874227,0.0016672178627126222,1.0374158453119176e-06
126.46265438578568,-0.03776106780569696,-0.03981472886051295,-0.03776700677482485,0.0020536610548159903,5.938969127886051e-06,-0.03609596942945559,-0.03776007988214323,0.0016650983762413751,9.879235537343933e-07
127.70111529964063,-0.039613879757985644,-0.04168326588422897,-0.03962003921242287,0.0020693861262433277,6.1594544372226e-06,-0.03795099720201717,-0.03961294013614197,0.001662882555968477,9.396218436721893e-07
128.95170458010807,-0.04148191887144851,-0.043566945713021686,-0.04148830528669098,0.002085026841573176,6.3864152424694676e-06,-0.03982134730102303,-0.04148102638262593,0.0016605715704254773,8.924888225819716e-07
130.21454100144595,-0.043365196988867274,-0.045465773416873224,-0.04337181695076683,0.00210057642800595,6.61996189955244e-06,-0.041707030404509474,-0.04336435048594423,0.0016581665843578008,8.465029230422805e-07
131.48974450108096,-0.0452637249876448,-0.047379752917404566,-0.04527058518788532,0.0021160279297597687,6.860200240522973e-06,-0.04360805622897871,-0.04526292334474547,0.0016556687586660873,8.016428993257163e-07
132.7774361909975,-0.047177512771668324,-0.04930888697572437,-0.04718462000261263,0.002131374204056048,7.107230944304599e-06,-0.0455244335213201,-0.047176754883844686,0.001653079250348223,7.578878236380593e-07
134.077738369242,-0.049106569263211775,-0.0512531771802213,-0.049113930412074604,0.0021466079170095256,7.361148862829181e-06,-0.04745617005077007,-0.049105854046129736,0.001650399212441707,7.152170820381998e-07
135.3907745315375,-0.05105090239487345,-0.053212623934293296,-0.05105852443717353,0.0021617215394198475,7.622042300078902e-06,-0.04940327260090679,-0.05105022878450346,0.001647629793966661,6.736103699903073e-07
136.71666938301158,-0.05301051910155219,-0.05518722644401361,-0.053018409093793746,0.0021767073424614203,7.889992241556787e-06,-0.05136574696168312,-0.053009886053864724,0.0016447721398690704,6.330476874649715e-07
138.05554885004224,-0.05498542531247197,-0.05717698270574067,-0.0549935903840036,0.002191557393268699,8.165071531632262e-06,-0.05334359792150748,-0.054984831803138304,0.0016418273909644884,5.935093336656427e-07
139.40754009221553,-0.05697562594324577,-0.05918188949365915,-0.056984073287241914,0.0022062635504133815,8.447343996145773e-06,-0.055336829259363784,-0.056975070967344624,0.0016387966838819837,5.549759011444499e-07
140.77277151440433,-0.05898112488799431,-0.06120194234726514,-0.0589898617515021,0.0022208174592708296,8.73686350778835e-06,-0.05734544373698589,-0.05898060745972494,0.001635681151008421,5.174282693698462e-07
142.15137277896275,-0.061001925011510576,-0.06323713555878321,-0.06101095868450263,0.0022352105472726383,9.033672992056485e-06,-0.05936944309107773,-0.06100144416391278,0.0016324819204328461,4.808475977946536e-07
143.54347481803998,-0.06303802814147971,-0.06528746216052146,-0.06304736594485037,0.002249434019041749,9.337803370659814e-06,-0.06140882802558853,-0.06303758292616159,0.0016292001158911829,4.4521531812613535e-07
144.94920984601742,-0.06508943505886211,-0.0673529139121661,-0.06509908433319873,0.0022634788533039962,9.649274336623326e-06,-0.06346359820182448,-0.0650890245454088,0.001625836857037627,4.1051345331388767e-07
146.36871137206342,-0.06715614549086783,-0.06943348128800599,-0.06716611358339207,0.0022773357971381525,9.96809252423736e-06,-0.06553375223234459,-0.06715576876712404,0.0016223932585232442,3.7672374379738027e-07
147.80211421281538,-0.06923815810809311,-0.07152915346409933,-0.06924845235360871,0.0022909953560062146,1.0294245515601874e-05,-0.06761928767734884,-0.06923781427965271,0.001618870430744268,3.438284403994851e-07
149.2495545051829,-0.07133547051191595,-0.07363991830536976,-0.07134609821749051,0.002304447793453804,1.0627705574556279e-05,-0.06972020103228138,-0.07133515870177491,0.0016152694796345707,3.1181014104042504e-07
150.71116971927657,-0.0734480792268564,-0.0757657623526387,-0.07345904765526663,0.002317683125782302,1.096842841023793e-05,-0.07183648772031108,-0.0734477985751418,0.0016115915065453151,2.80651714590352e-07
152.18709867146615,-0.07557597969310567,-0.07790667080959585,-0.07558729604487367,0.0023306911164901745,1.1316351768000943e-05,-0.07396814208490833,-0.07557572935680916,0.0016078376081973406,2.5033629651172173e-07
153.67748153756216,-0.07771916625906859,-0.08006262752969599,-0.0777308376530611,0.0023434612706274005,1.1671393992510048e-05,-0.07611515738243393,-0.07771894541178373,0.0016040088766346577,2.2084728486249094e-07
155.1824598661313,-0.07987763217393692,-0.08223361500299657,-0.07988966562649698,0.002355982829059647,1.2033452560053504e-05,-0.07827752577475827,-0.07987744000560046,0.0016001063991786524,1.9216833646584774e-07
156.70217659193892,-0.08205136958028601,-0.08441961434292472,-0.08206377198286327,0.0023682447626387076,1.2402402577257887e-05,-0.08045523832190202,-0.08205120529692247,0.0015961312583839954,1.642833635379093e-07
158.23677604952334,-0.08424036950669866,-0.0866206052729748,-0.08425314760194233,0.002380235766276134,1.2778095243665133e-05,-0.0826482849747041,-0.08424023233016845,0.001592084531994567,1.371765302182748e-07
159.78640398690578,-0.08644462186042759,-0.08883656611334387,-0.08645778221670254,0.002391944252916278,1.3160356274952156e-05,-0.08485665456752653,-0.08644451102817811,0.0015879672929010602,1.1083224947527892e-07
161.35120757943187,-0.08866411542008873,-0.09106747376749431,-0.08867766440437304,0.0024033583474055847,1.3548984284308951e-05,-0.08708033481098978,-0.08866403018490884,0.0015837806090989448,8.523517988634488e-08
162.9313354437485,-0.09089883782839323,-0.09331330370864765,-0.09091278157751206,0.0024144658802544294,1.3943749118838777e-05,-0.08931931228474545,-0.09089877745817018,0.0015795255436477779,6.037022304283823e-08
164.526937651921,-0.09314877558492608,-0.0955740299662147,-0.09316311997507454,0.0024252543812886135,1.4344390148454678e-05,-0.09157357243029506,-0.09314873936240546,0.0015752031546310274,3.6222520621853604e-08
166.1381657456835,-0.09541391403896114,-0.0978496251121478,-0.0954286646534656,0.0024357110731866582,1.475061450445514e-05,-0.09384309954384444,-0.09541390126150959,0.0015708144951167013,1.277745155514598e-08
167.76517275083387,-0.09769423738233185,-0.10014006024723163,-0.09770939947759652,0.002445822864899777,1.5162095264670272e-05,-0.09612787676921274,-0.09769424736170207,0.0015663606131191138,9.979370219070915e-09
169.40811319176638,-0.09998972864234836,-0.102445304987299,-0.10000530711193066,0.0024555763449506385,1.55784695823058e-05,-0.09842788609078724,-0.0999897607044469,0.00156184255156111,3.206209854555997e-08
171.06714310614637,-0.10230036967476623,-0.10476532744937482,-0.10231636901152277,0.0024649577746085893,1.599933675654197e-05,-0.10074310832652919,-0.10230042315942382,0.0015572613482370407,5.348465759169585e-08
172.74242005973252,-0.10462614115681823,-0.10710009423775457,-0.10464256541305882,0.002473953080936342,1.64242562405853e-05,-0.1030735231210414,-0.10462621541756238,0.0015526180357768316,7.426074415117778e-08
174.43410316133867,-0.10696702258029792,-0.10944957043000433,-0.10698387532588367,0.002482547849706418,1.6852745585757556e-05,-0.10541910893868767,-0.1069671169841282,0.001547913641610249,9.440383028080923e-08
176.14235307794758,-0.1093229922447134,-0.11181371956289615,-0.10934027652303145,0.002490727318182756,1.7284278318055457e-05,-0.10777984305678118,-0.10932310617187921,0.001543149187932219,1.139271658123775e-07
177.86733204996924,-0.11169402725050045,-0.11419250361826487,-0.11171174553224458,0.0024984763677644156,1.771828174412793e-05,-0.11015570155883178,-0.11169416009428121,0.0015383256916686738,1.32843780753511e-07
179.60920390664845,-0.1140801034923061,-0.11658588300879424,-0.11409825762699072,0.0025057795164881436,1.8154134684617018e-05,-0.11254665932786305,-0.11408025465879419,0.0015334441644430513,1.5116648809099242e-07
181.36813408162692,-0.11648119565234699,-0.11899381656373335,-0.11649978681747838,0.0025126209113863623,1.8591165131393028e-05,-0.11495269003980368,-0.1164813645602334,0.0015285056125433072,1.689078864136606e-07
183.14428962865256,-0.11889727719383589,-0.12141626151453308,-0.11891630584166213,0.002518984320697193,1.9028647826241363e-05,-0.11737376615694614,-0.11889746327419858,0.0015235110368897464,1.8608036268796813e-07
184.93783923744766,-0.1213283203544933,-0.12385317348041572,-0.12134778615625073,0.002524853125922419,1.946580175743451e-05,-0.11980985892149024,-0.12132852305058857,0.0015184614330030627,2.026960952694612e-07
186.74895324972925,-0.12377429614013297,-0.12630450645386454,-0.12379419792770553,0.0025302103137315735,1.9901787572565444e-05,-0.12226093834915969,-0.12377451490718991,0.0015133577909732798,2.1876705694201526e-07
188.5778036753859,-0.12623517431833287,-0.12877021278603976,-0.1262555100232364,0.0025350384677068905,2.0335704903534646e-05,-0.12472697322290388,-0.12623540862335086,0.0015082010954289848,2.3430501799870385e-07
190.42456420881717,-0.1287109234121973,-0.13125024317212422,-0.12873169000179885,0.0025393197599269113,2.0766589601539653e-05,-0.12720793108669015,-0.12871117273374727,0.0015029923255071576,2.493215499610457e-07
192.28941024542692,-0.13120151069419933,-0.13374454663658497,-0.13122270410507872,0.002543035942385641,2.1193410879388752e-05,-0.12970377823937618,-0.13120177452222842,0.001497732454823153,2.638280290900852e-07
194.1725188982843,-0.1337069021801254,-0.13625307051836716,-0.13372851724848228,0.0025461683382417555,2.161506835687832e-05,-0.13221447972868353,-0.13370718001576531,0.0014924224514418771,2.778356399113502e-07
196.0740690149436,-0.136227062623109,-0.1387757604560068,-0.13624909301211813,0.0025486978328978227,2.2030389009136675e-05,-0.13473999934526065,-0.13622735397848892,0.0014870632778483384,2.913553799333002e-07
197.99424119442935,-0.13876195550776332,-0.14131256037266607,-0.1387843936317748,0.0025506048649027446,2.2438124011481264e-05,-0.13728029961684382,-0.13876225990582683,0.0014816558909195032,3.0439806350535115e-07
199.93321780439115,-0.14131154304429436,-0.14386341246109727,-0.14133437998990192,0.00255186941680291,2.2836945607562775e-05,-0.13983534180236096,-0.141311860018584,0.0014762012419334003,3.169742896491634e-07
201.89118299842093,-0.14387578616048707,-0.14642825716852023,-0.14389901160657873,0.002552471008033158,2.3225446091651447e-05,-0.14240508588394854,-0.14387611525494015,0.0014707002765385335,3.290944530776052e-07
203.86832273354565,-0.14645464450058926,-0.1490070331814305,-0.14647824663048886,0.0025523886808412333,2.360212989960253e-05,-0.14498949056603203,-0.14645498526949802,0.001465153934557234,3.407689087575605e-07
205.8648247878873,-0.14904807641799914,-0.15159967741032448,-0.14907204182988798,0.002551600992325348,2.396541188884327e-05,-0.14758851326777597,-0.14904842842571697,0.0014595631502231643,3.5200771783538976e-07
207.8808787784957,-0.15165603896850058,-0.15420612497434377,-0.1516803525835658,0.002550086005843194,2.4313615065219008e-05,-0.15020211011645843,-0.1516564017892691,0.0014539288520421523,3.628207685124618e-07
209.91667617936045,-0.15427848790498325,-0.156826309185847,-0.15430313287181333,0.0025478212808637546,2.4644966830078552e-05,-0.15283023594221387,-0.15427886112276115,0.0014482519627693757,3.732177779047774e-07
211.97241033959256,-0.1569153776722297,-0.15946016153489395,-0.15694033526737863,0.0025447838626642405,2.4957595148922262e-05,-0.15547284427284236,-0.15691576088052409,0.0014425333993873524,3.832082943744375e-07
214.04827650179067,-0.15956666140178907,-0.16210761167365767,-0.15959191092642852,0.0025409502718685972,2.5249524639447962e-05,-0.1581298873287044,-0.15956705420348827,0.001436774073084679,3.9280169919497787e-07
216.14447182058305,-0.1622322909069245,-0.16476858740074968,-0.16225780957950095,0.0025362964938251686,2.5518672576441137e-05,-0.16080131601768935,-0.16223269291413342,0.0014309748892351593,4.0200720891059305e-07
218.26119538135075,-0.16491221667764727,-0.16744301464546577,-0.16493797952245684,0.0025307979678184933,2.5762844809568142e-05,-0.16348707993026923,-0.1649126275115245,0.0014251367473780419,4.108338772235154e-07
220.3986482191389,-0.1676063878758412,-0.1701308174519549,-0.16763236760743339,0.002524429576113707,2.597973159218503e-05,-0.16618712733464272,-0.16760680716643817,0.0014192605411984804,4.19290596964661e-07
222.5570333377463,-0.17031475233046917,-0.17283191796329886,-0.1703409192337877,0.002517165632829693,2.6166903318525225e-05,-0.16890140517196048,-0.17031517971657176,0.0014133471585086876,4.2738610259163146e-07
224.7365557290088,-0.1730372565328815,-0.17554623640551828,-0.17306357833904631,0.0025089798726367907,2.6321806164825157e-05,-0.1716298590516515,-0.17303769166185323,0.0014073974812299772,4.3512897174302623e-07
226.93742239226702,-0.17577384563221185,-0.17827369107148908,-0.17580028738984504,0.0024998454392772262,2.644175763319434e-05,-0.17437243324683677,-0.17577428815983956,0.0014014123853750837,4.425276277086887e-07
229.15984235402456,-0.17852446343087422,-0.18101419830477766,-0.17855098737286842,0.002489734873903443,2.652394199420538e-05,-0.17712907068984282,-0.17852491302121568,0.0013953927410313982,4.495903414558633e-07
231.40402668780303,-0.1812890523801655,-0.18376767248339795,-0.18131561778579114,0.002478620103232465,2.656540562565035e-05,-0.1798997129678209,-0.18128950870539895,0.0013893394123445924,4.5632523346106346e-07
233.67018853418733,-0.18406755357596544,-0.1865340260034774,-0.18409411662821032,0.0024664724275119676,2.6563052244882313e-05,-0.18268430031846242,-0.18406801631624145,0.0013832532575030199,4.627402760137844e-07
235.95854312106715,-0.18685990675454664,-0.18931316926284192,-0.18688642039257758,0.0024532625082952786,2.6513638030939424e-05,-0.1854827716258241,-0.18686037559784194,0.0013771351287225342,4.6884329529817137e-07
238.26930778408143,-0.18966605028849745,-0.19210501064451896,-0.18969246405513135,0.002438960356021508,2.641376663389816e-05,-0.18829506441626553,-0.18966652493047084,0.0013709858722319168,4.746419733914209e-07
240.60270198725598,-0.19248592118275237,-0.19490945650015054,-0.19251218106682144,0.0024235353173981677,2.625988406906865e-05,-0.1911211148544931,-0.1924864013266025,0.001364806328259277,4.801438501234045e-07
242.95894734385035,-0.19531945507074294,-0.19772641113332542,-0.19534550334423453,0.0024069560625824826,2.6048273491591223e-05,-0.19396085773972455,-0.1953199404270684,0.0013585973310183963,4.853563254636484e-07
245.33826763740404,-0.19816658621066474,-0.20055577678282288,-0.19819236126051468,0.0023891905721581397,2.5775049849935394e-05,-0.19681422650196875,-0.19816707649732612,0.0013523597086959882,4.902866613809564e-07
247.74088884298868,-0.20102724748186473,-0.20339745360576897,-0.20105268363627882,0.002370206123904234,2.5436154414082424e-05,-0.19968115319842514,-0.20102774242384866,0.0013460942834395973,4.94941983925079e-07
250.16703914867352,-0.20390137038135966,-0.20625133966071335,-0.2039263977305362,0.0023499692793536864,2.502734917653182e-05,-0.20256156851001364,-0.20390186971064472,0.0013398018713460247,4.993292850585807e-07
252.61694897719346,-0.20678888502047132,-0.20911733089060766,-0.20681342923159243,0.0023284458701363364,2.454421112110805e-05,-0.20545540173802143,-0.2067893884758964,0.0013334832824498932,5.03455425071575e-07
255.09085100783682,-0.20968972012160264,-0.21199532110570768,-0.20971370224796163,0.0023056009841050384,2.3982126358984557e-05,-0.2083625808008892,-0.2096902274487369,0.001327139320713433,5.073271342470598e-07
257.58898019854263,-0.21260380301514128,-0.2148852019663819,-0.21262713929926788,0.002281398951240604,2.3336284126596052e-05,-0.21128303223112505,-0.21260431396615642,0.0013207707840162397,5.109510151368735e-07
260.1115738082139,-0.2155310596364975,-0.21778686296582986,-0.21555366130714126,0.0022558033293323676,2.260167064377372e-05,-0.2142166811723515,-0.21553157397004175,0.0013143784641460043,5.143335442547858e-07
262.6588714192551,-0.21847141452328814,-0.2207001914127192,-0.2184931875861159,0.002228776889431072,2.177306282777347e-05,-0.21716345137649898,-0.21847193200436285,0.0013079631467891595,5.174810747132774e-07
265.23111496032186,-0.22142479081265387,-0.223625072413725,-0.22144563583451513,0.0022002816010711357,2.0845021861254365e-05,-0.22012326520113096,-0.22142531121249137,0.0013015256115229135,5.203998375002961e-07
267.8285487293022,-0.22439111023873004,-0.22656138885598814,-0.22441092212533972,0.0021702786172581034,1.9811886609683027e-05,-0.22309604360692314,-0.2243916333346741,0.001295066631806896,5.230959440605254e-07
270.45141941651667,-0.2273702931302576,-0.22950902138947737,-0.22738896089714414,0.002138728259219763,1.8667766886526493e-05,-0.22608170615528161,-0.2273708187056458,0.001288586974975997,5.255753881827641e-07
273.0999761281461,-0.23036225840834681,-0.23246784840926174,-0.23037966494490744,0.0021055900009149253,1.740653656062685e-05,-0.2290801710061135,-0.2303627862523949,0.0012820874022333173,5.278440480815938e-07
275.77447040989443,-0.23336692358341535,-0.2354377460376985,-0.2333829454109049,0.002070822454283139,1.6021827489554052e-05,-0.2320913549147796,-0.2333674534911177,0.0012755686686357348,5.299077023568355e-07
278.47515627087455,-0.23638420475428354,-0.23841858810652033,-0.23639871177556188,0.002034383352236796,1.450702127833714e-05,-0.23511517323117437,-0.23638473652628375,0.0012690315231091709,5.317720002118165e-07
281.20229020773655,-0.23941401660671155,-0.24141024613884096,-0.2394268718483119,0.001996229532129412,1.2855241600356893e-05,-0.23815153989826815,-0.239414550049174,0.0012624767084433997,5.334424624525713e-07
283.956131229027,-0.24245627241064918,-0.24441258933106155,-0.24246733175843926,0.001956316920412371,1.1059347790082219e-05,-0.24120036744937715,-0.24245680733515662,0.0012559049612720363,5.34924507439305e-07
286.7369408797862,-0.24551088401870175,-0.2474254845346859,-0.2455199959459143,0.0019146005159841606,9.11192721256282e-06,-0.2442615670066324,-0.24551142024215267,0.0012493170120693453,5.362234509198593e-07
289.5449832663925,-0.24857776186474176,-0.2504487962380492,-0.24858476715222713,0.001871034373307462,7.005287485373213e-06,-0.24733504827959366,-0.24857829920924793,0.001242713585148103,5.373445061684912e-07
292.38052508164094,-0.25165681496265213,-0.25348238654794303,-0.2516615464112009,0.0018255715852908971,4.731448548789263e-06,-0.25042071956399503,-0.25165735325543676,0.0012360953986571,5.382927846242502e-07
295.24383563007666,-0.2547479509052248,-0.25652611517115753,-0.25475023303980615,0.0017781642659327468,2.2821345813661686e-06,-0.253518487740645,-0.2547484899785212,0.0012294631645797804,5.390732963905798e-07
298.1351868535699,-0.25785107586319883,-0.25957983939592305,-0.25785072462895825,0.0017287635327242201,3.512342405809221e-07,-0.25662825827446645,-0.25785161555415026,0.0012228175887323833,5.396909514288062e-07
301.05485335714195,-0.2609660945844473,-0.26264341407325703,-0.2609629170343035,0.0016773194888097254,3.1775501437847353e-06,-0.259749935213684,-0.2609666347350075,0.0012161593707633034,5.401505601687617e-07
304.00311243504996,-0.2640929103933224,-0.2657166915982232,-0.2640867043670004,0.0016237812049008093,6.206026322008729e-06,-0.26288342118916985,-0.2640934508501571,0.0012094892041525362,5.404568347300298e-07
306.98024409711775,-0.26723142519014126,-0.2687995218910852,-0.26722197898447747,0.0015680967009439328,9.446205663787843e-06,-0.2660286174139304,-0.26723196580453196,0.0012028077762108458,5.406143906983019e-07
309.98653109533427,-0.2703815394508393,-0.27189175237837404,-0.27036863148118834,0.0015102129275347265,1.290796965097707e-05,-0.26918542368275844,-0.27038208007858705,0.0011961157680808743,5.40627747736e-07
313.02225895070563,-0.2735431522267739,-0.2749932279738559,-0.273526550679348,0.0014500757470820025,1.6601547425887375e-05,-0.2723537383720368,-0.27354369272810564,0.001189413854737087,5.405013317472118e-07
316.0877159803709,-0.27671616114468595,-0.27810379105939914,-0.2766956236196504,0.0013876299147131954,2.0537525035557724e-05,-0.27553345843969873,-0.27671670138416177,0.0011827027049872152,5.402394758213802e-07
319.1831933249889,-0.2799004624068307,-0.28122328146575437,-0.2798757355519791,0.0013228190589236744,2.472685485160886e-05,-0.27872447942535733,-0.2799010022532528,0.0011759829814733669,5.398464221206822e-07
322.3089849763844,-0.2830959507912623,-0.2843515364532263,-0.2830667699260918,0.0012555856619639871,2.918086517050833e-05,-0.2819266954505883,-0.2830964901175863,0.0011692553406740247,5.39326323989453e-07
325.46538780547434,-0.28630251965229553,-0.2874883906922586,-0.2862686083822959,0.0011858710399630934,3.3911269999631344e-05,-0.2851399992193887,-0.2863030583355416,0.0011625204329068217,5.38683246065208e-07
328.65270159046094,-0.28952006092112464,-0.2906336762439124,-0.28948113074209786,0.0011136153227877532,3.893017902678597e-05,-0.2883642820187939,-0.2895205988422924,0.0011557789023307619,5.379211677758455e-07
331.87122904530116,-0.29274846510661773,-0.2937872225402483,-0.29270421499883487,0.0010387574336305772,4.425010778286165e-05,-0.2915994337196679,-0.2927490021506014,0.001149031386949828,5.370439836727137e-07
335.1212758484608,-0.295987621296285,-0.2969488563646143,-0.2959377373082893,0.0009612350683293469,4.9883987995658075e-05,-0.29484534277766866,-0.2959881573517907,0.0011422785186163131,5.360555057065675e-07
338.4031506719444,-0.2992374171574193,-0.30011840183183025,-0.29918157197927775,0.0008809846744109451,5.5845178141555873e-05,-0.29810189623438355,-0.29923795211688325,0.00113552092303576,5.349594639492139e-07
341.71716521060864,-0.3024977389384095,-0.3032956803682692,-0.3024355914642127,0.0007979414298597276,6.214747419674982e-05,-0.3013689797186387,-0.3024982726979187,0.0011287592197707919,5.33759509202536e-07
345.06363421177105,-0.30576847147024133,-0.30648051069184945,-0.3056996663496503,0.0007120392216081184,6.880512059104227e-05,-0.30464647744799467,-0.305769003929455,0.001121994022246664,5.324592136646267e-07
348.4428755050967,-0.3090494981681697,-0.30967270879191267,-0.3089736653467988,0.0006232106237429869,7.583282137085812e-05,-0.30793427223041225,-0.3090500292302416,0.0011152259377574247,5.310620719289894e-07
351.85521003278944,-0.3123407010335827,-0.3128720879090147,-0.31225745528201354,0.0005313868754320272,8.324575156914982e-05,-0.31123224546611195,-0.31234123060508623,0.0011084555674707453,5.29571503538051e-07
355.3009618800708,-0.31564196065604394,-0.3160784585146041,-0.31555090108725065,0.00043649785856014756,9.105956879329469e-05,-0.31454027714960797,-0.3156424886468968,0.0011016835064359687,5.2799085287214e-07
358.7804583059579,-0.31895315621552395,-0.31929162829060287,-0.3188538657904967,0.00033847207507892163,9.929042502726526e-05,-0.31785824587193334,-0.31895368253891426,0.001094910343590605,5.263233903152198e-07
362.29402977434967,-0.322274165484825,-0.3225114021088893,-0.32216621050616806,0.00023723662406427426,0.00010795497865695447,-0.3211860288230571,-0.32227469005713916,0.0010881366617679356,5.245723141422687e-07
365.8420099854069,-0.32560486483219186,-0.3257375820106706,-0.3254877944254715,0.0001327171784787362,0.0001170704067203765,-0.3245235017944861,-0.3256053875729415,0.0010813630377057848,5.22740749631101e-07
369.4247359072502,-0.3289451292241202,-0.32896996718575944,-0.3288184748067342,2.483796163921248e-05,0.00012665441738601846,-0.3278705391820657,-0.32894565005587173,0.001074590042054513,5.208317515048577e-07
373.0425478079613,-0.3322948322283602,-0.3322083539517431,-0.3321581069656944,8.647827661711904e-05,0.00013672526266578222,-0.33122701398897286,-0.3322953510766625,0.0010678182393873414,5.188483023221835e-07
376.6957892878978,-0.33565384601842546,-0.33545253573304834,-0.3355065442657517,0.00020131028537712092,0.00014730175267374523,-0.3345927978301852,-0.33565436281171906,0.0010610481882402656,5.167932936034347e-07
380.38480731233153,-0.3390220413745921,-0.33870230303990867,-0.3388636381081838,0.00031973833468340596,0.00015840326640825797,-0.337967760933696,-0.33902255604433046,0.0010542804408960604,5.14669738382878e-07
384.1099522443956,-0.342399287686246,-0.3419574434472162,-0.34222923792230936,0.0004418442390298205,0.00017004976393664162,-0.3413517721424491,-0.34239980016660293,0.0010475155437968953,5.124803569289682e-07
387.8715778783649,-0.34578545295833674,-0.3452177415732798,-0.34560319115561805,0.0005677113850569571,0.0001822618027186862,-0.3447446989210016,-0.3457859631861551,0.001040754037335112,5.1022781838439e-07
391.670041473256,-0.3491804038152034,-0.3484829790584701,-0.34898534326384506,0.0006974247567332892,0.00019506055135831701,-0.34814640735934665,-0.34918091172995175,0.0010339964558567227,5.079147483710855e-07
395.50570378675474,-0.3525840055046056,-0.35175293454376133,-0.35237553770100005,0.0008310709608442823,0.00020846780360556094,-0.3515567621769299,-0.3525845110483311,0.001027243327675731,5.055437254930517e-07
399.3789291094849,-0.3559961219019736,-0.3550273836491688,-0.3557736159093469,0.0009687382528048016,0.00022250599262668702,-0.3549756267268853,-0.35599662501925294,0.0010204951750882874,5.03117279337939e-07
403.2900852995999,-0.3594166155148669,-0.358306098952075,-0.35917941730932396,0.00111051656279193,0.00023719820554296556,-0.3584028630004796,-0.35941711615275534,0.001013752514387345,5.006378884231388e-07
407.23954381772603,-0.362845347487657,-0.36158884996545476,-0.3625927792894158,0.001256497522202249,0.0002525681982412098,-0.36183833163177986,-0.36284584559563465,0.001007015855877147,4.981079776422703e-07
411.2276797622391,-0.3662821776064203,-0.36487540311599,-0.366013537195962,0.001406774490430307,0.00026864041045826514,-0.36528189190253324,-0.3662826731363389,0.0010002857038870494,4.955299185982476e-07
415.25487190488667,-0.36972696430404534,-0.368165521722072,-0.3694415243229017,0.0015614425819733269,0.00028543998114360924,-0.3687334017472584,-0.3697274572100727,0.0009935625567869533,4.929060273828334e-07
419.32150272676796,-0.3731795646655645,-0.37145896597170697,-0.3728765719014645,0.0017205986938575446,0.0003029927641000074,-0.3721927177585632,-0.3731800549041295,0.000986846907001293,4.902385649652174e-07
423.42795845465275,-0.3766398344336906,-0.37475549290029947,-0.3763185090897818,0.0018843415333911206,0.00032132534390877376,-0.37565969519266706,-0.37664032196342784,0.0009801392410235255,4.875297372475274e-07
427.5746290976693,-0.3801076280145825,-0.3780548563683393,-0.37976716296244195,0.002052771646243179,0.00034046505214052614,-0.37913418797515064,-0.3801081127962767,0.0009734400394318388,4.847816942321614e-07
431.7619084843427,-0.38358279848381627,-0.3813568070389697,-0.38322235849996206,0.0022259914448465867,0.0003604399838542105,-0.3826160487069133,-0.383583280480348,0.0009667497769029754,4.819965317426345e-07
435.99019429999595,-0.38706519759257707,-0.38466109235544793,-0.3866839185781878,0.0024041052371291394,0.0003812790143892797,-0.386105128670349,-0.3870656767688684,0.0009600689222280523,4.791762913125552e-07
440.2598881245261,-0.39055467577407427,-0.3879674565185021,-0.3901516639576212,0.0025872192555721485,0.0004030118164530805,-0.38960127783574666,-0.39055515209703545,0.0009533979383276048,4.763229611848274e-07
444.57139547053725,-0.39405108215016016,-0.39127564046356506,-0.39362541327265294,0.0027754416865951037,0.0004256688775072237,-0.39310434486789314,-0.3940515555886379,0.0009467372822670184,4.734384777549394e-07
448.92512582185987,-0.3975542645381801,-0.3945853818379099,-0.3971049830207231,0.002968882700270181,0.00044928151745698974,-0.396614177132908,-0.39755473506290595,0.0009400874052721275,4.705247258485201e-07
453.3214926724389,-0.4010640694580312,-0.397896414977666,-0.4005901875513848,0.003167654480365212,0.0004738819066463784,-0.400130620705286,-0.40106453704157236,0.0009334487527452029,4.675835411638296e-07
457.76091356560266,-0.40458034213943866,-0.4012084708847232,-0.40408083905527503,0.0033718712547154417,0.0004995030841636328,-0.40365352037515734,-0.40458080675614916,0.000926821764281327,4.646167104938037e-07
462.2438101337238,-0.4081029265294576,-0.40452127720353126,-0.40757674755299733,0.0035816493259263615,0.0005261789764602898,-0.4071827196557732,-0.40810338815543146,0.0009202068736844371,4.6162597383547777e-07
466.7706081382616,-0.41163166530018336,-0.4078345581977767,-0.41107772088389466,0.0037971071024066605,0.0005539444162886986,-0.410718060791199,-0.41163212391320875,0.000913604508984367,4.5861302538918736e-07
471.3417375101951,-0.4151663998566828,-0.4111480347269509,-0.4145835646947215,0.004018365129731916,0.0005828351619612815,-0.41425938476422897,-0.4151668554361977,0.0009070150924538334,4.555795148908359e-07
475.9576323908627,-0.4187069703451504,-0.4144614242228101,-0.41809408242821516,0.0042455461223402935,0.0006128879169352563,-0.4178065313045247,-0.41870742287219986,0.0009004390406257001,4.5252704944376276e-07
480.6187311731866,-0.42225321566127016,-0.4177744406657089,-0.4216090753115402,0.004478774995561263,0.0006441403497299825,-0.421359338896959,-0.42225366511846424,0.0008938767643111856,4.4945719407385454e-07
485.3254765433158,-0.4258049734588086,-0.4210867945608327,-0.4251283423446309,0.004718178897975878,0.0006766311141776504,-0.4249176447901914,-0.425805419830282,0.0008873286686171822,4.463714733948798e-07
490.07831552266754,-0.4293620801584183,-0.4243981929143068,-0.42865168028840395,0.004963887244111509,0.0007103998700143666,-0.4284812850054527,-0.42936252342979075,0.0008807951529656299,4.4327137244115633e-07
494.87769951037956,-0.43292437095666264,-0.42770833920919277,-0.4321788836528462,0.005216031747469874,0.0007454873038164611,-0.43205009434555053,-0.43292481111499986,0.0008742766111121125,4.401583372226625e-07
499.7240843261887,-0.4364916798352615,-0.4310169333813713,-0.43570974468497614,0.005474746453890178,0.0007819351502853511,-0.43562390640409626,-0.4364921168690377,0.0008677734311652308,4.3703377622383854e-07
504.6179302537142,-0.4400638395705508,-0.43432367179530446,-0.4392440533566637,0.00574016777524633,0.0008197862138870637,-0.4392025535749445,-0.44006427346961113,0.000861285995606309,4.3389906034807524e-07
509.55970208418,-0.443640681743169,-0.437628247219687,-0.442781597352316,0.006012434523481991,0.0008590843908530266,-0.44278586706185885,-0.443641112498692,0.0008548146813101565,4.3075552297322517e-07
514.5498691605552,-0.44722203674795796,-0.44093034880297854,-0.4463221620564142,0.006291687944979418,0.0008998746915437894,-0.4463736768883924,-0.4472224643524189,0.0008483598595655506,4.276044609508034e-07
519.5889054221265,-0.45080773380408057,-0.4442296620488141,-0.44986553054089523,0.006578071755266479,0.0009422032631853372,-0.4499658119079838,-0.4508081582512136,0.0008419218960967756,4.2444713305167525e-07
524.6772894495176,-0.4543976009656159,-0.4475258687913069,-0.4534114835523876,0.006871732174308975,0.0009861174132282935,-0.4535620998143756,-0.45439802225022174,0.0008355011512402588,4.212846058671005e-07
529.8155045101341,-0.4579914651439069,-0.45081864717022224,-0.456959799499272,0.007172817973684631,0.0010316656446348604,-0.4571623671636576,-0.4579918832614021,0.0008290979802492715,4.1811749523779085e-07
535.0040386040689,-0.4615891520934905,-0.45410767160604265,-0.46051025443858634,0.007481480487447845,0.001078897654904154,-0.46076643936255945,-0.46158956704179377,0.0008227127309310411,4.1494830327337695e-07
540.2433845104466,-0.46519048642907107,-0.45739261277490734,-0.4640626220627471,0.007797873654163734,0.0011278643663239496,-0.46437414068188504,-0.46519089820697923,0.0008163457471860314,4.1177790816027127e-07
545.5340398342219,-0.46879529164680733,-0.4606731375834337,-0.46761667368609366,0.008122154063373632,0.0011786179607136682,-0.4679852942793998,-0.4687957002540175,0.0008099973674075556,4.0860721017832446e-07
550.8765070534466,-0.47240339013528576,-0.46394890914342385,-0.47117217823124896,0.008454480991861912,0.0012312119040367997,-0.4715997222107743,-0.4724037955724102,0.0008036679245114753,4.054371244288646e-07
556.2712935669845,-0.47601460318678573,-0.4672195867464431,-0.4747289022152806,0.00879501644034264,0.0012857009715051548,-0.47521724544082,-0.4760150054553591,0.0007973577459657322,4.0226857334069166e-07
561.718911742708,-0.4796287510088516,-0.47048482583828727,-0.4782866097356701,0.009143925170564338,0.0013421412731814963,-0.47883768385503295,-0.4796291501113314,0.0007910671538186587,3.991024797866949e-07
567.2198789661575,-0.4832456527361477,-0.47374427799332075,-0.4818450624560676,0.009501374742826973,0.0014005902800801051,-0.48246085627142105,-0.4832460486759105,0.0007847964647266781,3.959397627539829e-07
572.7747176896762,-0.4868651264426068,-0.4769975908886967,-0.4854040195918354,0.009867535553910123,0.001461106850771443,-0.48608658045262193,-0.48686551922393756,0.0007785459899848912,3.9278133073805677e-07
578.3839554820378,-0.4904869891538668,-0.48024440827845943,-0.4889632378953744,0.010242580875407359,0.0015237512584924118,-0.48971467311831496,-0.49048737878194626,0.0007723160355518344,3.8962807946685274e-07
584.0481250785431,-0.4941110568599785,-0.48348436996751565,-0.4925224716412122,0.010626686892462878,0.001588585218766314,-0.49334494995789885,-0.49411144334086476,0.0007661069020796774,3.864808862386049e-07
589.7677644316243,-0.4977371445284015,-0.4867171117854929,-0.4960814726108655,0.011020032742908636,0.0016556719175360168,-0.4969772256434617,-0.49773752786901015,0.0007599188849398142,3.8334060864508857e-07
595.5434167619334,-0.5013650661172654,-0.4899422655604692,-0.49963999007745064,0.011422800556796175,0.0017250760398147547,-0.5006113138430143,-0.5013654463253463,0.0007537522742511182,3.802080809078845e-07
601.3756306099308,-0.5049946345889015,-0.49315945909257963,-0.5031977707900424,0.011835175496321848,0.0017968637988591274,-0.5042470272339954,-0.5049950116730142,0.000747607354906088,3.770841127126445e-07
607.264959887991,-0.5086256619236434,-0.4963683161275029,-0.5067545589577751,0.012257345796140573,0.0018711029658683431,-0.5078841775170451,-0.5086260358931305,0.0007414844065983806,3.739694870441568e-07
613.2119639330011,-0.512257959133882,-0.4995684563298182,-0.5103100962336692,0.012689502804063724,0.00194786290021276,-0.5115225754300332,-0.5122583299988416,0.0007353837038487354,3.708649596312341e-07
619.2172075594912,-0.5158913362783848,-0.5027594952562434,-0.5138641216981841,0.013131841022141377,0.00202721458020072,-0.5151620307623528,-0.5158917040496429,0.0007293055160320083,3.6777125811404687e-07
625.2812611132745,-0.5195256024768657,-0.5059410443287458,-0.5174163718424815,0.013584558148119985,0.002109230634384285,-0.5188023523694626,-0.519525967165947,0.0007232501074031505,3.6468908126696675e-07
631.4047005256119,-0.5231605659247985,-0.509112710807523,-0.5209665805513867,0.014047855117275576,0.0021939853734118664,-0.5224433481876747,-0.5231609275438988,0.0007172177371238542,3.6161910021981214e-07
637.5881073679193,-0.526796033908488,-0.5122740977638682,-0.5245144790860544,0.014521936144619718,0.002281554822433529,-0.5260848252491993,-0.5267963924704453,0.0007112086592886424,3.585619573476251e-07
643.8320689069923,-0.5304318128203688,-0.5154248040528977,-0.5280597960663045,0.015007008767471075,0.002372016754064288,-0.5297265896974175,-0.5304321683386364,0.0007052231229512929,3.555182676029389e-07
650.1371781607903,-0.5340677081745546,-0.5185644242861627,-0.5316022574526454,0.01550328388839195,0.0024654507219091792,-0.5333684468024038,-0.5340680606631736,0.0006992613721508167,3.524886189598675e-07
656.5040339547547,-0.5377035246226105,-0.5216925488041256,-0.5351415865279486,0.016010975818484874,0.0025619380946618753,-0.5370102009766728,-0.5377038740961848,0.0006933236459376602,3.494735743014843e-07
662.933240978678,-0.5413390659695595,-0.5248087636485118,-0.5386775038787799,0.016530302321047685,0.0026615620907796123,-0.5406516557911587,-0.5413394124432299,0.0006874101784007935,3.464736704206217e-07
669.4254098441415,-0.5449741351901165,-0.5279126505345366,-0.5422097273763753,0.017061484655579884,0.00276440781374121,-0.5442926139914236,-0.5449744786795381,0.0006815211986929137,3.434894215725848e-07
675.9811571425049,-0.5486085344451419,-0.5310037868230014,-0.5457379721572447,0.017604747622140482,0.0028705622878971715,-0.5479328775140845,-0.5486088749664615,0.0006756569310574223,3.405213195861734e-07
682.6011055034618,-0.5522420650983092,-0.5340817454922571,-0.5492619506033891,0.018160319606052133,0.002980114494920083,-0.5515722475034542,-0.5522424026681446,0.0006698175948549601,3.3756983541799457e-07
689.2858836541836,-0.5558745277329965,-0.5371460951100484,-0.5527813723221358,0.0187284326229481,0.0030931554108607484,-0.555210524328406,-0.5558748623684169,0.0006640034045904963,3.3463542037370786e-07
696.0361264790222,-0.5595057221693751,-0.5401963998052178,-0.5562959441255563,0.019309322364157278,0.003209778043818834,-0.5588475075994358,-0.5595060538878833,0.0006582145699393083,3.3171850821744897e-07
702.8524750798164,-0.5631354474817176,-0.5432322192392891,-0.5598053700094776,0.019903228242428517,0.0033300774722400117,-0.5624829961859431,-0.5631357763012336,0.0006524512957745143,3.2881951594898595e-07
709.7355768367773,-0.5667635020158968,-0.5462531085779148,-0.563309351132056,0.020510393437982,0.003454150883840712,-0.5661167882337023,-0.5667638279547415,0.0006467137821944968,3.259388446918976e-07
716.6860854699682,-0.5703896834070861,-0.5492586184621912,-0.5668075857919053,0.021131064944894917,0.0035820976151808015,-0.5697486811825362,-0.5703900064839683,0.0006410022245498803,3.230768822470864e-07
723.7046611014016,-0.5740137885976612,-0.5522482949798526,-0.5702997694057803,0.02176549361780855,0.0037140191918808574,-0.5733784717841897,-0.5740141088316645,0.0006353168134715093,3.202340033148232e-07
730.7919703177221,-0.5776356138552782,-0.55522167963632,-0.5737855944857728,0.02241393421895821,0.003850019369505353,-0.5770059561203802,-0.5776359312658483,0.0006296577348979815,3.174105701608809e-07
737.9486862335259,-0.5812549547911521,-0.5581783093256303,-0.5772647506160385,0.023076645465521795,0.003990204175113532,-0.5806309296210475,-0.5812552693980868,0.0006240251701046251,3.1460693472595835e-07
745.175488555285,-0.584871606378509,-0.5611177163012251,-0.5807369244290139,0.0237538900772839,0.004134681949495067,-0.5842531870827771,-0.5848719182019468,0.0006184192957319201,3.1182343784852407e-07
752.4730636458979,-0.5884853629712165,-0.5640394281466093,-0.5842017995811224,0.024445934824607107,0.004283563390094058,-0.5878725226874026,-0.5884856720316266,0.0006128402838138092,3.090604101529948e-07
759.8421045898865,-0.5920960183265126,-0.5669429677458809,-0.5876590567279566,0.025153050580631664,0.004436961598556,-0.5914887300240576,-0.5920963246440408,0.0006072883024550446,3.0631752823140346e-07
767.28331125921,-0.5957033656382321,-0.5698278532541166,-0.5911083734989033,0.025875512384115562,0.004594992139328791,-0.5951016021238845,-0.5957036692335771,0.0006017635143475975,3.0359534497481633e-07
774.7973903797455,-0.5993071975098991,-0.5726935980676363,-0.5945494244712226,0.026613599442262825,0.004757773038676527,-0.5987109314327951,-0.599307498404836,0.0005962660771040573,3.008949368554781e-07
782.3850555984046,-0.6029073060027297,-0.5755397107941251,-0.5979818811435396,0.027367595208604545,0.0049254248591901195,-0.6023165098578807,-0.6029076042191014,0.0005907961448490262,2.982163717080155e-07
790.0470275509067,-0.6065034826609008,-0.5783656952226207,-0.6014054119087427,0.028137787438280104,0.005098070752158068,-0.6059181287936781,-0.6065037782206413,0.0005853538672226932,2.9555974045969435e-07
797.7840339302325,-0.6100955185308085,-0.5811710502933706,-0.604819682026279,0.028924468237437884,0.005275836504529452,-0.6095155791413931,-0.6100958114559621,0.0005799393894153626,2.9292515368872785e-07
805.5968095557232,-0.6136832041806388,-0.5839552700675471,-0.6082243535938084,0.029727934113091714,0.005458850586830377,-0.613108651328436,-0.6136834944933737,0.0005745528522028698,2.9031273485191633e-07
813.4860964428815,-0.617266329720261,-0.5867178436968339,-0.6116190855182242,0.03054848602342708,0.005647244202036772,-0.6166971353282813,-0.6172666174428787,0.000569194391979666,2.877226177311343e-07
821.4526438738392,-0.6208446848214207,-0.5894582553928708,-0.6150035334859998,0.03138642942854997,0.005841151335420958,-0.6202808206806268,-0.6208449699763626,0.0005638641407939016,2.851549418814159e-07
829.4972084685145,-0.6244180587382263,-0.5921759843965608,-0.618377349932851,0.03224207434166548,0.006040708805375328,-0.623859496511846,-0.6244183413480757,0.0005585622263802881,2.826098494113083e-07
837.6205542564844,-0.6279862403279318,-0.5948705049472461,-0.6217401840127015,0.033115735380685685,0.006246056315230342,-0.6274329515557369,-0.6279865204154136,0.0005532887721949598,2.8008748176322484e-07
845.8234527495337,-0.631549018071985,-0.5975412862517393,-0.6250916815659168,0.034007731820245746,0.006457336506068279,-0.6310009741745365,-0.631549295659963,0.000548043897448558,2.775879779370882e-07
854.1066830149414,-0.6351061800973568,-0.6001877924532236,-0.6284314850868037,0.03491838764413313,0.006674695010553067,-0.6345633523802178,-0.6351064552088286,0.0005428277171389828,2.751114718257952e-07
862.4710317494673,-0.63865751419812,-0.6028094826000086,-0.6317592336903348,0.03584803159811145,0.006898280507785182,-0.6381198738560345,-0.6386577868562104,0.000537640342085477,2.726580904388598e-07
870.9172933540626,-0.6422028078572827,-0.6054058106141491,-0.635074563078094,0.03679699724313357,0.007128244779188719,-0.6416703259783205,-0.6422030780852349,0.0005324818789621544,2.7022795223707874e-07
879.4462700093305,-0.6457418482688679,-0.6079762252599287,-0.6383771055034148,0.037765623008939264,0.0073647427654531805,-0.6452144958385391,-0.6457421160900342,0.0005273524303288646,2.6782116624435304e-07
888.0587717516987,-0.6492744223602158,-0.6105201701121962,-0.6416664897356823,0.03875425224801965,0.00760793262453352,-0.6487521702655493,-0.6492746877980471,0.0005222520946664977,2.654378312705319e-07
896.7556165503647,-0.6528003168145201,-0.6130370835245688,-0.6449423410237888,0.03976323328995135,0.00785797579073133,-0.6522831358481117,-0.6528005798925545,0.0005171809664084037,2.630780343571004e-07
905.537630384977,-0.6563193180935727,-0.6155263985974917,-0.6482042810587103,0.04079291949608099,0.008115037034862382,-0.6558071789575995,-0.656319578835424,0.0005121391359731442,2.607418513322912e-07
914.4056473240764,-0.6598312124607135,-0.617987543146156,-0.6514519279351804,0.04184366931455752,0.00837928452553316,-0.6593240857709158,-0.6598314708900593,0.0005071266897976878,2.584293458118836e-07
923.3605096043246,-0.6633357860039839,-0.6204199396682789,-0.6546848961124438,0.042915846335705,0.008650889891540059,-0.6628336422936153,-0.6633360421445539,0.0005021437103686077,2.561405699763597e-07
932.4030677104803,-0.6668328246594564,-0.622823005311737,-0.6579027963740549,0.044009819347719414,0.008930028285401459,-0.6663356343832005,-0.6668330785350204,0.0004971902762558322,2.5387556401579303e-07
941.5341804561865,-0.6703221142347552,-0.6251961518420629,-0.6611052357867045,0.04512596239269229,0.009216878448050636,-0.6698298477726106,-0.6703223658691112,0.0004922664621446193,2.516343560188261e-07
950.7547150655308,-0.6738034404327383,-0.6275387856097968,-0.6642918176580432,0.04626465482294151,0.009511622774695083,-0.6733160680938716,-0.6738036898497023,0.0004873723388667539,2.4941696397107194e-07
960.0655472554039,-0.6772765888753397,-0.6298503075176921,-0.6674621414934708,0.04742628135764759,0.009814447381868874,-0.6767940809019048,-0.6772768360987343,0.00048250797343485363,2.4722339464489096e-07
969.4675613186815,-0.6807413451275698,-0.6321301129877847,-0.6706158029518778,0.04861123213978513,0.010125542175691948,-0.6802636716984971,-0.6807415901812148,0.00047767342907267807,2.45053645042681e-07
978.9616502082049,-0.6841974947216521,-0.6343775919283126,-0.6737523938002951,0.04981990279333959,0.010445100921357087,-0.6837246259564038,-0.6841977376293552,0.00047286876524832433,2.4290770306301113e-07
988.5487156215818,-0.6876448231812953,-0.636592128700494,-0.6768715018674316,0.0510526944808013,0.01077332131386366,-0.6871767291435892,-0.6876450639668436,0.0004680940377060905,2.4078554827777765e-07
998.2296680868394,-0.6910831160460915,-0.6387731020851605,-0.6799727109960699,0.052310013960931045,0.011110405050021588,-0.6906197667475925,-0.6910833547332438,0.0004633492984990051,2.3868715226527115e-07
1008.0054270488853,-0.6945121588960257,-0.6409198852492434,-0.6830556009942846,0.05359227364678232,0.011456557901741049,-0.6940535243000051,-0.6945123955085064,0.00045863459602057954,2.3661248071960017e-07
1017.8769209568452,-0.6979317373760977,-0.6430318457121196,-0.686119747585462,0.05489989166397813,0.01181198979063569,-0.6974777874010604,-0.6979319719375904,0.0004539499750373377,2.345614926735351e-07
1027.845087352234,-0.7013416372210369,-0.6451083453118066,-0.6891647223570787,0.05623329190923032,0.012176914863958221,-0.7008923417443162,-0.7013418697551802,0.00044929547672067915,2.3253414327406574e-07
1037.9108729580057,-0.7047416442801072,-0.6471487401710141,-0.6921900927082129,0.057592904109093124,0.01255155157189436,-0.7042969731414273,-0.70474187481049,0.000444671138679964,2.305303827832006e-07
1048.0752337684494,-0.7081315445419866,-0.6491523806630449,-0.6951954217957507,0.05897916387894164,0.0129361227462359,-0.707691467546993,-0.7081317730921455,0.000440076994993599,2.285501589094352e-07
1058.3391351400112,-0.7115111241597287,-0.6511186113775579,-0.698180268479267,0.06039251278217084,0.013330855680461773,-0.7110756110834856,-0.7115113507531459,0.0004355130762431214,2.2659341714081904e-07
1068.7035518829614,-0.7148801694757748,-0.653046771086174,-0.7011441872645259,0.06183339838960078,0.013735982211248943,-0.714449190066231,-0.7148803941358758,0.0004309794095438413,2.2466010096700018e-07
1079.1694683539806,-0.7182384670470204,-0.654936192707939,-0.7040867282455787,0.06330227433908142,0.014151738801441716,-0.7178119910284417,-0.718238689797174,0.0004264760185787031,2.2275015354455974e-07
1089.7378785496535,-0.7215858036808047,-0.6567862032746379,-0.7070074370454219,0.06479960040616684,0.014578366635382811,-0.7211638007569281,-0.7215860245440828,0.00042200292387661875,2.2086327811088324e-07
1100.4097862008555,-0.7249219664514189,-0.6585961238959581,-0.709905854755172,0.06632584255546081,0.015016111696246948,-0.7245044063092756,-0.7249221854510546,0.00041756014214333614,2.1899963564830927e-07
1111.1862048681076,-0.7282467427072443,-0.6603652697245085,-0.7127815178717306,0.06788147298273584,0.015465224835513713,-0.7278335950202692,-0.7282469598663986,0.0004131476869750905,2.171591543254081e-07
1122.0681580378225,-0.731559920119201,-0.6620929499206853,-0.7156339582338894,0.06946697019851567,0.01592596188531159,-0.7311511545504857,-0.7315601354609199,0.0004087655687152747,2.1534171890102982e-07
1133.0566792195134,-0.7348612867061967,-0.6637784676173872,-0.7184627029568376,0.07108281908880942,0.016398583749359097,-0.7344568729117508,-0.7348615002534103,0.0004044137944458903,2.1354721368993523e-07
1144.152812043956,-0.7381506308604942,-0.6654211198845854,-0.7212672743650419,0.07272951097590874,0.01688335649545225,-0.7377505384924737,-0.7381508426360162,0.0004000923680204105,2.1177552200768446e-07
1155.3576103622881,-0.7414277413732787,-0.6670201976937338,-0.7240471899234366,0.07440754367954494,0.017380551449842074,-0.7410319400831803,-0.7414279513998037,0.0003958012900984187,2.1002652494939156e-07
1166.6721383461272,-0.7446924074604426,-0.668574985882041,-0.7268019621669132,0.07611742157840162,0.017890445293529456,-0.7443008669022635,-0.7446926157605451,0.0003915405581791376,2.0830010249994757e-07
1178.097470588621,-0.7479444187885357,-0.6700847631165787,-0.7295310986280286,0.07785965567195696,0.01841332016050712,-0.7475571086219002,-0.7479446253846679,0.00038731016663551276,2.0659613220175288e-07
1189.6346922065106,-0.7511835655009035,-0.6715488018582457,-0.7322341017629196,0.07963476364265776,0.018949463737983896,-0.7508004553941547,-0.7511837704153917,0.0003831101067487408,2.049144882665388e-07
1201.2848989431948,-0.7544096382439788,-0.6729663683255764,-0.7349104688753596,0.08144326991840234,0.019499169368619174,-0.7540306978772382,-0.7544098414990219,0.00037894036674057663,2.032550431296798e-07
1213.049197272778,-0.7576224281937228,-0.6743367224583958,-0.7375596920389151,0.08328570573532701,0.020062736154807692,-0.7572476272619127,-0.7576226298113883,0.000374800931810082,2.0161766545179205e-07
1224.928704505186,-0.7608217270822097,-0.675659117881326,-0.7401812580171673,0.0851626092008837,0.020640469065042466,-0.7604510352980456,-0.7608219270844313,0.0003706917841641566,2.000022215620234e-07
1236.9245488922636,-0.7640073272243255,-0.6769328018671339,-0.742774648181928,0.08707452535719162,0.021232679042397562,-0.7636407143212712,-0.7640075256329002,0.0003666129030542864,1.9840857468089723e-07
1249.0378697349338,-0.7671790215445857,-0.6781570152999286,-0.7453393384294213,0.08902200624465717,0.021839683115164377,-0.7668164572797763,-0.7671792183811705,0.0003625642648094063,1.9683658480929012e-07
1261.2698174914083,-0.7703366036040474,-0.679330992638202,-0.747874799094368,0.09100561096584547,0.022461804509679384,-0.7699780577611778,-0.7703367988901567,0.00035854584286965085,1.952861092835434e-07
1273.6215538864308,-0.7734798676273076,-0.6804539618777151,-0.7503804948619228,0.09302590574959246,0.023099372765384762,-0.7731253100194869,-0.7734800613843104,0.00035455760782066026,1.9375700277546315e-07
1286.094252021643,-0.7766086085295844,-0.6815251445142321,-0.752855884677424,0.09508346401535228,0.023752723852160318,-0.7762580090021569,-0.7766088007787012,0.00035059952742744205,1.9224911684823098e-07
1298.6890964869774,-0.7797226219438502,-0.6825437555060949,-0.7553004216538822,0.0971788664377553,0.024422200289968,-0.7793759503771821,-0.7797228127061511,0.00034667156666812193,1.9076230084458246e-07
1311.4072834731705,-0.7828217042480189,-0.6835090032366439,-0.7577135529771676,0.09931270101137502,0.02510815127085131,-0.7824789305602501,-0.7828218935444202,0.0003427736877688048,1.8929640133169556e-07
1324.2500208853742,-0.7859056525921706,-0.684420089476482,-0.7600947198088346,0.10148556311568857,0.025810932783336016,-0.7855667467419343,-0.7859058404434328,0.00033890585023632624,1.8785126221221304e-07
1337.2185284578554,-0.7889742649257964,-0.6852762093455804,-0.762443357186524,0.10369805558021594,0.026530907739272358,-0.7886391969149035,-0.7889744513525221,0.0003350680108928916,1.864267257234431e-07
1350.3140378698722,-0.7920273400250654,-0.6860765512752308,-0.7647588939218961,0.10595078874983455,0.027268446103169253,-0.7916960799011558,-0.7920275250476967,0.0003312601239096047,1.8502263132713637e-07
1363.5377928626303,-0.7950646775200828,-0.686820296969836,-0.7670407524960144,0.10824438055024677,0.028023925024068363,-0.7947371953792415,-0.7950648611588992,0.00032748214084132865,1.8363881637561974e-07
1376.8910493574128,-0.7980860779221369,-0.687506621368545,-0.7692883489521389,0.11057945655359191,0.028797728969997993,-0.7977623439114775,-0.7980862601972534,0.00032373401065943774,1.8227511644486327e-07
1390.3750755748656,-0.8010913426509273,-0.6881346926067287,-0.7715010927858542,0.11295665004419864,0.02959024986507308,-0.8007713269711408,-0.801091523582292,0.0003200156797864562,1.8093136466834636e-07
1403.9911521554243,-0.8040802740617432,-0.6887036719772962,-0.7736783868324707,0.115376602084447,0.030401887229272506,-0.8037639469696133,-0.8040804536691348,0.00031632709212991994,1.7960739162603545e-07
1417.7405722809765,-0.8070526754726106,-0.6892127138918541,-0.7758196271516432,0.11783996158075649,0.031233048320967405,-0.8067400072834944,-0.807052853775637,0.0003126681891162386,1.7830302634358475e-07
1431.6246417976583,-0.8100083511913606,-0.689660965841704,-0.7779242029091236,0.12034738534965661,0.032084148282237046,-0.8096993122816355,-0.8100085282094555,0.0003090389097251123,1.770180948490463e-07
1445.644679339882,-0.8129471065426319,-0.6900475683586803,-0.779991496255594,0.1228995381839516,0.03295561028703786,-0.8126416673521102,-0.8129472822950531,0.00030543919052172797,1.7575242117207068e-07
1459.80201645558,-0.815868747894785,-0.6903716549758289,-0.7820208822025052,0.12549709291895617,0.03384786569227982,-0.8155668789290919,-0.8158689224006112,0.000301868965693175,1.7450582612266174e-07
1474.097997732643,-0.8187730826867132,-0.6906323521879222,-0.7840117284948444,0.12814073049879104,0.034761354191868876,-0.8184747545196327,-0.8187732559648402,0.00029832816708053045,1.7327812695810962e-07
1488.5339809266582,-0.8216599194545512,-0.6908287794118171,-0.7859633954807774,0.1308311400427341,0.035696523973773764,-0.8213651027303378,-0.8216600915236899,0.000294816724213387,1.7206913871525842e-07
1503.1113370898368,-0.8245290678584295,-0.6909600489466471,-0.7878752359780674,0.1335690189117824,0.03665383188036209,-0.8242377332941078,-0.8245292387371227,0.00029133456432173244,1.708786931953199e-07
1517.8314507012371,-0.8273803387185842,-0.691025265933855,-0.7897465951372131,0.13635507278472914,0.03763374358137106,-0.8270924571062402,-0.8273805084252542,0.00028788161234394316,1.697066700501182e-07
1532.6957197982595,-0.8302135440263078,-0.6910235283170616,-0.7915768103012211,0.13919001570924616,0.03863673372508669,-0.8299290862351072,-0.8302137125790581,0.00028445779120056525,1.6855275031257833e-07
1547.7055561093994,-0.8330284969738749,-0.6909539268017727,-0.7933652108619343,0.14207457017210223,0.03966328611194059,-0.8327474339524101,-0.833028664390655,0.0002810630214648002,1.674167801057891e-07
1562.862385188365,-0.8358250119881735,-0.690815544814922,-0.7951111181128434,0.14500946717325147,0.04071389387533009,-0.8355473147666007,-0.8358251782867708,0.0002776972215727813,1.6629859733718888e-07
1578.167646549441,-0.8386029047568299,-0.6906074584642501,-0.796813845098284,0.14799544629257977,0.041789059658545846,-0.8383285444489759,-0.8386030699548622,0.00027436030785399357,1.6519803236469954e-07
1593.6227938042155,-0.841361992254338,-0.69032873649752,-0.7984726964589525,0.15103325575681803,0.042889295795385585,-0.8410909400597735,-0.8413621563692477,0.0002710521945645805,1.6411490966206088e-07
1609.2292947996325,-0.8441020927681808,-0.6899784402615685,-0.8000869682736443,0.1541236525066123,0.044015124494536484,-0.8438343199742616,-0.8441022558172296,0.0002677727939192076,1.630490488180314e-07
1624.98863175741,-0.8468230259249279,-0.6895556236611906,-0.8016559478971305,0.15726740226373725,0.0451670780277974,-0.8465585039088054,-0.8468231879251932,0.0002645220161224815,1.620002653135444e-07
1640.9023014147851,-0.8495246127162936,-0.6890593331178613,-0.8031789137940827,0.16046527959843238,0.046345698922210965,-0.8492633129468915,-0.8495247736846646,0.0002612997694021457,1.609683709657972e-07
1656.9718151667064,-0.8522066755251594,-0.6884886075282897,-0.8046551353689618,0.16371806799686972,0.04755154015619756,-0.8519485695651187,-0.8522068354783345,0.00025810596004072206,1.5995317514949647e-07
1673.1986992093516,-0.8548690381515255,-0.6878424782228065,-0.8060838727917634,0.16702655992871895,0.04878516535976207,-0.8546140976591176,-0.8548691971060116,0.00025494049240792904,1.5895448612912588e-07
1689.584494685084,-0.8575115258383998,-0.6871199689235877,-0.8074643768195406,0.17039155691481211,0.050047149018859205,-0.8572597225694074,-0.8575116838105102,0.0002518032689924343,1.5797211039281223e-07
1706.1307578288292,-0.860133965297599,-0.6863200957027087,-0.8087958886135987,0.1738138695948903,0.051338076684000256,-0.8598852711071644,-0.8601341223034532,0.0002486941904346063,1.570058542066377e-07
1722.83906011585,-0.8627361847354531,-0.6854418669400317,-0.8100776395522613,0.17729431779542137,0.052658545183191796,-0.8624905715798946,-0.862736340790977,0.0002456131555584884,1.5605552394770683e-07
1739.7109884110378,-0.8653180138784109,-0.6844842832809256,-0.8113088510391171,0.1808337305974853,0.0540091628392938,-0.8650754538170065,-0.8653181689993368,0.00024256006140443986,1.551209258821018e-07
1756.7481451195972,-0.8678792839985169,-0.683446337593817,-0.8124887343066342,0.18443294640469987,0.05539054969188273,-0.8676397491952564,-0.8678794382003844,0.00023953480326044385,1.5420186749715015e-07
1773.9521483392416,-0.8704198279387589,-0.6823270149275743,-0.813616490215039,0.18809281301118463,0.05680333772371993,-0.8701832906640636,-0.8704199812369159,0.00023653727469530317,1.532981569463132e-07
1791.3246320138767,-0.8729394801382753,-0.6811252924687203,-0.81469130904636,0.19181418766955494,0.05824817109191527,-0.8727059127706852,-0.8729396325478792,0.00023356736759005958,1.5240960393736458e-07
1808.867246088757,-0.8754380766573988,-0.6798401394984783,-0.815712370293513,0.1955979371589205,0.059725706363885855,-0.8752074516852277,-0.8754382281934173,0.00023062497217107847,1.5153601851114473e-07
1826.5816566672302,-0.8779154552025435,-0.6784705173496444,-0.8166788424443343,0.19944493785289918,0.06123661275820924,-0.8776877452255022,-0.8779156058797566,0.0002277099770413571,1.506772130399625e-07
1844.4695461689473,-0.8803714551508997,-0.6770153793632943,-0.8175898827604314,0.2033560757876054,0.06278157239046822,-0.8801466328816868,-0.8803716049839004,0.0002248222692128321,1.4983300078430517e-07
1862.5326134896566,-0.8828059175749438,-0.6754736708453148,-0.8184446370507419,0.2073322467296289,0.06436128052420187,-0.8825839558408047,-0.8828060665781395,0.0002219617341390201,1.490031957818161e-07
1880.7725741625625,-0.8852186852667429,-0.6738443290227675,-0.8192422394396864,0.21137435624397538,0.06597644582705642,-0.8849995570109959,-0.8852188334543551,0.00021912825574699202,1.4818761229218325e-07
1899.1911605212283,-0.8876096027620349,-0.6721262830000818,-0.8199818121297845,0.21548331976195312,0.06762779063225044,-0.8873932810455663,-0.8876097501481015,0.00021632171646868148,1.4738606657349607e-07
1917.790121864149,-0.8899785163640955,-0.6703184537150702,-0.8206624651586217,0.21966006264902538,0.0693160512054738,-0.8897649743668218,-0.8899786629624692,0.00021354199727374734,1.4659837366259865e-07
1936.57122462086,-0.8923252741673479,-0.6684197538947787,-0.8212832961500288,0.22390552027256916,0.07104197801731904,-0.8921144851896468,-0.8923254199916969,0.00021078897770110405,1.458243490404243e-07
1955.5362525197108,-0.8946497260807297,-0.6664290880111586,-0.821843390059357,0.22822063806957105,0.07280633602137265,-0.894441663544838,-0.8946498711445359,0.00020806253589167323,1.4506380618950487e-07
1974.6870067572818,-0.8969517238507906,-0.6643453522365698,-0.8223418189127107,0.23260637161422082,0.07460990493807984,-0.8967463613021719,-0.8969518681673481,0.00020536254861869274,1.4431655748214922e-07
1994.0253061694204,-0.8992311210845108,-0.6621674343991079,-0.8227776415400038,0.2370636866854029,0.07645347954450699,-0.8990284321931894,-0.8992312646669238,0.00020268889132135648,1.4358241307022013e-07
2013.5529874040321,-0.9014877732718375,-0.6598942139377578,-0.8231499033017112,0.24159355933407967,0.07833786997012626,-0.9012877318337023,-0.9014879161330167,0.00020004143813523445,1.428611792197998e-07
2033.2719050954834,-0.9037215378079202,-0.6575245618573723,-0.8234576358091616,0.2461969759505479,0.08026390199875855,-0.9035241177460015,-0.9037216799605841,0.0001974200619186961,1.4215266386230496e-07
2053.1839320407535,-0.9059322740175781,-0.6550573406834768,-0.8236998566382451,0.2508749333341014,0.08223241737933307,-0.905737449383357,-0.9059324154743178,0.00019482463422115792,1.414567396551547e-07
2073.2909593773106,-0.9081198431750325,-0.6524914044169001,-0.823875569036382,0.25562843875813235,0.08424427413865043,-0.9079275881495305,-0.9081199839481876,0.00019225502550201945,1.4077315513283395e-07
2093.594896762688,-0.9102841085249498,-0.6498255984882297,-0.8239837616226042,0.26045851003672005,0.08630034690234556,-0.9100943974199939,-0.9102842486266898,0.00018971110495591414,1.4010173998713071e-07
2114.0976725559044,-0.9124249353057458,-0.647058759712086,-0.8240234080806056,0.2653661755936597,0.08840152722514016,-0.9122377425651201,-0.9124250747480683,0.00018719274062561908,1.394423225775654e-07
2134.801234000575,-0.9145421907706355,-0.6441897162412253,-0.8239934668445982,0.27035247452941014,0.0905487239260373,-0.9143574909712024,-0.9145423295653636,0.00018469979943303017,1.387947281550339e-07
2155.7075474098574,-0.916635744208425,-0.6412172875204667,-0.8238928807778259,0.2754184566879583,0.09274286343059912,-0.9164535120612168,-0.9166358823672067,0.00018223214720813896,1.3815878174838758e-07
2176.8185983532135,-0.9187054669640363,-0.6381402842404359,-0.8237205768435703,0.2805651827236004,0.09498489012046607,-0.9185256773153184,-0.9187056044983427,0.0001797896487178985,1.375343063880763e-07
2198.1363918449497,-0.9207512324587519,-0.634957508291143,-0.8234754657684883,0.28579372416760895,0.09727576669026361,-0.9205738602910548,-0.9207513693798774,0.0001773721676970874,1.369211255486391e-07
2219.6629525346966,-0.9227729162101855,-0.6316677527153635,-0.8231564416981104,0.2911051634948221,0.09961647451207511,-0.9225979366433095,-0.9227730525292476,0.00017497956687606564,1.3631906203848132e-07
2241.400324899665,-0.9247703958519515,-0.6282698016618604,-0.8227623818443398,0.2965005941900911,0.10200801400761172,-0.9245977841439416,-0.924770531579891,0.00017261170800997316,1.357279394431643e-07
2263.350573438826,-0.9267435511530413,-0.6247624303384169,-0.8222921461247676,0.30198112081462436,0.10445140502827366,-0.9265732827011328,-0.926743686300623,0.00017026845190848405,1.3514758168131635e-07
2285.5157828689976,-0.928692264036893,-0.6211444049646884,-0.8217445767936328,0.3075478590722046,0.1069476872432602,-0.9285243143784292,-0.9286923986147063,0.00016794965846378407,1.3457781333769958e-07
2307.8980583228017,-0.9306164186001414,-0.6174144827248867,-0.8211184980642523,0.3132019358752547,0.10949792053588914,-0.9304507634134622,-0.9306165526186023,0.00016565518667921442,1.3401846088445524e-07
2330.4995255486533,-0.9325159011310571,-0.6135714117202675,-0.8204127157227268,0.31894448941078957,0.11210318540833031,-0.9323525162363584,-0.9325160346004079,0.00016338489469869266,1.3346935079372457e-07
2353.3223311126167,-0.9343906001276445,-0.6096139309214498,-0.8196260167327416,0.32477666920619475,0.11476458339490292,-0.9342294614878105,-0.9343907330579567,0.0001611386398340242,1.329303122021841e-07
2376.3686426022846,-0.9362404063154097,-0.605540770120549,-0.8187571688312734,0.33069963619486076,0.11748323748413636,-0.9360814900368152,-0.9362405387165851,0.00015891627859454527,1.3240117535673335e-07
2399.640648832651,-0.9380652126647807,-0.6013506498831318,-0.8178049201150029,0.3367145627816489,0.12026029254977777,-0.9379084949980673,-0.9380653445465523,0.00015671766671343512,1.3188177161449488e-07
2423.140560053958,-0.9398649144081731,-0.5970422814999904,-0.8167679986172387,0.3428226329081827,0.1230969157909344,-0.9397103717489955,-0.9398650457801083,0.00015454265917758114,1.3137193521917112e-07
2446.8706081616683,-0.941639409056702,-0.5926143669387253,-0.8156451118751468,0.3490250421179767,0.1259942971815552,-0.9414870179464476,-0.9416395399282026,0.00015239111025433516,1.308715006365091e-07
2470.8330469084017,-0.9433885964165176,-0.5880655987951575,-0.8144349464870838,0.3553229976213601,0.1289536499294338,-0.9432383335429982,-0.9433887267968227,0.00015026287351938006,1.303803051078134e-07
2495.030152117994,-0.9451123786047718,-0.5833946602445506,-0.8131361676598187,0.36171771836022126,0.13197621094495315,-0.9449642208028868,-0.9451125085029578,0.00014815780188504046,1.2989818598541092e-07
2519.464221901653,-0.946810660065196,-0.5786002249926513,-0.8117474187454318,0.3682104350725447,0.13506324131976422,-0.9466645843175691,-0.946810789490179,0.0001460757476269281,1.294249830641192e-07
2544.137576876178,-0.9484833475832892,-0.5736809572265531,-0.8102673207676738,0.3748023903567361,0.1382160268156154,-0.9483393310208773,-0.9484834765438258,0.0001440165624119194,1.28960536582845e-07
2569.0525603844235,-0.9501303503011116,-0.5686355115653591,-0.8086944719375541,0.3814948387357525,0.14143587836355753,-0.949988370203787,-0.9501304788057993,0.00014198009732457884,1.285046876686735e-07
2594.2115387178146,-0.9517515797316648,-0.5634625330106756,-0.8070274471579382,0.3882890467209892,0.14472413257372663,-0.9516116135287694,-0.951751707788943,0.00013996620289535855,1.28057278225846e-07
2619.6169013410954,-0.9533469497728614,-0.5581606568969169,-0.805264797516923,0.39518629287594453,0.14808215225593835,-0.9532089750437354,-0.9533470773910105,0.0001379747291260225,1.2761814915940306e-07
2645.271061119279,-0.954916376721073,-0.5527285088414188,-0.8034050497697498,0.4021878678796542,0.1515113269513232,-0.9547803711955551,-0.9549165039082157,0.00013600552551784606,1.2718714270665288e-07
2671.176454546764,-0.9564597792833739,-0.5471647046943832,-0.8014467058090164,0.4092950745889907,0.15501307347435744,-0.9563257208422251,-0.9564599060474204,0.00013405844114877663,1.2676404648193085e-07
2697.3355419788054,-0.9579770785914927,-0.5414678504886049,-0.7993882421229334,0.4165092281028878,0.15858883646855937,-0.9578449452669926,-0.9579772049402893,0.0001321333245001277,1.2634879653639075e-07
2723.7508078651426,-0.9594681982169273,-0.535636542389049,-0.7972281092414011,0.4238316558278783,0.16224008897552622,-0.9593379681932154,-0.9594683241581751,0.00013023002371193027,1.2594124776388327e-07
2750.42476098597,-0.9609330641792997,-0.5296693666422132,-0.7949647311696129,0.4312636975370865,0.16596833300968683,-0.9608047157927542,-0.9609331897205354,0.00012834838654551817,1.2554123574037845e-07
2777.359934690218,-0.9623716049579932,-0.5235648995253155,-0.7925965048089606,0.43880670543267775,0.16977510014903263,-0.9622451166976091,-0.9623717301065936,0.00012648826038408334,1.2514860037171616e-07
2804.5588871361124,-0.9637837515034503,-0.5173217072952996,-0.7901217993649577,0.4464620442081507,0.17366195213849256,-0.9636591020111931,-0.9637838762666375,0.00012464949225721167,1.2476318722587365e-07
2832.0242015342023,-0.9651694372480027,-0.5109383461376305,-0.7875389557419095,0.4542310911103723,0.17763048150609329,-0.9650466053191348,-0.9651695616328474,0.00012283192886797245,1.2438484464638577e-07
2859.758486392655,-0.9665285981162175,-0.5044133621149255,-0.784846285924067,0.462115236001292,0.18168231219215047,-0.9664075626996002,-0.9665287221296437,0.0001210354166173433,1.2401342619483557e-07
2887.764375765007,-0.9678611725347714,-0.49774529111538107,-0.7820420723429711,0.47011588141939037,0.18581910019180037,-0.9677419127331425,-0.9678612961835594,0.0001192598016289681,1.2364878798631906e-07
2916.044529500347,-0.9691671014418473,-0.49093265880101544,-0.7791245672307093,0.4782344426408318,0.19004253421113793,-0.9690495965120726,-0.9691672247326356,0.00011750492977469218,1.232907883563783e-07
2944.601633495886,-0.970446328296054,-0.4839739805557286,-0.7760919919587909,0.48647234774032544,0.19435433633726318,-0.9703305576493555,-0.9704464512353427,0.00011577064669854309,1.229392886381575e-07
2973.438399952118,-0.9716987990848727,-0.47686776143315296,-0.7729425363623396,0.4948310376517197,0.1987562627225331,-0.9715847422870322,-0.9716989216790244,0.00011405679784048939,1.2259415171911314e-07
3002.5575676303665,-0.9729244623326239,-0.4696124961043302,-0.7696743580493051,0.5033119662282937,0.2032501042833188,-0.9728120991041631,-0.9729245845878662,0.00011236322846075453,1.222552423740808e-07
3031.9619021129074,-0.97412326910796,-0.4622066688051931,-0.7662855816943861,0.5119166003027669,0.2078376874135739,-0.9740125793242962,-0.9741233910303869,0.00011068978366379767,1.2192242693220834e-07
3061.6541960656414,-0.9752951730308814,-0.45464875328385007,-0.762774298317346,0.5206464197470313,0.21252087471353542,-0.9751861367224609,-0.975295294626454,0.00010903630842051815,1.21595572610822e-07
3091.6372695032765,-0.9764401302792756,-0.44693721274769277,-0.759138564545404,0.5295029175315829,0.2173015657338716,-0.9763327276316834,-0.9764402515538237,0.00010740264759212526,1.2127454818156025e-07
3121.913970057234,-0.9775580995949834,-0.43907049981028656,-0.7553764018593696,0.5384875997846968,0.2221816977356138,-0.9774523109490303,-0.9775582205542064,0.00010578864595311988,1.2095922297117312e-07
3152.4871732460497,-0.9786490422893845,-0.43104705643809377,-0.7514857958231981,0.5476019858512908,0.22716324646618646,-0.978544848141172,-0.9786491629388512,0.00010419414821249973,1.206494666394775e-07
3183.359782748489,-0.9797129222485106,-0.4228653138969831,-0.7474646952966091,0.5568476083515275,0.2322482269519015,-0.9796103032494737,-0.979713042593662,0.00010261899903685201,1.2034515139980329e-07
3214.5347306793356,-0.980749705937681,-0.4145236926985631,-0.743311011630452,0.5662260132391179,0.23743869430722897,-0.9806486428946086,-0.9807498259838299,0.00010106304307233582,1.200461489103688e-07
3246.0149778678133,-0.9817593624056612,-0.4060206025463183,-0.7390226178444362,0.5757387598593429,0.24273674456122496,-0.9816598362806956,-0.9817594821579936,9.952612496555435e-05,1.1975233238370464e-07
3277.803514138873,-0.9827418632883483,-0.39735444228153055,-0.7345973477868778,0.5853874210068177,0.24814451550147054,-0.9826438551989634,-0.9827419827519253,9.800808938498218e-05,1.1946357691972054e-07
3309.9033585970938,-0.9836971828119785,-0.388523599829033,-0.7300329952761044,0.5951735829829454,0.25366418753587405,-0.9836006740309361,-0.9836973019917373,9.650878104239258e-05,1.1917975883957155e-07
3342.3175599134347,-0.9846252977958586,-0.3795264521427567,-0.7253273132231424,0.6050988456531019,0.25929798457271624,-0.9845302697511452,-0.9846254166966137,9.502804471339665e-05,1.1890075513054654e-07
3375.0491966147843,-0.9855261876546213,-0.3703613651510798,-0.720478012735295,0.6151648225035415,0.2650481749193263,-0.9854326219293639,-0.9855263062810686,9.356572525742735e-05,1.186264473318488e-07
3408.1013773763525,-0.9863998344000074,-0.3610266937019767,-0.7154827622002332,0.6253731406980307,0.27091707219977423,-0.9863077127323694,-0.986399952756725,9.212166763805651e-05,1.1835671753779309e-07
3441.4772413168635,-0.9872462226421664,-0.35152078150800525,-0.7103391863502312,0.6357254411341612,0.27690703629193525,-0.9871555269252229,-0.9872463407336182,9.069571694353407e-05,1.180914517284748e-07
3475.1799582967733,-0.9880653395904884,-0.341841961091029,-0.7050448653060675,0.6462233784994593,0.2830204742844209,-0.9879760518720841,-0.9880654574210279,8.928771840421845e-05,1.1783053954772527e-07
3509.212729219272,-0.9888571750495748,-0.33198855372681196,-0.6995973336002882,0.6568686213227628,0.2892598414492866,-0.9887692775320086,-0.9888572926232957,8.789751756621556e-05,1.1757372087028983e-07
3543.5787863343035,-0.9896217214253741,-0.3219588693893784,-0.6939940791793303,0.6676628520359957,0.29562764224604376,-0.9895351964655756,-0.9896218387464745,8.652495979843966e-05,1.1732110039019972e-07
3578.281393545557,-0.9903589737288743,-0.3117512066951751,-0.6882325423841122,0.6786077670336992,0.302126431344762,-0.990273803837968,-0.9903590908014269,8.516989090623373e-05,1.1707255265225314e-07
3613.323846720403,-0.9910689295657,-0.3013638528470642,-0.6823101149086807,0.6897050767186359,0.3087588146570194,-0.9909850974087704,-0.9910690463936432,8.383215692964185e-05,1.1682794320844181e-07
3648.7094740029993,-0.9917515891349677,-0.2907950835780712,-0.6762241387364186,0.7009565055568965,0.3155274503985491,-0.9916690775308239,-0.9917517057221112,8.251160414385339e-05,1.1658714349493948e-07
3684.441636130326,-0.9924069552275817,-0.2800431630949667,-0.6699719050534158,0.712363792132615,0.32243505017416596,-0.9923257471485043,-0.992407071577615,8.120807907741057e-05,1.1635003327459259e-07
3720.523726751382,-0.9930350332239247,-0.26910634402164874,-0.663550653138532,0.723928689202276,0.3294843800853927,-0.9929551117953922,-0.9930351493404226,7.99214285325256e-05,1.1611649786136269e-07
3756.959172749512,-0.9936358310909499,-0.25798286734230463,-0.6569575692296608,0.7356529637486453,0.33667826186128913,-0.9935571795913462,-0.9936359469773778,7.865149960373241e-05,1.1588642789828185e-07
3793.751434567813,-0.9942093593786848,-0.24667096234440183,-0.6501897853657623,0.747538397034283,0.3440195740129225,-0.9941319612389883,-0.9942094750384038,7.739813969653841e-05,1.1565971902438577e-07
3830.904006537878,-0.9947556312161563,-0.2351688465614367,-0.6432443782041314,0.7595867846547196,0.3515112530120249,-0.9946794700196113,-0.994755746652427,7.6161196544966e-05,1.154362707644907e-07
3868.420417211611,-0.9952746623067501,-0.22347472571552252,-0.6361183678124592,0.7717999365912276,0.3591562944942909,-0.9951997217885187,-0.995274777522735,7.494051823142556e-05,1.1521598486385898e-07
3906.3042296963627,-0.9957664709230074,-0.21158679365975577,-0.6288087164351528,0.7841796772632517,0.3669577544878546,-0.9956927349698057,-0.9957665859217739,7.373595320170345e-05,1.149987665094443e-07
3944.559041993352,-0.9962310779008784,-0.19950323232036904,-0.6213123272334004,0.7967278455805094,0.37491875066747804,-0.9961585305505948,-0.9962311926854014,7.254735028361381e-05,1.147845229976241e-07
3983.188487339321,-0.9966685066334321,-0.1872222116387392,-0.6136260429985173,0.8094462949946929,0.3830424636349148,-0.996597132074728,-0.9966686212065953,7.137455870409593e-05,1.1457316317908806e-07
4022.196234551697,-0.9970787830640431,-0.1747418895130881,-0.6057466448379191,0.822336893550955,0.391332138226124,-0.997008565635938,-0.9970788974286394,7.021742810509046e-05,1.1436459634861507e-07
4061.5859883769713,-0.9974619356790562,-0.1620604117400892,-0.5976708508333464,0.8354015239389669,0.3997910848457098,-0.9973928598704962,-0.9974620498377893,6.907580855997075e-05,1.1415873313325164e-07
4101.361489842574,-0.9978179954999435,-0.14917591195620156,-0.5893953146706465,0.848642083543742,0.408422680829297,-0.9977500459493541,-0.9978181094554284,6.794955058941898e-05,1.1395548482617812e-07
4141.526516612193,-0.9981469960749642,-0.13608651157882193,-0.5809166242406363,0.8620604844961423,0.4172303718343279,-0.998080157569787,-0.9981471098297264,6.683850517719137e-05,1.1375476227648562e-07
4182.084883344486,-0.998448973470332,-0.12279031974724872,-0.5722313002104541,0.8756586537230833,0.4262176732598779,-0.9983832309465481,-0.9984490870268109,6.57425237838849e-05,1.1355647888677822e-07
4223.040442055485,-0.99872396626091,-0.10928543326339546,-0.5633357945647911,0.8894385329975145,0.4353881716961189,-0.9986593048025463,-0.9987240796214557,6.466145836370174e-05,1.1336054572819165e-07
4264.397082484364,-0.9989720155204316,-0.09556993653234723,-0.5542264891164622,0.9034020789880843,0.44474552640396936,-0.998908420359054,-0.9989721286873076,6.359516137754984e-05,1.1316687598128539e-07
4306.158732462885,-0.9991931648112637,-0.08164190150267889,-0.5448996939856693,0.9175512633085848,0.45429347082559446,-0.9991306213254567,-0.9991932777866481,6.254348580703173e-05,1.1297538438093113e-07
4348.329358288466,-0.9993874601737238,-0.06749938760658586,-0.5353516460473705,0.9318880725671379,0.4640358141263533,-0.9993259538885554,-0.9993875729597094,6.150628516843337e-05,1.127859855509783e-07
4390.912965100799,-0.9995549501149545,-0.05314044169981534,-0.5255785073461252,0.9464145084151392,0.47397644276882933,-0.9994944667014284,-0.9995550627135508,6.0483413526157825e-05,1.1259859622470003e-07
4433.913597262348,-0.9996956855973722,-0.03856309800134598,-0.5155763634777442,0.9611325875960263,0.48411932211962805,-0.9996362108718666,-0.9996957980105089,5.947472550560384e-05,1.1241313668808317e-07
4477.3353387423895,-0.9998097200266945,-0.023765378032914224,-0.5053412219371605,0.9760443419937803,0.4944684980895341,-0.99975123995039,-0.9998098322562244,5.848007630460117e-05,1.122295298916498e-07
4521.182313504903,-0.99989710923956,-0.00874529055830269,-0.49486901043180626,0.9911518186812573,0.5050280988077538,-0.9998396099178528,-0.9998972212872625,5.749932170717731e-05,1.1204770256068031e-07
4565.458685900261,-0.999957911490568,0.006499168477576687,-0.48415557515984714,1.0064570799681447,0.5158023363307209,-0.9999013791724205,-0.9999580233581022,5.6532318147506366e-05,1.1186753423597651e-07
4610.168661060664,-0.9999921873954517,0.021970016009783155,-0.47319667905259605,1.021962203405235,0.5267955083428557,-0.9999366084723544,-0.9999922990839184,5.5578923097265864e-05,1.1168846669740162e-07
4655.316485299631,-1.0,0.03766928191470704,-0.4619879999803734,1.037669281914707,0.5380120000196267,-0.9999453610066784,-1.0000001115112893,5.463899332158739e-05,1.1151128931352616e-07
4700.906446515218,-0.9999814147620653,0.05359900907159791,-0.4505251289211474,1.0535804238336632,0.5494562858409179,-0.999927702374867,-0.999981526097895,5.3712387198312506e-05,1.113358297777367e-07
4746.94287459728,-0.9999364994883781,0.06976125342430535,-0.43880356809121934,1.0696977529126834,0.5611329313971588,-0.9998837005246451,-0.9999366106503128,5.279896373300286e-05,1.1116193465721125e-07
4793.430141838717,-0.9998653243216424,0.08615808404325405,-0.4268187290371908,1.0860234083648965,0.5730465952844517,-0.9998134257390706,-0.999865435311111,5.1898582571818785e-05,1.1098946861576309e-07
4840.372663350654,-0.9997679617268762,0.10279158318758676,-0.41456593068851605,1.102559544914463,0.5852020310383601,-0.99971695062286,-0.9997680725451881,5.101110401617426e-05,1.1081831186032787e-07
4887.774897481883,-0.9996444864770248,0.11966384636758483,-0.40204039736979424,1.1193083328446096,0.5976040891072305,-0.9995943500879908,-0.9996445971253844,5.0136389033950124e-05,1.1064835969687437e-07
4935.641346242215,-0.9994949756378695,0.13677698240723402,-0.38923725677212906,1.1362719580451035,0.6102577188657404,-0.999445701338593,-0.9994950861173877,4.9274299276480527e-05,1.104795182005347e-07
4983.976555730072,-0.9993195085522518,0.15413311350703424,-0.3761515378826798,1.153452622059286,0.6231679706695721,-0.9992710838551657,-0.9993196188639591,4.842469708610242e-05,1.1031170732422879e-07
5032.785116564277,-0.999118166823643,0.17173437530703847,-0.36277816887161757,1.1708525421306815,0.6363399979520254,-0.9990705793781314,-0.9991182769684964,4.758744551158767e-05,1.1014485346017011e-07
5082.071664319963,-0.9988910342990758,0.1895829169500271,-0.34911197493574786,1.188473951249103,0.6497790593633279,-0.9988442718907575,-0.9988911442779689,4.6762408318246074e-05,1.0997889310360165e-07
5131.840879968954,-0.9986381970514677,0.2076809011450186,-0.335147676097782,1.2063190981964864,0.6634905209536857,-0.9985922476014676,-0.9986383068652355,4.594945000013784e-05,1.0981376774577001e-07
5182.097490324263,-0.9983597433613548,0.22603050423088403,-0.3208798849606204,1.2243902475922388,0.6774798584007344,-0.9983145949255651,-0.9983598530107798,4.514843578973249e-05,1.0964942498414842e-07
5232.8462684890355,-0.9980557636980633,0.24463391624022876,-0.3063031044156309,1.242689679938292,0.6917526592824323,-0.9980114044663932,-0.998055873183879,4.4359231670010324e-05,1.0948581574687921e-07
5284.092034309894,-0.997726350700338,0.263493340963484,-0.29141172530410275,1.2612196916638219,0.7063146253962352,-0.9976827689959563,-0.9977264600232328,4.3581704381678854e-05,1.0932289484788527e-07
5335.839654834619,-0.9973715991564593,0.2826109960131796,-0.2762000240309864,1.2799825951696389,0.7211715751254729,-0.997328783435023,-0.9973717083170776,4.281572143638446e-05,1.0916061821131251e-07
5388.0940447745215,-0.9969916059838604,0.30198911288849417,-0.2606621601299487,1.2989807188723546,0.7363294458539117,-0.996949544832738,-0.9969917149828031,4.206115112237452e-05,1.0899894276050759e-07
5440.860166971131,-0.9965864702082791,0.32162993703997256,-0.24479217377888216,1.3182164072482516,0.7517942964293969,-0.9965451523457627,-0.9965865790461051,4.131786251637681e-05,1.0883782608495096e-07
5494.143032867558,-0.9961562929424626,0.341535727934459,-0.2285839832649007,1.3376920208769216,0.7675723096775618,-0.996115707216973,-0.996156401619688,4.0585725489594715e-05,1.0867722544105618e-07
5547.947702984482,-0.9957011773644494,0.3617087591202824,-0.21203138239781302,1.3574099364847318,0.7836697949666364,-0.9956613127537328,-0.995701285881546,3.986461071658898e-05,1.0851709664194686e-07
5602.279287400679,-0.9952212286954529,0.38215131829259474,-0.19512803787119437,1.3773725469880476,0.8000931908242586,-0.9951820743057689,-0.9952213370528475,3.9154389684048496e-05,1.0835739461256821e-07
5657.142946238484,-0.9947165541773679,0.4028657073590256,-0.1778674865698943,1.3975822615363935,0.8168490676074737,-0.9946780992426719,-0.9947166623754408,3.845493469600836e-05,1.081980728345755e-07
5712.543890153782,-0.9941872630499271,0.42385424250545356,-0.1602431328231662,1.4180415055553808,0.833944130226761,-0.9941494969310455,-0.9941873710890101,3.77661188816214e-05,1.0803908301326715e-07
5768.487380830912,-0.9936334665275293,0.44511925426204707,-0.14224824560222873,1.4387527207895763,0.8513852209253006,-0.9935963787113272,-0.9936335744079048,3.70878162020416e-05,1.0788037552167395e-07
5824.978731482418,-0.9930552777757599,0.46666308756954267,-0.12387595566123512,1.4597183653453025,0.8691793221145248,-0.9930188578743051,-0.9930553854976604,3.6419901454753933e-05,1.0772190051078212e-07
5882.023307353571,-0.9924528118876369,0.4884881018456426,-0.1051192526207071,1.4809409137332796,0.8873335592669298,-0.9924170496373544,-0.9924529194512414,3.5762250282456165e-05,1.0756360446784186e-07
5939.626526232077,-0.9918261858595896,0.5105966710517957,-0.08597098199207381,1.5024228569113853,0.9058552038675158,-0.9917910711204155,-0.9918262932650267,3.511473917405805e-05,1.0740543709975015e-07
5997.793858962531,-0.9911755185672128,0.5329911837600428,-0.06642384214251355,1.5241667023272556,0.9247516764246992,-0.99114104132174,-0.9911756258145593,3.447724547278597e-05,1.0724734655909174e-07
6056.530829966038,-0.9905009307408045,0.555674043220165,-0.04647038119875055,1.5461749739609694,0.9440305495420539,-0.9904670810934246,-0.9905010378300872,3.384964737984664e-05,1.0708928277480823e-07
6115.84301776491,-0.9898025449407186,0.5786476674270389,-0.026102993888731395,1.5684502123677575,0.9636995510519872,-0.9897693131167613,-0.9898026518719172,3.323182395731372e-05,1.0693119856242106e-07
6175.736055512391,-0.9890804855325556,0.6019144891881709,-0.005313918320051555,1.5909949747207266,0.983766567212504,-0.9890478618774218,-0.9890805923056059,3.262365513378995e-05,1.0677305029016537e-07
6236.215631527811,-0.9883348786622103,0.625476956191541,0.01590476730619245,1.6138118348537511,1.0042396459684026,-0.9883028536405042,-0.98833498527701,3.2025021706072465e-05,1.0661479976636912e-07
6297.28748983673,-0.9875658522308056,0.649337531073578,0.037561148047168355,1.6369033833043836,1.025127000277974,-0.9875344164254634,-0.9875659586872225,3.1435805342261425e-05,1.0645641690398833e-07
6358.957430716503,-0.9867735358695345,0.6734986914874144,0.059663475637063215,1.6602722273569488,1.0464370115065977,-0.9867426799809483,-0.986773642167413,3.085588858620092e-05,1.0629787849936179e-07
6421.231311247184,-0.98595806091443,0.6979629301713309,0.08222017197399757,1.6839209910857609,1.0681782328884275,-0.9859277757595732,-0.9859581670536042,3.02851548567018e-05,1.0613917422741537e-07
6484.115045867695,-0.9851195603810924,0.7227327550174183,0.10523983267642004,1.7078523153985108,1.0903593930575124,-0.9850898368926406,-0.9851196663613995,2.9723488451760538e-05,1.0598030708575124e-07
6547.614606937706,-0.9842581689179334,0.7478106891405252,0.12873123071031822,1.7320688580584584,1.1129893996282516,-0.9842289981429342,-0.9842582747387715,2.9170774999198734e-05,1.0582083809218545e-07
6611.736025304753,-0.9833740227937927,0.7731992709473547,0.15270332008848042,1.7565732937411473,1.136077342882273,-0.983345395893665,-0.983374128455018,2.8626900127726174e-05,1.0566122532473798e-07
6676.4853908770365,-0.9824672599079394,0.7989010542058234,0.17716523964322536,1.7813683141137626,1.1596324995511647,-0.9824391681570771,-0.982467365409381,2.8091750862269116e-05,1.0550144158294472e-07
6741.868853201818,-0.9815380197211053,0.8249186081146264,0.20212631687394764,1.8064566278357317,1.183664336595053,-0.9815104545059137,-0.9815381250625017,2.756521519164945e-05,1.0534139638362916e-07
6807.892622049489,-0.9805864432290935,0.8512545173730742,0.22759607187092487,1.8318409606021677,1.2081825151000183,-0.9805593960470986,-0.980586548410109,2.7047181994865888e-05,1.0518101545287095e-07
6874.562968003238,-0.9796126729365312,0.8779113822510496,0.2535842213166615,1.857524055187581,1.2331968942531928,-0.9795861353954847,-0.979612777956766,2.6537541046534052e-05,1.0502023484182388e-07
6941.88622305476,-0.9786168528302082,0.9048918186593308,0.2801006825664594,1.883508671489539,1.2587175353966675,-0.9785908166471874,-0.9786169576892101,2.6036183020772263e-05,1.0485900192591657e-07
7009.868781205523,-0.9775991283520338,0.9321984582200313,0.3071555778094403,1.909797586572065,1.2847547061614741,-0.9775735853525401,-0.9775992330493085,2.5542999493644025e-05,1.046972747387187e-07
7078.517099074066,-0.9765596463716336,0.9598339483373137,0.33475923831167786,1.9363935947089472,1.3113188846833115,-0.9765345884886837,-0.9765597509066511,2.5057882949930388e-05,1.0453501753104888e-07
7147.837696509242,-0.9754985551586044,0.9878009522683262,0.36292220874290243,1.9632995074269306,1.3384207639015069,-0.9754739744318215,-0.9754986595308062,2.4580726782907902e-05,1.0437220177017537e-07
7217.837157209323,-0.9744160043544615,1.0161021491943325,0.3916552515883145,1.990518153548794,1.3660712559427761,-0.9743918929291615,-0.9744161085632655,2.4111425300010758e-05,1.0420880403039234e-07
7288.522129347456,-0.9733121449442883,1.0447402342921368,0.42096935164716603,2.0180523792364253,1.3942814965914543,-0.9732884950705646,-0.9733122489890929,2.364987372371896e-05,1.0404480454972997e-07
7359.89932620296,-0.9721871292281241,1.0737179188056896,0.45087572061963826,2.0459050480338137,1.4230628498477624,-0.9721639332599306,-0.9721872331083121,2.3195968193556737e-05,1.0388018800711052e-07
7431.975526798938,-0.97104111079211,1.1030379301179107,0.4813858017836366,2.0740790409100205,1.4524269125757465,-0.9710183611863404,-0.9710412145070493,2.274960576953422e-05,1.0371493930350084e-07
7504.7575765461515,-0.9698742444794115,1.132703011822789,0.5125112747632766,2.1025772563022005,1.4823855192426882,-0.9698519337949792,-0.9698743480284574,2.2310684432258476e-05,1.0354904589338076e-07
7578.252387893033,-0.968686686360951,1.1627159237976399,0.5442640603905965,2.131402610158591,1.5129507467515475,-0.9686648072578661,-0.9686867897434452,2.1879103084931906e-05,1.0338249423202939e-07
7652.466940982379,-0.9674785937059616,1.1930794422756947,0.576656325662411,2.1605580359816563,1.5441349193683727,-0.9674571389444075,-0.9674786969212339,2.1454761554018376e-05,1.0321527232903804e-07
7727.408284314162,-0.9662501249523998,1.2237963599188266,0.6097004887938612,2.1900464848712264,1.575950613746261,-0.9662290873918105,-0.9662502279997665,2.1037560589354243e-05,1.0304736663968583e-07
7803.083535414994,-0.9650014396772302,1.254869485890545,0.643409224370576,2.219870925567775,1.6084106640478062,-0.9649808122753654,-0.9650015425559925,2.0627401864814487e-05,1.0287876228698423e-07
7879.499881514139,-0.9637326985666094,1.2863016459292567,0.6777954686012512,2.250034344495866,1.6415281671678605,-0.9637124743786302,-0.963732801276053,2.022418797920089e-05,1.0270944361678858e-07
7956.664580225989,-0.9624440633859963,1.3180956824216232,0.7128724246723216,2.2805397458076193,1.6753164880583178,-0.9624242355635434,-0.9624441659253901,1.982782245291137e-05,1.0253939375370891e-07
8034.584960239549,-0.961135696950204,1.3502544544763757,0.7486535682069905,2.3113901514265796,1.7097892651571944,-0.9611162587404727,-0.9611357993187981,1.943820973127064e-05,1.0236859415702071e-07
8113.268422014347,-0.9598077630934256,1.382780837998145,0.7851526528300414,2.3425886010915704,1.744960415923467,-0.959788707838246,-0.9598078652904517,1.9055255179645236e-05,1.0219702606395487e-07
8192.722438483323,-0.9584604266392551,1.4156777257616473,0.8223837158407572,2.3741381524009024,1.7808441424800123,-0.9584417477741703,-0.9584605286639242,1.8678865084775786e-05,1.0202466904640772e-07
8272.954555762593,-0.9570938533707226,1.4489480274860695,0.8603610839957493,2.406041880856792,1.817454937366472,-0.9570755444240702,-0.9570939552222253,1.8308946652445535e-05,1.0185150267627563e-07
8353.972393868022,-0.9557082100003746,1.4825946699096528,0.8990993794037095,2.4383028799100277,1.8548075894040843,-0.9556902645923707,-0.9557083116778825,1.7945408003927632e-05,1.0167750785772256e-07
8435.783647439113,-0.9543036641404167,1.5166205968646003,0.9386135255342656,2.470924261005017,1.8929171896746824,-0.9542860759822401,-0.9543037656430823,1.7588158176540247e-05,1.015026656059348e-07
8518.396086469686,-0.9528803842729466,1.551028769352122,0.9789187533428335,2.503909153625069,1.9317991376157801,-0.9528631471658281,-0.9528804855999076,1.723710711853954e-05,1.013269609329015e-07
8601.817557045852,-0.9514385397203001,1.5858221656177884,1.0200306075137529,2.5372607053380887,1.9714691472340529,-0.9514216475546124,-0.9514386408706818,1.6892165687676375e-05,1.011503816261694e-07
8686.055982091233,-0.9499783006155329,1.6210037812270675,1.061964952823755,2.5709820818426,2.011943253439288,-0.9499617473698854,-0.9499784015884535,1.6553245647532577e-05,1.0097292058031115e-07
8771.1193621193,-0.948499837873064,1.656576629141076,1.10473798062794,2.6050764670141398,2.053237818501004,-0.9484836176133998,-0.9484999386676412,1.6220259664190273e-05,1.0079457712919293e-07
8857.015775993417,-0.9470033231594981,1.6925437397927012,1.1483662154707506,2.6395470629521993,2.0953695386302487,-0.9469874300381964,-0.9470034237748579,1.589312130167997e-05,1.0061535982153202e-07
8943.75338169401,-0.9454889288638256,1.7289081611627901,1.1928665218237773,2.674397090026616,2.138355450687603,-0.9454733571187413,-0.9454890292990475,1.5571745084375088e-05,1.004352219169391e-07
9031.340417093379,-0.943956828053246,1.765672958856682,1.2382561109531025,2.709629786909928,2.1822129390063485,-0.9439415720067786,-0.9439569283073298,1.5256046467349016e-05,1.0025408381242329e-07
9119.785200738144,-0.9424071944701642,1.8028412161809508,1.2845525479183322,2.745248410651115,2.2269597423884964,-0.9423922485286038,-0.9424072945422789,1.4945941560373655e-05,1.0007211470597355e-07
9209.096132639132,-0.9408402024928113,1.8404160342203324,1.3317737587056766,2.7812562367131437,2.2726139611984877,-0.9408255611452304,-0.9408403023820846,1.4641347580890418e-05,9.988927329729336e-08
9299.281695069396,-0.9392560270983749,1.8784005319150034,1.379938037497746,2.817656559013378,2.319194064596121,-0.9392416849157444,-0.9392561268039025,1.4342182630411315e-05,9.970552761195961e-08
9390.35045336967,-0.9376548438343045,1.9167978461380195,1.4290640540822739,2.854452689972324,2.3667188979165785,-0.9376407954686115,-0.9376549433551564,1.404836569307566e-05,9.952085189279813e-08
9482.31105676189,-0.9360368287895711,1.9556111317729705,1.4791708614023524,2.8916479605625414,2.4152076901919237,-0.9360230689729374,-0.9360369281247987,1.3759816633651667e-05,9.933522759908442e-08
9575.172239170688,-0.9344021585658965,1.9948435617919555,1.530277903250895,2.929245720357852,2.4646800618167917,-0.9343886821097007,-0.9344022577145372,1.34764561957601e-05,9.914864074200835e-08
9668.942820052744,-0.9327510102489777,2.0344983273336843,1.5824050221116623,2.967249337582662,2.51515603236064,-0.9327378120429782,-0.9327511092100598,1.3198205999431778e-05,9.896108210671883e-08
9763.631705234642,-0.9310835613797077,2.0745786377819817,1.6355724671498655,3.0056621991616894,2.5666560285295734,-0.9310706363911708,-0.9310836601522546,1.2924988536888726e-05,9.877254691925685e-08
9859.247887758542,-0.9293999899254299,2.1150877208443672,1.6898009023546154,3.044487710769797,2.6192008922800456,-0.9293873331982572,-0.9294000885084618,1.2656727172766224e-05,9.858303184895334e-08
9955.800448736325,-0.9277004742512208,2.156028822630996,1.7451114148363533,3.0837292968822165,2.672811889087574,-0.9276880809050825,-0.9277005726437579,1.2393346138339645e-05,9.83925371178529e-08
10053.298558212118,-0.9259851930912364,2.1974052077337487,1.8015255232817167,3.1233904008249853,2.727510716372953,-0.9259730583207058,-0.9259852912922997,1.2134770530636274e-05,9.820106328106704e-08
10151.751476033045,-0.924254325520128,2.2392201593056,1.8590651865689247,3.163474484825728,2.7833195120890526,-0.9242424445938209,-0.9242544235287403,1.1880926307106243e-05,9.80086123369972e-08
10251.168552728926,-0.9225080509245418,2.281476979140288,1.9177528125465333,3.20398503006483,2.840260863471075,-0.9224964191842587,-0.9225081487397285,1.1631740283069014e-05,9.781518672813405e-08
10351.559230400173,-0.9207465489747324,2.324178987752135,1.9776112669783399,3.2449255367268677,2.898357815953072,-0.9207351618346042,-0.9207466465955216,1.1387140128160667e-05,9.762078923003514e-08
10452.9330436146,-0.9189699995962911,2.367329524456156,2.038663882657578,3.2862995240524473,2.957633882253869,-0.9189588525419295,-0.9189700970217125,1.1147054361559938e-05,9.742542139701271e-08
10555.299620312993,-0.9171785829420156,2.4109319474484203,2.100934468693406,3.328110530390436,3.0181130516354218,-0.917167671529667,-0.9171786801711009,1.0911412348546534e-05,9.72290853384905e-08
10658.668682723366,-0.9153724793639373,2.4549896338865747,2.1644473199726484,3.370362113250512,3.079819799336586,-0.9153617992196417,-0.9153725763957191,1.0680144295616145e-05,9.703178183162464e-08
10763.05004828457,-0.9135518693855132,2.49950597997077,2.2292272268002744,3.4130578493562833,3.1427790961857878,-0.913541416204267,-0.9135519662190238,1.04531812462616e-05,9.683351054334821e-08
10868.453630578531,-0.9117169336740117,2.544484401024701,2.295299484721391,3.456201334698713,3.2070164183954026,-0.911706703218935,-0.9117170303082825,1.023045507675402e-05,9.66342708075274e-08
10974.889440271842,-0.9098678530131027,2.589928331576899,2.362689904528202,3.4997961845900014,3.2725577575413047,-0.909857841114613,-0.9098679494471649,1.0011898489703519e-05,9.6434062180073e-08
11082.367586066555,-0.9080048082756654,2.6358412254423476,2.4314248224553467,3.543846033718013,3.3394296307310123,-0.9079950108306551,-0.9080049045085481,9.797445010284456e-06,9.623288266258356e-08
11190.898275660076,-0.9061279803968415,2.682226555804227,2.501531110566687,3.5883545362010687,3.4076590909635285,-0.9061183933678607,-0.9061280764275725,9.587028980795331e-06,9.603073103381377e-08
11300.49181671491,-0.9042375503473319,2.7290878152960607,2.573036187337379,3.6333253656433926,3.477273737684711,-0.9042281697617774,-0.9042376461749384,9.380585554441545e-06,9.582760651660749e-08
11411.15861783744,-0.9023336991069746,2.7764285160839677,2.6459680284342455,3.6787622151909423,3.54830172754122,-0.902324521056284,-0.9023337947304841,9.178050690561435e-06,9.562350955505394e-08
11522.909189566537,-0.9004166076386058,2.824252189949216,2.720355177698306,3.724668797587822,3.6207717853369115,-0.9004076282774575,-0.9004167030570482,8.979361148298004e-06,9.541844248062148e-08
11635.754145371831,-0.8984864568622236,2.8725623883710845,2.7962267583330442,3.771048845233308,3.694713215195268,-0.8984776724077432,-0.8984865520746346,8.784454480381676e-06,9.521241095544752e-08
11749.70420266154,-0.8965434276294804,2.9213626826097734,2.8736124843017086,3.817906110239254,3.770155911931189,-0.896534834360453,-0.8965435226349043,8.593269027357131e-06,9.500542397233858e-08
11864.770183800625,-0.8945877006985009,2.9706566637898577,2.9525426719380774,3.8652443644883587,3.8471303726365784,-0.8945792949545898,-0.8945877954959964,8.405743911144015e-06,9.479749552010475e-08
11980.963017138467,-0.8926194567071254,3.020447942983741,3.033048251773696,3.9130673996908665,3.9256677084808214,-0.8926112348880362,-0.8926195512957099,8.22181908921582e-06,9.458858452049412e-08
12098.293738046817,-0.8906388761450702,3.0707401512954795,3.1151607805859647,3.96137902744055,4.0057996567310346,-0.890630834709862,-0.8906389705238054,8.041435208161474e-06,9.437873516038309e-08
12216.77348996793,-0.8886461393389015,3.1215369399448267,3.1989124536707623,4.0101830792837285,4.087558593009664,-0.8886382748051985,-0.8886462335068762,7.86453370293927e-06,9.416797475125804e-08
12336.413525472715,-0.8866414264202431,3.1728419803514742,3.2843361173435617,4.059483406771717,4.170977543763804,-0.8866337353634355,-0.886641520376538,7.691056807646035e-06,9.3956294855424e-08
12457.225207329733,-0.8846249173011228,3.224658964219689,3.3714652816733905,4.1092838815208115,4.256090198974514,-0.8846173963536135,-0.8846250110448154,7.5209475093318545e-06,9.374369258630111e-08
12579.22000958418,-0.8825967916502666,3.276991603623029,3.4603341334532827,4.159588395273296,4.342930925103549,-0.8825894375007206,-0.882596885180433,7.354149546001665e-06,9.353016638957712e-08
12702.40951864768,-0.880557228869597,3.3298436310894526,3.5509775494118143,4.21040085995905,4.431534778281411,-0.880550038262198,-0.8805573221853157,7.190607398954718e-06,9.331571870774269e-08
12826.805434398751,-0.8785064080709581,3.3832187996865684,3.6434311096697134,4.261725207757527,4.521937517740671,-0.8784993778046689,-0.8785065011713112,7.030266289231868e-06,9.31003530935115e-08
12952.419571293784,-0.8764445080530675,3.4371208831071427,3.7377311114459375,4.3135653911602105,4.614175619499005,-0.8764376349808972,-0.8764446009371434,6.873072170288097e-06,9.288407587515479e-08
13079.26385948943,-0.8743717072787013,3.49155367575502,3.833914583017949,4.365925383033721,4.70828629029665,-0.8743649883069761,-0.8743717999455949,6.71897172521696e-06,9.266689360298841e-08
13207.350345975468,-0.87228818385213,3.546520992831088,3.9320192979400317,4.418809176683218,4.804307481792161,-0.8722816159397715,-0.8722882763009451,6.567912358534933e-06,9.244881504777425e-08
13336.691195718993,-0.8701941154968053,3.6020266704196,4.032083789524722,4.472220785916405,4.902277905021528,-0.8701876956546128,-0.8701942077266542,6.419842192406655e-06,9.22298489802742e-08
13467.298692819852,-0.868089679533305,3.658074565574797,4.134147365591897,4.5261642451081014,5.002237045125201,-0.868083404823245,-0.8680897715433099,6.27471005998359e-06,9.201000494840628e-08
13599.185241677093,-0.8659750528575579,3.714668556407553,4.238250123489725,4.580643609265111,5.104225176347283,-0.8659689203920576,-0.8659751446468502,6.132465500297002e-06,9.178929227804389e-08
13732.3633681674,-0.86385041191933,3.771812542172661,4.344432965393387,4.635662954091991,5.208283377312717,-0.8638444188605775,-0.8638505034870502,5.993058752484792e-06,9.156772018403814e-08
13866.845720834517,-0.861715932701011,3.8295104433560114,4.452737613885071,4.691226376057022,5.314453546586082,-0.8617100762602623,-0.8617160240463089,5.856440748686076e-06,9.134529788124013e-08
14002.645072090587,-0.8595717906966879,3.8877662017622296,4.563206627821224,4.747337992458918,5.422778418517912,-0.8595660681335786,-0.8595718818187222,5.72256310926722e-06,9.112203436245636e-08
14139.774319429214,-0.8574181608915217,3.946583780602477,4.67588341849155,4.804001941493999,5.533301579383071,-0.8574125695133854,-0.8574182517894599,5.59137813627153e-06,9.089793817640412e-08
14278.246486650456,-0.8552552177414341,4.005967164582585,4.790812266075193,4.861222382324019,5.646067483816627,-0.8552497549026266,-0.8552553084144512,5.462838807535064e-06,9.067301709464459e-08
14418.074725097513,-0.8530831351531156,4.065920359991304,4.908038336398882,4.91900349514442,5.7611214715519985,-0.853077798254346,-0.8530832256003951,5.336898769581211e-06,9.044727944385045e-08
14559.272314906131,-0.8509020864643537,4.126447394789032,5.027607698003051,4.977349481253386,5.878509784467404,-0.8508968729520212,-0.850902176685086,5.213512332513659e-06,9.022073232944905e-08
14701.852666265642,-0.8487122444247004,4.187552318696631,5.1495673395205,5.036264563121332,5.9982795839452,-0.8487071517902378,-0.8487123344180844,5.092634462577905e-06,8.999338396709078e-08
14845.829320692648,-0.8465137811764833,4.249239203284497,5.273965187373495,5.09575298446098,6.120478968549978,-0.8465088069557067,-0.8465138709417251,4.974220776610139e-06,8.97652417952699e-08
14991.215952317185,-0.8443068682361635,4.31151214206201,5.4008501237949895,5.155819010298173,6.245156992031153,-0.8443020100086289,-0.8443069577724781,4.858227534598747e-06,8.953631458474831e-08
15138.026369181174,-0.8420916764760574,4.374375250567049,5.5302720051790875,5.216466927043106,6.372363681655145,-0.8420869318644243,-0.8420917657826699,4.744611633133999e-06,8.930661243855553e-08
15286.274514550198,-0.8398683761064193,4.437832666456032,5.66228168076738,5.277701042562451,6.502150056873799,-0.8398637427758194,-0.8398684651825651,4.633330599856933e-06,8.9076145792788e-08
15435.974468237515,-0.8376371366579053,4.501888549594005,5.796931011676044,5.3395256862519105,6.634568148333949,-0.8376326123153203,-0.8376372255028336,4.524342585021657e-06,8.884492830318891e-08
15587.140447941354,-0.8353981269643194,4.5665470821450125,5.934272890270154,5.401945209109332,6.769671017234473,-0.8353937093579554,-0.8353982155772869,4.417606363937843e-06,8.861296751927483e-08
15739.786810595282,-0.8331515151437279,4.631812468662877,6.074361259891426,5.464963983806605,6.907512775035154,-0.8331472020623947,-0.8331516035239908,4.313081333195967e-06,8.838026288593426e-08
15893.928053731508,-0.8308974685846959,4.697688936181919,6.217251134944673,5.528586404766615,7.048148603529369,-0.8308932578572322,-0.8308975567315419,4.2107274637048775e-06,8.814684593350108e-08
16049.578816858157,-0.8286361539288581,4.764180734308447,6.362998621350867,5.592816888237305,7.191634775279725,-0.8286320434235054,-0.8286362418415805,4.110505352761251e-06,8.791272232411274e-08
16206.753882849396,-0.8263677370540119,4.83129213531198,6.5116609373710235,5.657659872365992,7.338028674425035,-0.8263637246778208,-0.8263678247319105,4.0123761910759725e-06,8.767789860808506e-08
16365.468179349502,-0.8240923830585201,4.899027434217055,6.663296434809141,5.723119817275576,7.487388817867661,-0.8240884667567644,-0.8240924705009031,3.916301755668705e-06,8.744238300106844e-08
16525.73678019067,-0.8218102562460277,4.9673909488952175,6.817964620599912,5.789201205141245,7.639774876845939,-0.821806434001624,-0.8218103434522118,3.822244403650643e-06,8.720618416280246e-08
16687.574906824375,-0.8195215201104924,5.036387020157156,6.9757261787878155,5.855908540267649,7.795247698898308,-0.8195177899434254,-0.819521607079805,3.7301670670064624e-06,8.696931264040586e-08
16850.997929767436,-0.81722633732152,5.106020011845366,7.136642992905174,5.923246349166885,7.953869330226694,-0.8172226972882738,-0.8172264240532985,3.6400332461550278e-06,8.673177853690817e-08
17016.02137006155,-0.8149248697100231,5.176294310926798,7.300778168754913,5.99121918063682,8.115703038464936,-0.814921317903019,-0.8149249562036158,3.5518070040652105e-06,8.649359273249502e-08
17182.660900747458,-0.8126172782541893,5.24721432758596,7.468196057606024,6.059831605840149,8.280813335860213,-0.8126138128012298,-0.8126173645089565,3.465452959483528e-06,8.625476721757508e-08
17350.932348353577,-0.8103037230657723,5.3187844953181695,7.638962279808288,6.1290882183839415,8.44926600287406,-0.8103003421294906,-0.8103038090810857,3.3809362816050736e-06,8.60153134274455e-08
17520.851694398814,-0.8079843633767021,5.391009271023069,7.813143748833564,6.198993634399772,8.621128112210267,-0.8079810651540175,-0.8079844491519449,3.298222684633423e-06,8.577524279740345e-08
17692.43507691084,-0.8056593575260095,5.463893135098559,7.990808695751629,6.269552492624568,8.79646805327764,-0.8056561402475898,-0.8056594430605771,3.2172784196760063e-06,8.553456765092449e-08
17865.698791958504,-0.8033288629470826,5.537440591534818,8.172026694147052,6.3407694544819,8.975355557094135,-0.8033257248768123,-0.8033289482403818,3.138070270303217e-06,8.529329920126116e-08
18040.659295199635,-0.8009930361552435,5.611656168008658,8.35686868548543,6.412649204163901,9.157861721640675,-0.800989975589697,-0.8009931212066929,3.0605655465532067e-06,8.505144932779984e-08
18217.333203443963,-0.7986520327356487,5.686544415978243,8.545407004936743,6.485196448713891,9.344059037672393,-0.7986490480035708,-0.7986521175446775,2.9847320778264574e-06,8.480902879970387e-08
18395.737296231004,-0.7963060073315279,5.762109910777696,8.737715407662645,6.558415918109223,9.534021414994173,-0.7963030967933202,-0.7963060918975771,2.9105382076677344e-06,8.456604916329269e-08
18575.888517424148,-0.7939551136327345,5.838357251712661,8.933869095578057,6.6323123653453955,9.727824209210791,-0.7939522756799481,-0.7939551979552559,2.8379527864386134e-06,8.432252140977425e-08
18757.80397681959,-0.791599504364646,5.915291062155409,9.13394474459205,6.706890566520054,9.925544248956696,-0.7915967374194789,-0.7915995884431017,2.7669451670986334e-06,8.407845575320039e-08
18941.500951771388,-0.7892393312773848,5.992915989640659,9.3380205323389,6.782155320918044,10.127259863616285,-0.7892366337921874,-0.7892394151112486,2.697485197322713e-06,8.383386385091285e-08
19126.996888832487,-0.7868747451353786,6.071236705961535,9.546176166406461,6.858111451096914,10.33305091154184,-0.7868721155921644,-0.7868748287241347,2.629543214172081e-06,8.358875613900807e-08
19314.30940541135,-0.784505895707259,6.1502579072656935,9.758492913070276,6.934763802972952,10.542998808777535,-0.7845033326172209,-0.7845059790504033,2.5630900380990695e-06,8.334314427482781e-08
19503.456291445647,-0.782132931756091,6.229984314151973,9.975053626543334,7.012117245908064,10.757186558299425,-0.782130433659124,-0.78213301485313,2.4980969669519126e-06,8.30970390275354e-08
19694.455511091543,-0.7797560010299485,6.310420671767036,10.195942778748575,7.090176672796985,10.975698779778524,-0.7797535664941804,-0.7797560838804021,2.434535768092161e-06,8.285045360878485e-08
19887.325204429908,-0.7773752502528283,6.391571749902506,10.421246489624632,7.168947000155335,11.19862173987746,-0.7773728778741532,-0.7773753328562292,2.372378675064013e-06,8.260340089716323e-08
20082.083689189247,-0.7749908251154942,6.473442343092202,10.65105255797287,7.248433168207696,11.426043383088365,-0.7749885135171042,-0.7749909074713786,2.3115983900368064e-06,8.235588433436192e-08
20278.749462485084,-0.7726028702669356,6.556037270709636,10.885450492855329,7.328640140976572,11.658053363122264,-0.7726006180988825,-0.7726029523748597,2.252168053162862e-06,8.210792401541767e-08
20477.34120257723,-0.7702115293070286,6.639361377066066,11.12453154555389,7.409572906373095,11.894743074860918,-0.7702093352457685,-0.7702116111665608,2.194061260119007e-06,8.185953215278374e-08
20677.877770643398,-0.7678169447777845,6.723419531508465,11.368388742098453,7.491236476286249,12.136205686876238,-0.7678148075257325,-0.7678170263885029,2.1372520520035465e-06,8.161071840540046e-08
20880.378212570628,-0.7654192581557763,6.808216628517945,11.617116916375332,7.5736358866737215,12.382536174531108,-0.7654171764408709,-0.7654193395172695,2.0817149053442563e-06,8.136149320936426e-08
21084.86176076424,-0.763018609844892,6.893757587808453,11.870812743825287,7.656776197653345,12.633831353670178,-0.763016582420164,-0.7630186909567588,2.0274247279905566e-06,8.111186677872695e-08
21291.3478359741,-0.7606151391693852,6.980047354425606,12.129574775740812,7.740662493594991,12.890189914910197,-0.760613164812533,-0.7606152200312357,1.974356852119108e-06,8.08618505487857e-08
21499.85604913958,-0.7582089843672136,7.067090898846025,12.393503474174052,7.825299883213238,13.151712458541265,-0.7582070618801844,-0.7582090649786694,1.922487029237807e-06,8.061145573279305e-08
21710.406203251798,-0.7558002825836763,7.154893217076781,12.662701247464453,7.910693499660457,13.418501530048129,-0.7557984107922505,-0.755800362944369,1.8717914257448953e-06,8.036069276684543e-08
21923.018295234455,-0.7533891698653392,7.243459330755093,12.937272486397257,7.996848500620432,13.690661656262597,-0.7533873476187237,-0.7533892499749133,1.8222466154904637e-06,8.010957408544073e-08
22137.712517843134,-0.7509757811542476,7.332794287248456,13.217323601004097,8.083770068402703,13.968299382158344,-0.7509740073246721,-0.7509758610123582,1.7738295754465838e-06,7.985811067978688e-08
22354.509261582745,-0.7485602502824296,7.422903159754762,13.50296305801507,8.171463410037191,14.251523308297498,-0.7485585237647492,-0.7485603298887439,1.7265176803782367e-06,7.960631431824794e-08
22573.42911664464,-0.7461427099666742,7.513791047403125,13.79430141897594,8.259933757369799,14.540444128942614,-0.7461410296779768,-0.7461427893208704,1.6802886974032205e-06,7.935419621407647e-08
22794.4928748618,-0.7437232918036026,7.605463075354587,14.091451379038777,8.34918636715819,14.83517467084238,-0.743721656682823,-0.7437233709053706,1.635120779663879e-06,7.910176791359191e-08
23017.721531683626,-0.7413021262650132,7.697924394903247,14.394527806439555,8.43922652116826,15.135829932704569,-0.7413005352725511,-0.7413022051140541,1.5909924621082538e-06,7.884904085209143e-08
23243.136288170055,-0.7388793426935054,7.791180183577806,14.703647782673965,8.530059526271312,15.44252712536747,-0.738877794810849,-0.7388794212895311,1.5478826563830594e-06,7.859602568771606e-08
23470.758553004773,-0.7364550692983856,7.885235645242988,15.018930643381927,8.621690714541373,15.755385712680312,-0.7364535635277416,-0.7364551476411199,1.5057706439502994e-06,7.834273429985217e-08
23700.609944529024,-0.7340294331518373,7.980096010201781,15.340498019955545,8.714125443353618,16.074527453107383,-0.734027968515764,-0.734029511241014,1.4646360733117092e-06,7.808917668050697e-08
23932.71229279446,-0.731602560185372,8.075766535297522,15.668473881879764,8.807369095482894,16.400076442065135,-0.73160113572642,-0.7316026380207363,1.4244589519041284e-06,7.783536437599992e-08
24167.08764163652,-0.7291745751865475,8.172252504016448,16.002984579820065,8.901427079202996,16.732159155006613,-0.7291731899669037,-0.7291746527678552,1.385219643768032e-06,7.758130771140515e-08
24403.75825076815,-0.7267456017959528,8.269559226590546,16.344158889469377,8.9963048283865,17.07090449126533,-0.7267442548970903,-0.7267456791229701,1.3468988625531253e-06,7.732701723384139e-08
24642.74659789349,-0.724315762504465,8.367692040100442,16.692128056166055,9.092007802604908,17.41644381867052,-0.7243144530267981,-0.7243158395769688,1.3094776669664299e-06,7.707250371247198e-08
24884.07538084329,-0.7218851786507618,8.466656308578994,17.047025840298318,9.188541487229756,17.76891101894908,-0.7218839057133062,-0.7218852554685398,1.2729374556652573e-06,7.681777791646027e-08
25127.767519730252,-0.7194539704191025,8.56645742311484,17.40898856350574,9.285911393533944,18.128442533924844,-0.7194527331591398,-0.7194540469819529,1.237259962705295e-06,7.656285039292499e-08
25373.84615912593,-0.7170222568373699,8.667100801956243,17.77815515569257,9.384123058793612,18.49517741252994,-0.7170210544101181,-0.717022333145102,1.2024272517674461e-06,7.630773213307407e-08
25622.334670258995,-0.7145901557753656,8.768591890615362,18.15466720286689,9.483182046390727,18.869257358642255,-0.7145889873536541,-0.7145902318278,1.1684217114948936e-06,7.605243446118237e-08
25873.256653234494,-0.7121577839433038,8.870936161972631,18.53866899581834,9.583093945915936,19.250826779761645,-0.7121566487172506,-0.7121578597402702,1.135226053161631e-06,7.57969664810787e-08
26126.635939275875,-0.7097252568903328,8.974139116381656,18.93030757965042,9.68386437327199,19.640032836540755,-0.7097241540670304,-0.709725332431672,1.1028233024568124e-06,7.554133918397099e-08
26382.496592987947,-0.7072926890038583,9.07820628177416,19.329732804179397,9.785498970778018,20.037025493183254,-0.7072916178070627,-0.7072927642894211,1.071196795598972e-06,7.528556278391108e-08
26640.862914642505,-0.7048601935086242,9.183143213765312,19.737097375216194,9.888003407273937,20.441957568724817,-0.704859153178448,-0.7048602685382713,1.0403301761163775e-06,7.502964716188387e-08
26901.759442486342,-0.702427882466153,9.288955495759417,20.15255690674576,9.99138337822557,20.854984789211915,-0.7024268722587642,-0.7024279572397557,1.0102073887408025e-06,7.477360275398581e-08
27165.21095507133,-0.6999958667744526,9.395648739055526,20.57626997401739,10.095644605829978,21.276265840791844,-0.6999948859617771,-0.6999959412918919,9.808126755217472e-07,7.451743933017951e-08
27431.242473608407,-0.6975642561679243,9.503228582954025,21.008398167565154,10.200792839121949,21.70596242373308,-0.6975633040373531,-0.697564330429091,9.521305711635009e-07,7.42611667714499e-08
27699.879264343526,-0.6951331592175104,9.611700694862742,21.449106148168998,10.306833854080253,22.144239307386506,-0.6951322350716126,-0.6951332332223054,9.241458978070938e-07,7.400479495878187e-08
27971.146840957404,-0.6927026833310468,9.721070770403854,21.898561702776377,10.413773453734901,22.591264386107422,-0.6927017864872853,-0.6927027570793806,8.968437614775837e-07,7.374833377316037e-08
28245.070966988693,-0.6902729347538313,9.831344533520834,22.356935801398468,10.521617468274666,23.0472087361523,-0.6902720645442837,-0.6902730082456243,8.702095476431637e-07,7.3491792984548e-08
28521.677658280958,-0.6878440185694005,9.94252773658583,22.82440265499816,10.630371755155231,23.51224667356756,-0.6878431743404845,-0.6878440918045828,8.442289159971139e-07,7.323518236290738e-08
28800.993185453077,-0.6854160387005157,10.05462616050711,23.301139774385177,10.740042199207625,23.986555813085694,-0.6854152198127185,-0.685416111679027,8.188877972381547e-07,7.297851134513422e-08
29083.04407639496,-0.6829890979103447,10.167645614837118,23.787328030137804,10.850634712747462,24.470317128048148,-0.6829883037379569,-0.6829891706321344,7.941723877413764e-07,7.272178970119114e-08
29367.857118786582,-0.6805632978038485,10.28159193788057,24.283151713565253,10.962155235684419,24.963715011369104,-0.6805625277347023,-0.6805633702688749,7.700691462275699e-07,7.246502642388464e-08
29655.459362642236,-0.6781387388293637,10.396470996802849,24.7887985987298,11.074609735632214,25.466937337559166,-0.6781379922645742,-0.6781388110375949,7.465647895443794e-07,7.220823117215502e-08
29945.878122879727,-0.6757155202803738,10.51228868773883,25.30446000554678,11.188004208019203,25.980175525827153,-0.675714796634086,-0.6757155922317865,7.236462878923433e-07,7.19514126057419e-08
30239.140981914094,-0.6732937402974749,10.629050935901759,25.83033086397855,11.302344676199233,26.503624604276023,-0.6732930389966141,-0.6732938119920552,7.013008608280913e-07,7.169458027256326e-08
30535.275792277993,-0.6708734958705198,10.746763695692762,26.366609779343595,11.417637191563282,27.037483275214115,-0.6708728163545455,-0.6708735673082626,6.795159742667423e-07,7.143774283235871e-08
30834.31067926648,-0.6684548828409516,10.865432950810316,26.913499098756308,11.533887833651267,27.58195398159726,-0.6684542245616163,-0.668454954021861,6.582793352638561e-07,7.118090938895705e-08
31136.274043608326,-0.6660379959043139,10.985064714360146,27.47120497871806,11.65110271026446,28.137242974622374,-0.6660373583254252,-0.6660380668284019,6.375788886847644e-07,7.092408804698636e-08
31441.19456416349,-0.6636229286129327,11.105665028965543,28.03993745387916,11.769287957578475,28.703560382492093,-0.6636223112101199,-0.6636229992802206,6.174028127636788e-07,7.066728791027543e-08
31749.10120064638,-0.661209773378782,11.227239966877486,28.619910506988163,11.888449740256268,29.281120280366945,-0.6612091756392658,-0.6612098437892995,5.977395161060883e-07,7.041051752754157e-08
32060.023196377046,-0.6587986214765024,11.34979563008581,29.21134214005402,12.008594251562313,29.87014076153052,-0.6587980428988692,-0.6587986916302879,5.785776331368453e-07,7.015378555852436e-08
32373.99008105805,-0.6563895630465991,11.473338150430019,29.81445444673477,12.129727713476617,30.47084400978137,-0.6563890031405781,-0.6563896329436992,5.599060209915407e-07,6.989710010785188e-08
32691.03167357918,-0.6539826870987948,11.597873689710655,30.4294736859774,12.25185637680945,31.083456373076196,-0.6539821453850398,-0.6539827567392644,5.417137549645901e-07,6.964046961321912e-08
33011.178084849584,-0.6515780815155435,11.72340843980101,31.05663035692873,12.374986521316554,31.708208438444274,-0.651577557525418,-0.651578150899446,5.239901255116308e-07,6.938390251232107e-08
33334.459720657054,-0.6491758330557075,11.849948622758847,31.69615927513661,12.499124455814554,32.345335108192316,-0.6491753263310732,-0.6491759021831148,5.067246342527199e-07,6.912740735387501e-08
33660.90728455657,-0.6467760273583532,11.977500490938846,32.34829965006697,12.624276518297199,32.995075677425326,-0.646775537451362,-0.6467760962293452,4.899069911967757e-07,6.887099202046443e-08
33990.55178078584,-0.6443787489465553,12.106070327105048,33.01329516395375,12.750449076051604,33.65767391290031,-0.6443782754194441,-0.6443788175612186,4.7352711118886504e-07,6.861466328444976e-08
34323.42451721006,-0.6419840812315746,12.235664444543518,33.69139405200648,12.877648525775093,34.33337813323806,-0.6419836236564652,-0.6419841495900036,4.5757510935828805e-07,6.835842902841449e-08
34659.55710829547,-0.6395921065171237,12.36628918717563,34.38284918399855,13.005881293692754,35.02244129051567,-0.6395916644758256,-0.63959217461942,4.420412981209765e-07,6.810229624676367e-08
34998.98147811142,-0.6372029060037517,12.497950929671193,35.08791814725622,13.135153835674945,35.72512105325997,-0.637202479087568,-0.6372029738500248,4.2691618373780216e-07,6.784627304412538e-08
35341.729863363136,-0.6348165597933493,12.630656077562426,35.80686333107587,13.265472637355774,36.44167989086922,-0.6348161476028857,-0.6348166273837154,4.1219046353901945e-07,6.759036608183777e-08
35687.83481645287,-0.6324331468937883,12.764411067357756,36.539952012588536,13.396844214251544,37.172385159482324,-0.6324327490387669,-0.6324332142283715,3.9785502137235085e-07,6.733458324248431e-08
36037.32920857166,-0.630052745223682,12.89922236665608,37.28745644409848,13.529275111879763,37.91750918932216,-0.6300523613227564,-0.630052812302614,3.8390092560458555e-07,6.707893196455927e-08
36390.246232821424,-0.6276754316172634,13.035096474261525,38.04965394192036,13.662771905878788,38.677329373537624,-0.6276750612978373,-0.6276754984406823,3.70319426012955e-07,6.68234189094008e-08
36746.61940736688,-0.6253012818293904,13.17203992029782,38.82682697673579,13.79734120212721,39.45212825856518,-0.6253009247274411,-0.6253013483974418,3.5710194923321836e-07,6.656805140448085e-08
37106.482578619776,-0.6229303705406485,13.310059266324108,39.619263265502774,13.932989636864757,40.242193636043424,-0.6229300263005515,-0.622930436853485,3.4424009698330593e-07,6.63128365552268e-08
37469.86992445288,-0.620562771362584,13.449161105449887,40.42725586493282,14.069723876812471,41.0478186362954,-0.6205624396369416,-0.6205628374203648,3.317256423995829e-07,6.605778080093216e-08
37836.81595744616,-0.6181985568430327,13.589352062450981,41.25110326657041,14.207550619294015,41.869301823413444,-0.6181982372925056,-0.6181986226459237,3.1955052715026966e-07,6.580289102497971e-08
38207.355528164735,-0.6158377984715603,13.730638793885593,42.09110949349725,14.346476592357153,42.70694729196881,-0.6158374907647016,-0.615837864019734,3.077068586598841e-07,6.554817366666299e-08
38581.52382846818,-0.613480566685006,13.873027988210394,42.94758419868682,14.4865085548954,43.561064765371825,-0.6134802704980994,-0.613480631978641,2.9618690655652813e-07,6.529363505425323e-08
38959.35639485382,-0.6111269308731191,14.016526365897544,43.82084276504225,14.627653296770664,44.43196969591537,-0.6111266458900187,-0.6111269959124006,2.8498310034041907e-07,6.503928151602167e-08
39340.88911183113,-0.6087769593843014,14.161140679551362,44.71120640713763,14.769917638935663,45.31998336652193,-0.6087766852962755,-0.6087770241694204,2.740880259421985e-07,6.478511893615035e-08
39726.15821533004,-0.6064307195314362,14.306877714025712,45.61900227469635,14.913308433557148,46.22543299422779,-0.6064304560370122,-0.6064307840625897,2.634944240575976e-07,6.45311534208659e-08
40115.2002961426,-0.6040882775978125,14.453744286541442,46.54456355783249,15.057832564139254,47.1486518354303,-0.6040880244026271,-0.6040883418752033,2.531951853734782e-07,6.427739085435036e-08
40508.05230339747,-0.6017496988431376,14.601747246804122,47.4882295940842,15.20349694564726,48.08997929292734,-0.6017494556597875,-0.6017497628669743,2.431833500127212e-07,6.402383678771884e-08
40904.7515480702,-0.5994150475096274,14.750893477122455,48.45034597727173,15.350308524632082,49.04976102478136,-0.5994148140575242,-0.5994151112801245,2.3345210320435683e-07,6.377049710515337e-08
41305.33570652613,-0.5970843868281875,14.901189892526506,49.43126466820468,15.498274279354694,50.02834905503287,-0.5970841628334139,-0.5970844503455643,2.2399477361823017e-07,6.351737680265757e-08
41709.84282409885,-0.594757779024668,15.052643440886493,50.431344107273034,15.647401219911162,51.0261018862977,-0.5947575642198384,-0.5947578422891496,2.1480482959024272e-07,6.326448165339116e-08
42118.31131870375,-0.5924352853261952,15.205261103031892,51.45094932895186,15.797696388358087,52.043384614278054,-0.592435079450317,-0.5924353483380119,2.0587587812315178e-07,6.301181676438006e-08
42530.77998448602,-0.5901169659675797,15.359049892870491,52.49045207824815,15.94916685883807,53.08056904421573,-0.5901167687659191,-0.5901170287269673,1.9720166055670063e-07,6.275938757571708e-08
42947.28799550616,-0.5878028801977856,15.514016857508516,53.55023092912931,16.1018197377063,54.1380338093271,-0.5878026914217337,-0.5878029427049846,1.8877605190148472e-07,6.250719897238355e-08
43367.874909459824,-0.5854930862864778,15.670169077370176,54.63067140495508,16.255662163656652,55.21616449124156,-0.5854929056934209,-0.5854931485417338,1.8059305684214877e-07,6.225525606140536e-08
43792.58067143498,-0.5831876415306251,15.827513666318051,55.732166100954316,16.410701307848676,56.315353742484945,-0.5831874688838172,-0.5831877035341889,1.7264680785000763e-07,6.200356383878614e-08
44221.44561770588,-0.580886602261168,15.986057771773696,56.85511480877673,16.566944374034865,57.4360014110379,-0.5808864373296047,-0.5808866640132949,1.6493156329566716e-07,6.175212696746257e-08
44654.51047956321,-0.5785900238497456,16.14580857483828,57.999924643151765,16.724398598688026,58.578514667001514,-0.5785898664080418,-0.5785900853506962,1.574417037852882e-07,6.150095066548289e-08
45091.816387183644,-0.5762979607154471,16.306773290414057,59.16701017069481,16.883071251129504,59.74330813141026,-0.5762978105437148,-0.5762980219654853,1.5017173238263126e-07,6.125003815249386e-08
45533.40487353545,-0.5740104663312013,16.46895916732557,60.35679354088827,17.04296963365677,60.93080400721947,-0.5740103232149301,-0.5740105273305941,1.4311627127838733e-07,6.099939275916455e-08
45979.31787832325,-0.5717275932317053,16.63237348844159,61.56970461927929,17.204101081673297,62.141432212511,-0.5717274569616523,-0.5717276539807281,1.3627005301941608e-07,6.074902281216765e-08
46429.597751971385,-0.5694493930198272,16.797023570797148,62.806181122926965,17.366472963816975,63.375630515946796,-0.5694492633918985,-0.569449453518759,1.296279287243962e-07,6.049893175319454e-08
46884.28725964542,-0.5671759163732946,16.962916765715658,64.06666875813465,17.530092682088952,64.63384467450796,-0.5671757931884327,-0.5671759766224175,1.231848618665765e-07,6.024912291291429e-08
47343.42958531484,-0.5649072130517578,17.13006045893205,65.35162136051179,17.694967671983807,65.91652857356354,-0.5649070961158329,-0.5649072730513575,1.1693592494310678e-07,5.999959962199597e-08
47807.06833585373,-0.5626433319038944,17.29846207071547,66.66150103739274,17.861105402619366,67.22414436929664,-0.5626432210275957,-0.5626433916542594,1.1087629869788174e-07,5.975036498906405e-08
48275.24754518244,-0.560384320874537,17.468129055992613,67.99677831265838,18.02851337686715,68.55716263353291,-0.5603842158732689,-0.5603843803759597,1.0500126812473809e-07,5.950142267785452e-08
48748.01167844996,-0.5581302270118326,17.639068904471447,69.35793227399843,18.19719913148328,69.91606250101026,-0.5581301277056095,-0.5581302862646084,9.930622302256609e-08,5.925277579699184e-08
49225.40563625614,-0.5558810964744292,17.81128914076486,70.7454507226499,18.36717023723929,71.30133181912433,-0.5558810026877755,-0.5558811554788564,9.37866536654397e-08,5.900442723305588e-08
49707.47475891731,-0.5536369745386825,17.984797324515217,72.15983032566074,18.5384342990539,72.71346730019941,-0.5536368861005324,-0.553637033295063,8.843815013648282e-08,5.875638042773801e-08
50194.26483077168,-0.5513979056058922,18.159601050518717,73.60157677070922,18.71099895612461,74.15297467631511,-0.5513978223494922,-0.5513979641145301,8.325639999640089e-08,5.850863793455119e-08
50685.82208452787,-0.5491639332095585,18.3357079488502,75.07120492352799,18.88487188205976,75.62036885673754,-0.5491638549723722,-0.5491639914707617,7.823718628507947e-08,5.8261203195186795e-08
51182.19320565607,-0.5469351000226578,18.51312568498842,76.56923898797316,19.06006078501108,77.11617408799582,-0.5469350266462724,-0.5469351580367368,7.337638541216052e-08,5.801407898520239e-08
51683.42533682113,-0.5447114478649424,18.691861959941253,78.0962126687781,19.236573407806194,78.64092411664303,-0.5447113791949759,-0.54471150563221,6.866996649090851e-08,5.776726763606632e-08
52189.56608236116,-0.5424930177102493,18.87192451037182,79.65266933704345,19.41441752808207,80.19516235475369,-0.5424929535962614,-0.5424930752310219,6.411398789651912e-08,5.752077258946997e-08
52700.66351280794,-0.5402798496938332,19.053321108724315,81.23916219849805,19.593600958418147,81.77944204819188,-0.5402797899892366,-0.5402799069684291,5.970459659998539e-08,5.727459584381478e-08
53216.76616945257,-0.5380719831197114,19.236059563350445,82.85625446458201,19.774131546470155,83.39432644770172,-0.538071927681685,-0.5380720401484516,5.543802639174089e-08,5.702874017465831e-08
53737.92306895586,-0.5358694564680176,19.420147718636322,84.50451952639756,19.95601717510434,85.04038898286558,-0.5358694051574227,-0.5358695132512256,5.131059499507984e-08,5.6783207913468914e-08
54264.183708002885,-0.5336723074023791,19.605593455128986,86.1845411315668,20.139265762531366,86.71821343896919,-0.5336722600836746,-0.5336723639403803,4.7318704510246334e-08,5.653800116967034e-08
54795.59806800512,-0.5314805727772869,19.792404689664302,87.8969135640582,20.32388526244159,88.42839413683548,-0.53148052931845,-0.5314806290704095,4.3458836862519945e-08,5.629312260779784e-08
55332.2166198466,-0.529294288645489,19.980589375494286,89.64224182701282,20.509883664139775,90.17153611565831,-0.5292942489179339,-0.5292943446940628,3.972755513448334e-08,5.604857378216366e-08
55874.09032867758,-0.5271134902653839,20.170155502415113,91.42114182863045,20.6972689926805,91.94825531889583,-0.5271134541438838,-0.5271135460697406,3.612150012433091e-08,5.580435669116923e-08
56421.2706587549,-0.5249382121084203,20.361111096895375,93.23424057116036,20.886049309003795,93.75917878326878,-0.524938179471031,-0.5249382676688936,3.263738923564574e-08,5.556047333321601e-08
56973.80957833005,-0.5227684878665009,20.553464222204795,95.08217634304953,21.076232710071295,95.60494483091603,-0.5227684585944861,-0.522768543183426,2.9272014812065095e-08,5.531692515159392e-08
57531.759564583925,-0.5206043504593924,20.747222978542734,96.96559891429261,21.267827329002127,97.486203264752,-0.5206043244371492,-0.5206044055331059,2.602224313807966e-08,5.50737135895929e-08
58095.17360861214,-0.5184458320421278,20.94239550316785,98.8851697350488,21.46084133520998,99.40361556709094,-0.5184458091571156,-0.5184458868729679,2.288501221858752e-08,5.4830840090502875e-08
58664.10522045699,-0.5162929640124159,21.13898997052751,100.84156213756322,21.655282934539926,101.35785510157564,-0.5162929441550851,-0.5162930186007217,1.9857330779693427e-08,5.4588305875569176e-08
59238.60843418976,-0.5141457770180466,21.33701459238739,102.83546154145358,21.851160369405438,103.34960731847163,-0.51414576008177,-0.5141458313641585,1.6936276603374267e-08,5.434611183297022e-08
59818.737813042804,-0.5120043009642904,21.53647761796196,104.86756566241952,22.04848191892625,105.37956996338382,-0.5120042868452951,-0.5120043550685492,1.4118995306233728e-08,5.4104258850884435e-08
60404.54845459073,-0.5098685650212968,21.73738733404452,106.93858472441867,22.247255899065816,107.44845328943997,-0.5098685536185983,-0.5098686188840448,1.1402698563145464e-08,5.386274792851253e-08
60996.09599598471,-0.5077385976314801,21.93975206513851,109.04924167538229,22.44749066276999,109.55698027301378,-0.5077385888468168,-0.5077386512530594,8.784663330096976e-09,5.3621579287899124e-08
61593.43661923564,-0.505614426516902,22.14358017358828,111.20027240650872,22.649194600105183,111.70588683302562,-0.505614420254672,-0.5056144798976556,6.262230067832775e-09,5.338075359517802e-08
62196.62705655022,-0.5034960786866431,22.34888005971056,113.3924259752053,22.852376138397204,113.89592205389194,-0.5034960748538421,-0.5034961318269144,3.832801076519843e-09,5.3140271294438435e-08
62805.724595719395,-0.5013835804441605,22.555660161926404,115.62646483173395,23.057043742370563,116.12784841217811,-0.5013835789503203,-0.5013836333442929,1.4938402737030287e-09,5.2900132385680365e-08
63420.787085558135,-0.49927695739463984,22.763928956892798,117.90316504961352,23.263205914287436,118.40244200700816,-0.4992769581517689,-0.49927701005497677,7.571290816521525e-10,5.266033692441496e-08
64041.87294140119,-0.49717623445232195,22.973694959635523,120.22331655985415,23.470871194087845,120.72049279430648,-0.4971762373748473,-0.4971762868732068,2.9225253328490908e-09,5.242088485513108e-08
64669.041150650046,-0.4950814358478234,23.18496672368159,122.58772338906864,23.680048159529413,123.08280482491647,-0.4950814408525329,-0.49508148802959934,5.004709535683105e-09,5.2181775955784104e-08
65302.35127837547,-0.49299258513543487,23.397752841192336,124.9972039015329,23.890745426327772,125.49019648666834,-0.4929925921414215,-0.49299263707844493,7.00598662417562e-09,5.194301005984059e-08
65941.86347297493,-0.4909097052003636,23.612061943096815,127.4525910452574,24.102971648297178,127.94350075045777,-0.4909097141289732,-0.4909097569049527,8.928609629421658e-09,5.1704589110190824e-08
66587.63847188417,-0.48883281826405384,23.82790269922511,129.95473260212796,24.316735517489164,130.44356542039202,-0.4888328290388374,-0.4888328697305746,1.0774783565370427e-08,5.146652076737368e-08
67239.73760734721,-0.4867619458949776,24.045283818442826,132.50449144219567,24.532045764337802,132.99125338809066,-0.4867619584416145,-0.4867619971237665,1.2546636896093588e-08,5.122878887764415e-08
67898.22281224042,-0.4846971090152271,24.264214048785167,135.1027457821644,24.748911157800393,135.58744289117962,-0.4846971232614914,-0.48469716000662155,1.4246264279371701e-08,5.099139444020295e-08
68563.15662595473,-0.4826383279062102,24.484702177591412,137.75038944815296,24.96734050549762,138.23302777605917,-0.48263834378192,-0.4826383786605485,1.5875709802326554e-08,5.075433828771736e-08
69234.6022003356,-0.48058562221588486,24.706757031640088,140.4483321428032,25.18734265385597,140.9289177650191,-0.48058563965285295,-0.4805856727335056,1.743696809164419e-08,5.051762075325428e-08
69912.62330567981,-0.47853901096596135,24.930387477283933,143.19749971679198,25.408926488249893,143.67603872775794,-0.47853902989794656,-0.478539061247203,1.893198520175332e-08,5.028124167028025e-08
70597.28433679353,-0.47649851255905956,25.15560242058587,145.9988344448347,25.63210093314493,146.47533295739376,-0.4764985329217194,-0.47649856260426016,2.0362659836070662e-08,5.0045200594706074e-08
71288.6503191072,-0.4744641447858372,25.382410807454683,148.85329530623417,25.85687495224052,149.32775945102,-0.47446416651668205,-0.4744641945953339,2.173084484580201e-08,4.9809496693864475e-08
71986.78691485155,-0.4724359248320771,25.610821623781245,151.76185827005773,26.08325754861332,152.2342941948898,-0.4724359478704244,-0.4724359744062061,2.303834734096455e-08,4.957412902406588e-08
72691.76042929414,-0.47041386928573453,25.84084389557538,154.72551658501882,26.311257764861114,155.19593045430454,-0.470413893572665,-0.4704139186248305,2.4286930466743684e-08,4.933909597548691e-08
73403.63781703549,-0.468397994143957,26.072486689101922,157.74528107412135,26.540884683245878,158.21367906826532,-0.4683980196222709,-0.4683980432483532,2.5478313903093408e-08,4.9104396215859936e-08
74122.4866883698,-0.46638831482004917,26.30575911101911,160.8221804341761,26.772147425839158,161.28856874899614,-0.4663883414342242,-0.46638836369007675,2.6614175030470477e-08,4.887002758025005e-08
74848.37531570513,-0.4643848461504162,26.54067030851521,163.95726154022512,27.005055154665627,164.42164638637553,-0.4643848738465662,-0.46438489478640443,2.769614998454628e-08,4.8635988236789274e-08
75581.37264004775,-0.46238760240146004,26.777229469446734,167.15158975498537,27.239617071848194,167.61397735738683,-0.4623876311272945,-0.4623876508037359,2.8725834433362962e-08,4.840227585400925e-08
76321.54827755014,-0.46039659727643895,27.015445822476636,170.40624924337692,27.475842419753075,170.86664584065335,-0.46039662698122324,-0.4603966454453271,2.9704784298978382e-08,4.816888815595277e-08
77068.97252612154,-0.45841184392229145,27.25532863721256,173.7223432922149,27.713740481134852,174.18075513613718,-0.4584118745568089,-0.4584118918581145,3.0634517422800656e-08,4.79358230331961e-08
77823.71637210625,-0.45643335493641596,27.49688722434605,177.10099463516173,27.953320579282465,177.55742799009815,-0.4564333864529289,-0.4564334026394931,3.151651295496549e-08,4.770307715507016e-08
78585.85149702436,-0.45446114237341634,27.740130935791463,180.5433457830037,28.194592078164877,180.99780692537712,-0.4544611747256303,-0.4544611898440647,3.23522139633603e-08,4.7470648356640055e-08
79355.45028437999,-0.4524952177518058,27.985069164825678,184.05055935935297,28.437564382577484,184.5030545771048,-0.45249525089483245,-0.4524952649903393,3.3143026656468066e-08,4.723853352928131e-08
80132.58582653616,-0.4505355920606732,28.231711346227737,187.6238184418508,28.68224693828841,188.07435403391148,-0.4505356259509959,-0.45053563906740307,3.389032271483572e-08,4.700672989743637e-08
80917.33193165546,-0.44858227576631093,28.480066956418792,191.26432690896166,28.9286492321851,191.71290918472798,-0.44858231036174945,-0.4485823225415452,3.4595438513918e-08,4.677523424145846e-08
81709.76313071184,-0.44663527881879744,28.730145513603144,194.97330979245982,29.17678079242194,195.41994507127862,-0.44663531407847473,-0.4466353253628411,3.525967728901236e-08,4.654404367476772e-08
82509.95468456797,-0.44469461065854665,28.981956577908647,198.7520136356749,29.426651188567195,199.19670824633346,-0.4446946465428557,-0.44469465697170146,3.588430902423667e-08,4.631315481118392e-08
83317.98259112333,-0.44276028022281455,29.235509751527896,202.60170685760696,29.67827003175071,203.04446713782977,-0.4427603166933861,-0.442760326305379,3.647057156275224e-08,4.608256443106029e-08
84133.92359253249,-0.4408322959521634,29.490814678860026,206.52368012300107,29.93164697481219,206.96451241895323,-0.44083233297183455,-0.44083234180443237,3.701967116187532e-08,4.585226898168315e-08
84957.85518249223,-0.43891066579689453,29.747881046651663,210.51924671845887,30.186791712448557,210.95815738425577,-0.43891070332967774,-0.4389107114191597,3.753278321472209e-08,4.5622265187894584e-08
85789.85561360363,-0.4369953972234254,30.006718584140184,214.58974293472184,30.44371398136361,215.02673833194527,-0.43699543523447865,-0.43699544261597467,3.8011053249409343e-08,4.53925492749363e-08
86630.00390480264,-0.4350864972206411,30.26733706319539,218.73652845517495,30.702423560416033,219.1716149523956,-0.43508653567623834,-0.43508654238375866,3.8455597262121444e-08,4.516311757907232e-08
87478.37984886521,-0.43318397230619654,30.529746298462562,222.96098675070613,30.96293027076876,223.39417072301234,-0.43318401117369887,-0.4331840172401628,3.886750232773295e-08,4.493396627003321e-08
88335.064019986,-0.43128782853277925,30.793956147505654,227.26452548100886,31.22524397603843,227.69581330954165,-0.4312878677806068,-0.43128787323787066,3.9247827543498204e-08,4.470509140652723e-08
89200.1377814294,-0.42939807149433445,31.059976510950367,231.6485769024216,31.4893745824447,232.07797497391596,-0.4293981110919391,-0.4293981159708232,3.959760463967399e-08,4.447648876970689e-08
90073.68329325912,-0.42751470633224165,31.32781733262855,236.11459828243426,31.75533203896079,236.5421129887665,-0.4275147462500799,-0.42751475058039584,3.991783825707529e-08,4.4248154196235845e-08
90955.78352013993,-0.4256377377414567,31.597488599721856,240.66407232093104,32.02312633746331,241.0897100586725,-0.42563777795096375,-0.42563778176154005,4.020950705729831e-08,4.40200833562443e-08
91846.52223921752,-0.4237671699766079,31.869000342906503,245.29850757830678,32.29276751288311,245.72227474828338,-0.42376721045017157,-0.4237672137688795,4.0473563667209334e-08,4.379227158679555e-08
92745.98404807557,-0.42190300685805227,32.14236263649791,250.01943891054773,32.56426564335596,250.4413419174058,-0.4219030475689885,-0.4219030504227666,4.0710936233256945e-08,4.3564714335975196e-08
93654.25437276888,-0.42004525177789104,32.417585598595515,254.82842791138708,32.83763085037341,255.24847316316496,-0.42004529270041896,-0.4200452951152977,4.0922527921871676e-08,4.333740666329078e-08
94571.41947593898,-0.4181939077059369,32.69467939122891,259.7270633616709,33.11287329893484,260.1452572693768,-0.418193948815155,-0.41819395081628036,4.110921808520018e-08,4.311034346171638e-08
95497.56646500531,-0.41634897719564573,32.97365422050326,264.71696168600954,33.39000319769891,265.1333106632052,-0.4163490184675084,-0.4163490200791652,4.12718626496833e-08,4.288351945769264e-08
96432.78330043865,-0.4145104623900022,33.254520336745394,269.79976741685823,33.6690307991354,270.21427787924824,-0.41451050380129695,-0.41451050504693143,4.1411294726678705e-08,4.265692921112674e-08
97377.1588041155,-0.41267836502736255,33.53728803465051,274.97715366613807,33.94996639967787,275.38983203116544,-0.4126784065556877,-0.41267840745792966,4.152832516757243e-08,4.243056711539239e-08
98330.78266775234,-0.4108526864472579,33.821967653428466,280.2508226044997,34.23282033987572,280.66167529094696,-0.4108527280710009,-0.4108527286516853,4.1623743007868086e-08,4.220442739732988e-08
99293.74546142643,-0.4090334275961477,34.1085695769516,285.62250594838844,34.51760300454775,286.0315393759846,-0.40903346929446344,-0.4090334695746517,4.169831574474259e-08,4.1978504006223716e-08
100266.1386421761,-0.4072205890317897,34.397104233902,291.09396545498817,34.804324822933786,291.50118604401996,-0.4072206307845856,-0.4072206307845856,4.1752795887362026e-08,4.1752795887362026e-08
101248.0545626872,-0.40541417093057747,34.687582097918984,296.6669934251939,35.09299626884956,297.07240759612444,-0.4054142127184819,-0.4054142124578685,4.1787904414558596e-08,4.1527291050336146e-08
102239.58648006477,-0.403614173093814,34.980013687747764,302.34341321474335,35.38362786084158,302.74702738783714,-0.4036142148981631,-0.403614214395798,4.180434914902165e-08,4.13019839995421e-08
103240.82856468833,-0.40182059495179234,35.274409567387295,308.1250797536093,35.67623016233909,308.5269003485611,-0.40182063675461077,-0.4018206360286614,4.1802818429026445e-08,4.107686907284247e-08
104251.87590915825,-0.400033435569342,35.57078034623984,314.0138800738274,35.970813781809184,314.41391350939676,-0.40003347735332406,-0.40003347642128245,4.178398205212375e-08,4.085194044156637e-08
105272.82453732545,-0.398252693651328,35.86913667925984,320.01173384584087,36.26738937291117,320.4099865394922,-0.3982527353998188,-0.3982527342785198,4.174849083105059e-08,4.062719183295371e-08
106303.7714134116,-0.396478367548093,36.1694892671032,326.12059392352955,36.565967634651294,326.5170722910776,-0.396478409245071,-0.39647840795070977,4.1696977981509065e-08,4.0402616752199805e-08
107344.81445121876,-0.3947104552608458,36.471848856277646,332.34244689805587,36.866559311538495,332.7371573533167,-0.3947104968909049,-0.3947104954390547,4.163005912216633e-08,4.0178208871033405e-08
108396.05252342697,-0.3929489544470027,36.77622623929227,338.67931366064386,37.16917519373927,339.07226261509084,-0.39294899599533506,-0.3929489944009637,4.15483323856769e-08,3.9953961028516005e-08
109457.5854709872,-0.39119386242546694,37.0826322548087,345.1332499744741,37.47382611723417,345.52444383689954,-0.39119390387784636,-0.39119390215533295,4.145237941788338e-08,3.9729866008197945e-08
110529.51411260197,-0.38944517618186475,37.39107778779165,351.70634705578874,37.78052296397352,352.0957922319706,-0.3894452175246304,-0.3894452156877817,4.1342765655372204e-08,3.950591692669647e-08
111611.94025430111,-0.38770289237372607,37.70157376966023,358.40073216438515,38.08927666203395,358.7884350567589,-0.38770293359376634,-0.3877029316558321,4.122004026996251e-08,3.928210601245041e-08
112704.96669911106,-0.3859670073356141,38.01413117843962,365.21856920363604,38.400098185775235,365.6045362109717,-0.3859670484203513,-0.3859670463940399,4.108473716790684e-08,3.905842577145435e-08
113808.69725681681,-0.3842375170842075,38.32876103891244,372.1620593301664,38.71299855599665,372.54629684725063,-0.38423755802158266,-0.38423755591907593,4.0937375156424594e-08,3.883486843214712e-08
114923.23675382393,-0.3825144173233258,38.64547442277177,379.2334415733887,39.0279888400951,379.615955990712,-0.38251445810178375,-0.3825144559347517,4.077845794370205e-08,3.861142588990063e-08
116048.69104311257,-0.3807977034489102,38.96428244877347,386.4349934649886,39.34508015222238,386.81579116843756,-0.3807977440573853,-0.38079774183700055,4.060847513809307e-08,3.8388090373153716e-08
117185.16701429129,-0.3790873705539544,39.28519628288883,393.76903167855517,39.66428365344279,394.14811904910914,-0.37908741098185667,-0.3790874087188077,4.0427902248119096e-08,3.8164853277677935e-08
118332.77260374883,-0.37738341343338383,39.60822713845818,401.2379126795101,39.98561055189157,401.6152960929435,-0.3773834536705848,-0.37738345137509033,4.023720096002492e-08,3.794170649884521e-08
119491.61680490583,-0.3756858265888871,39.93338627634445,408.84403338548964,40.309072102933335,409.21971921207853,-0.37568586662570674,-0.3756858643075284,4.003681963737904e-08,3.771864132140479e-08
120661.80967856453,-0.37399460423370184,40.260685005086835,416.58983183733443,40.634679609320536,416.96382644156813,-0.37399464406089566,-0.3739946417293511,3.982719382067401e-08,3.749564925215054e-08
121843.46236336461,-0.3723097402973463,40.59013468105572,424.4777878808909,40.96244442135307,424.85009762118824,-0.37230977990609243,-0.3723097775700678,3.960874611630416e-08,3.727272146480942e-08
123036.68708633662,-0.37063122843031016,40.92174670860682,432.51042385973625,41.29237793703713,432.88105508816653,-0.3706312678121969,-0.37063126548015896,3.9381886751677087e-08,3.7049848800041474e-08
124241.59717356121,-0.3689590620086928,41.2555325402366,440.6903053190476,41.62449160224529,441.05926438105627,-0.36895910115570657,-0.36895909883571504,3.914701379725827e-08,3.68270222650402e-08
125458.30706093273,-0.3672932341387985,41.591503676737375,449.0200417207602,41.958796910876174,449.387334954899,-0.36729327304331255,-0.36729327074303125,3.8904514054749484e-08,3.6604232755976795e-08
126686.93230502568,-0.3656337376616853,41.92967166735269,457.50228717019127,42.295305405014375,457.867920907853,-0.3656337763164474,-0.36563377404315595,3.8654762113399244e-08,3.63814706694221e-08
127927.58959407272,-0.36398056515766225,42.2700481099342,466.1397411543467,42.63402867509186,466.50372171950437,-0.3639806035557842,-0.3639806013163889,3.839812195982617e-08,3.6158726623991555e-08
129180.39675904509,-0.36233370895074835,42.61264465109751,474.93514929203246,42.97497836004826,475.2974830009832,-0.36233374708569455,-0.3623337448867391,3.8134946200862885e-08,3.593599073870024e-08
130445.47278484401,-0.3606931611130815,42.957472986379024,483.8913040959961,43.31816614749211,484.25199725710917,-0.36069319897865876,-0.3606931968263347,3.786557728480133e-08,3.571325324358554e-08
131722.9378216018,-0.3590589134692841,43.30454486039314,493.01104574728015,43.66360377386243,493.37010466074946,-0.359058951059631,-0.35905894895978807,3.759034689077012e-08,3.549050398010678e-08
133012.913196091,-0.35743095760078625,43.653872066989415,502.2972628819561,44.0113030245902,502.6546938395569,-0.35743099491036306,-0.357430992868519,3.730957681691294e-08,3.526773273421213e-08
134315.5214232504,-0.3558092848500996,44.005466449410726,511.7528933904748,44.36127573426082,512.1087026753249,-0.3558093218736785,-0.3558093198950289,3.702357886936625e-08,3.504492929184977e-08
135630.88621781886,-0.35419388632505194,44.35933990045146,521.3809252297807,44.71353378677651,521.7351191161058,-0.35419392305770714,-0.3541939211471346,3.67326551953262e-08,3.482208266181175e-08
136959.1325060856,-0.3525847529029782,44.7155043626156,531.1843972484128,45.068089115518575,531.5369820013158,-0.352584789340077,-0.3525847875021606,3.6437098782649e-08,3.459918240800164e-08
138300.38643775543,-0.35098187523486607,45.073971828276015,541.1664000248053,45.42495370351088,541.5173819000402,-0.3509819113720594,-0.3509819096110834,3.613719334882859e-08,3.437621731716689e-08
139654.77539792776,-0.3493852437494634,45.434754339833034,551.3300767189528,45.7841395835825,551.6794619627022,-0.34938527958267707,-0.34938527790263973,3.583321367406356e-08,3.415317634258841e-08
141022.4280191981,-0.3477948486573368,45.797863989874905,561.6786239377187,46.14565883853224,562.0264187863761,-0.3477948841827629,-0.34779488258738495,3.5525426100857516e-08,3.3930048159991344e-08
142403.47419387283,-0.3462106799548956,46.16331292133704,572.215292613912,46.50952360129193,572.5615032938668,-0.34621071516898355,-0.3462107136617164,3.521408797890757e-08,3.370682083447818e-08
143798.04508630608,-0.34463272742837003,46.5311133276624,582.943388899409,46.87574605509077,583.2880216268373,-0.3446327623278192,-0.3446327609118531,3.4899449163905416e-08,3.3483483041774065e-08
145206.27314535776,-0.3430609806577489,46.901277452962596,593.8662750725243,47.24433843362034,594.209336053182,-0.34306101523949967,-0.3430610139177714,3.458175074078085e-08,3.3260022458403427e-08
146628.29211697032,-0.34149542902040186,47.27381759217762,604.9873704598114,47.61531302119803,605.3288658888317,-0.34149546328162944,-0.34149546205683,3.4261227577214726e-08,3.303642814866947e-08
148064.23705687493,-0.3399360616944454,47.64874609123874,616.3101523726116,47.98868215293319,616.650088434306,-0.3399360956325506,-0.33993609450713225,3.39381052150145e-08,3.281268684540706e-08
149514.24434341583,-0.3383828676644109,48.026075347229096,627.8381570584596,48.36445821489351,628.1765399261241,-0.33838290127701226,-0.33838290025319623,3.361260136891531e-08,3.258878533696219e-08
150978.4516905035,-0.33683583572371917,48.40581780854612,639.57498066767,48.742653644269836,639.9118165033938,-0.3368358690086473,-0.33683586808843086,3.3284928147025994e-08,3.236471168843735e-08
152456.99816069467,-0.3352949544782614,48.78798597506399,651.5242802352993,49.123280929542254,651.8595751897776,-0.3352949874335514,-0.33529498661871426,3.295528999691655e-08,3.214045285471201e-08
153950.024178397,-0.3337602123500905,49.17259239829577,663.6897746787054,49.50635261064586,664.0235348910554,-0.33376024497397544,-0.33376024426608664,3.262388492686341e-08,3.1915996123732526e-08
155457.67154320987,-0.33223159758106136,49.559649681557474,676.0752458110203,49.89188127913854,676.4074774086014,-0.3322316298719653,-0.33223162927238975,3.229090395073797e-08,3.169132839486721e-08
156980.08344338904,-0.3307090982364303,49.94917048013074,688.6845393706747,50.27987957836717,689.0152484689111,-0.3307091301929623,-0.3307091297028666,3.1956531976184976e-08,3.146643628992862e-08
158517.40446944666,-0.3291927022084055,50.34116750142721,701.521566067316,50.67036020363561,701.8507587695244,-0.3291927338293528,-0.32919273344971156,3.1620947305022185e-08,3.124130604215125e-08
160069.78062788426,-0.3276823972196543,50.73565350515225,714.5903026443195,51.063335902371904,714.9179850415392,-0.3276824285039766,-0.3276824282355783,3.128432229937417e-08,3.1015923995791894e-08
161637.35935505712,-0.3261781708267667,51.1326413034694,727.894792958154,51.45881947429616,728.2209711289808,-0.3261782017735898,-0.3261782016170426,3.094682310411656e-08,3.0790275884484686e-08
163220.28953118084,-0.32468001042367,51.532143761165806,741.4391490749177,51.856823771589475,741.7638290853414,-0.3246800410322802,-0.32468004098801734,3.0608610201987574e-08,3.056434733084146e-08
164818.72149446863,-0.32318790324500546,51.93417379581706,755.2275523842192,52.257361699062066,755.5507402874641,-0.32318793351484404,-0.32318793358312947,3.0269838580121444e-08,3.033812401298519e-08
166432.80705541023,-0.32170183636945937,52.33874437795283,769.2642547307387,52.660446214322285,769.5859565671082,-0.32170186630011677,-0.32170186648105037,2.993065739698153e-08,3.0111590998416204e-08
168062.6995111908,-0.32022179672304973,52.74586853122324,783.5535795637323,53.066090327946284,783.8738013604554,-0.3202218263142605,-0.3202218266077829,2.959121075951643e-08,2.9884733188101364e-08
169708.55366024742,-0.318747771082378,53.15555933256397,798.0999231046977,53.474307103646346,798.4186708757801,-0.31874780033401545,-0.31874780073991354,2.9251637445604217e-08,2.9657535538518687e-08
171370.52581697525,-0.317279746077827,53.56782991236467,812.9077555336154,53.8851096584425,813.2250352796932,-0.3172797749898981,-0.3172797755078095,2.891207112609706e-08,2.9429982506545826e-08
173048.77382657066,-0.31581770819672983,53.9826934546348,827.9816221938808,54.29851116283153,828.2974399020775,-0.31581773676937047,-0.3158177373987882,2.8572640642376967e-08,2.9202058382526985e-08
174743.45708002307,-0.31436164378649106,54.40016319717128,843.3261448163448,54.71452484095777,843.6405064601313,-0.3143616720199614,-0.3143616727602385,2.8233470339422695e-08,2.8973747456806365e-08
176454.736529254,-0.3129115390576699,54.82025243172652,858.9460227627094,55.133163970784196,859.2589343017671,-0.3129115669523492,-0.31291156780270335,2.7894679288653634e-08,2.8745033464616654e-08
178182.7747024004,-0.31146738008702496,55.24297450417605,874.8460342885538,55.55444188426307,875.1575016686409,-0.31146740764340763,-0.31146740860292527,2.755638267570859e-08,2.8515900307723996e-08
179927.73571925494,-0.3100291528205162,55.6683428146875,891.0310378263664,55.97837196750802,891.341066979187,-0.31002918003920715,-0.31002918110684724,2.7218690967778514e-08,2.8286331055227265e-08
181689.78530685056,-0.3085968430762721,56.09637081788924,907.505973288802,56.40496766096551,907.8145701318783,-0.3085968699579824,-0.3085968711325812,2.6881710302184558e-08,2.8056309109292243e-08
183469.09081520088,-0.30717043654751586,56.5270720230397,924.2758633925367,56.834242459587216,924.5830338290842,-0.30717046309305895,-0.3071704643733333,2.6545543097000746e-08,2.7825817427995503e-08
185265.82123319508,-0.3057499188054561,56.96045999419681,941.3458150030135,57.266209913002264,941.6515649218189,-0.3057499450157433,-0.3057499464002948,2.6210287218386696e-08,2.759483869185786e-08
187080.1472046444,-0.30433527530214016,57.39654835038766,958.721020500383,57.7008836256898,959.0253557756852,-0.3043353011781775,-0.30433530266549574,2.587603731285526e-08,2.736335558140013e-08
188912.24104449365,-0.30292649137326755,57.83535076577949,976.4067591670437,58.13827725715276,976.7096856584169,-0.3029265169161509,-0.3029265185046175,2.5542883363982583e-08,2.7131349944475858e-08
190762.27675518364,-0.301523552240971,58.27688096984985,994.4083985969927,58.57840452209082,994.7099221492336,-0.3015235774518833,-0.301523579139775,2.5210912302231492e-08,2.6898804017516653e-08
192630.43004317782,-0.30012644301656033,58.7211527475578,1012.7313961274166,59.02127919057436,1013.0315225704331,-0.3001264678967677,-0.3001264696822598,2.4880207394328835e-08,2.666569948184261e-08
194516.87833565063,-0.2987351487032304,59.16817993951542,1031.381300292836,59.46691508821865,1031.680035441539,-0.29873517325407856,-0.29873517513524794,2.4550848132243175e-08,2.6432017519173456e-08
196421.80079733557,-0.2973496541987374,59.617976442158884,1050.363752302105,59.915326096357624,1050.6611019563038,-0.29734967842164833,-0.2973496803964769,2.4222910954829757e-08,2.6197739533273534e-08
198345.3783475459,-0.29596994429803414,60.0705562079218,1069.6844875387396,60.36652615221983,1069.9804574830378,-0.295969968194503,-0.29596997026088046,2.389646885925245e-08,2.5962846317284516e-08
200287.79367735426,-0.29459600369588024,60.52593324540665,1089.349337084763,60.82052924910253,1089.6439330884589,-0.29459602726747197,-0.2945960294231988,2.3571591734050656e-08,2.5727318553325773e-08
202249.23126694458,-0.29322781698941275,60.984121619558124,1109.3642292685681,61.27734943654754,1109.6574570855576,-0.293227840237759,-0.2932278424805491,2.3248346248117002e-08,2.5491136368405165e-08
204229.8774031337,-0.2918653686806859,61.44513545183644,1129.735191237105,61.73700082051713,1130.0270566057857,-0.29186539160748204,-0.2918653939349658,2.2926796128253102e-08,2.525427988953055e-08
206229.92019706068,-0.290508643179181,61.908988920390286,1150.468350552739,62.199497563569466,1150.7588591959181,-0.29050866578618323,-0.29050866819590987,2.2607002214680705e-08,2.501672885513173e-08
208249.54960205752,-0.2891576248042791,62.37569626023175,1171.5699368152689,62.66485388503603,1171.8590944400732,-0.2891576470933017,-0.2891576495827419,2.228902262757515e-08,2.4778462837105053e-08
210288.9574316866,-0.2878122977877078,62.84527176340997,1193.046283309335,63.13308406119768,1193.3340956071227,-0.2878123197606201,-0.2878123223271685,2.1972912322976157e-08,2.4539460741213048e-08
212348.3373779589,-0.2864726462759546,63.31772977918596,1214.903828677728,63.604202425461914,1215.190301324004,-0.2864726679346786,-0.286472670575656,2.1658724036477395e-08,2.4299701417707098e-08
214427.88502973077,-0.2851386543322898,63.79308471420825,1237.149118620956,64.07822336854053,1237.4342572752882,-0.28513867567879814,-0.2851386783914538,2.1346508338737635e-08,2.405916399439434e-08
216527.79789127634,-0.2838103059393426,64.27135103268692,1259.7888076234028,64.55516133862626,1260.0726179293422,-0.2838103269756546,-0.2838103297571687,2.1036312025657367e-08,2.3817826100280826e-08
218648.27540105075,-0.2824875850021089,64.75254325657114,1282.8296607066695,65.03503084157326,1283.1121482916717,-0.2824876057302891,-0.2824876085777744,2.0728180172291388e-08,2.3575665475394914e-08
220789.5189506281,-0.28117047534945955,65.23667596572415,1306.2785552102735,65.5178464410736,1306.5597256856229,-0.2811704957716152,-0.2811704986821198,2.042215563324845e-08,2.3332660248343018e-08
222951.73190382958,-0.27985896073638267,65.72376379810039,1330.142482600312,66.00362275883677,1330.4223415610484,-0.2798589808546616,-0.2798589838251703,2.0118278931668954e-08,2.3088787659553134e-08
225135.11961603875,-0.2785530248462059,66.21382144992228,1354.4285503064302,66.49237447476848,1354.7071033312764,-0.2785530446627943,-0.27855304769023076,1.9816588370247246e-08,2.2844024838430954e-08
227339.8894537013,-0.2772526512927864,66.70686367585706,1379.1439835875128,66.98411632714985,1379.4212362388057,-0.2772526708099066,-0.27725267389113517,1.951712019776508e-08,2.2598348747848718e-08
229566.25081402523,-0.27595782362266413,67.20290528919526,1404.2961274266477,67.47886311281792,1404.5720852502704,-0.2759578428425724,-0.2759578459743995,1.921990827602471e-08,2.235173535147794e-08
231814.41514486462,-0.2746685253171847,67.70196116202845,1429.8924484556564,67.97662968734564,1430.1671169809736,-0.27466854424216974,-0.2746685474213458,1.8924985023538454e-08,2.2104161057079352e-08
234084.59596480263,-0.2733847397945915,68.20404622542735,1455.940536909736,68.47743096522194,1456.2139216495307,-0.27338475842697174,-0.2733847616501929,1.8632380249794522e-08,2.1855601384235257e-08
236377.00888343042,-0.27210645041208203,68.70917546962089,1482.4481086126627,68.98128192003297,1482.7202150630749,-0.2721064687542045,-0.2721064720181136,1.8342122487524648e-08,2.1606031574972206e-08
238691.87162182556,-0.270833640467835,69.2173639441755,1509.4230069930159,69.48819758464334,1509.6938406334837,-0.27083365852207286,-0.2708336618232618,1.805423788248106e-08,2.13554268158056e-08
241029.40403322608,-0.2695662932030072,69.7286267581739,1536.8732051318336,69.99819305137692,1537.1427714250367,-0.26956631097175854,-0.26956631430676875,1.7768751359170665e-08,2.1103761571605872e-08
243389.82812391678,-0.2683043918036956,70.24297908039617,1564.8068078423469,70.51128347219986,1565.0751122341505,-0.2683044092893812,-0.26830441265470567,1.7485685621654312e-08,2.085101008519885e-08
245773.36807431045,-0.2670479194028736,70.76043613949915,1593.2320537820615,71.02748405890202,1593.4991017014643,-0.26704793660793574,-0.26704794000001986,1.720506215274753e-08,2.0597146266343458e-08
248180.25026024005,-0.2657968590822941,71.28101322419771,1622.157317597847,71.54681008328001,1622.4231144569292,-0.26579687600919477,-0.26579687942443786,1.6926900658909005e-08,2.0342143747242858e-08
250610.70327445993,-0.264551193874365,71.80472568344535,1651.5911121044614,72.06927687731972,1651.855663298336,-0.2645512105255843,-0.26455121396034065,1.665121929228519e-08,2.0085975660499855e-08
253064.95794835204,-0.2633109067639958,72.3315889266153,1681.542090496993,72.59489983337929,1681.805401403757,-0.2633109231420304,-0.2633109265926105,1.6378034595199154e-08,1.9828614694628044e-08
255543.2473738554,-0.2620759806904118,72.86161842368327,1712.01904859789,73.12369440437368,1712.2811245785806,-0.2620759967977739,-0.26207600026044514,1.6107362055262087e-08,1.9570033316096414e-08
258045.80692559973,-0.2608463985489446,73.39482970540904,1743.0309271388708,73.65567610395799,1743.2917735374197,-0.2608464143881599,-0.2608464178591482,1.5839215328217193e-08,1.9310203602795895e-08
260572.874283261,-0.2596221431927917,73.93123836351884,1774.5868140784203,74.19086050671163,1774.846436221613,-0.25962215876639866,-0.25962216224188894,1.557360695958465e-08,1.904909724403936e-08
263124.6894541362,-0.25840319743474954,74.47086005088899,1806.6959469553753,74.72926324832373,1806.95435015281,-0.25840321274529776,-0.2584032162214349,1.531054821812816e-08,1.8786685374028167e-08
265701.4947959336,-0.25718954404892075,75.01371048172791,1839.3677152790403,75.27090002577684,1839.6249048230893,-0.25718955909896973,-0.2571895625718596,1.5050048984832642e-08,1.8522938849407922e-08
268303.53503979696,-0.25598116577239055,75.55980543176112,1872.6116629566234,75.81578659753352,1872.8676441223959,-0.25598118056450875,-0.25598118403021874,1.4792118196993442e-08,1.825782819375732e-08
270931.05731354456,-0.25477804530688103,76.10916073841503,1906.437490758296,76.3639387837219,1906.692268803603,-0.2547780598436444,-0.25477806329820446,1.4536763348615978e-08,1.7991323431054695e-08
273584.31116514123,-0.2535801653203781,76.66179230100076,1940.8550588205858,76.91537246632113,1941.108638985906,-0.253580179604369,-0.2535801830437722,1.4283990934504942e-08,1.7723394141189175e-08
276263.54858639993,-0.2523875084487318,77.21771608089954,1975.8743891887025,77.47010358934827,1976.1267766971512,-0.25238752248253815,-0.2523875259027414,1.4033806339242005e-08,1.7454009570982976e-08
278969.0240369103,-0.2512000572972343,77.77694810174735,2011.5056683982737,78.02814815904459,2011.7568684555708,-0.2512000710834482,-0.25120007448037274,1.3786213892696964e-08,1.7183138412146803e-08
281700.99446821265,-0.25001779444216865,78.33950444962124,2047.759250097275,78.58952224406342,2048.009267891717,-0.25001780798338563,-0.25001781135291756,1.3541216981050042e-08,1.6910748912302154e-08
284459.7193481972,-0.24884070243233752,78.90540127322484,2084.6456577085382,79.15424197565717,2084.8944984109708,-0.2488407157311555,-0.24884071906914645,1.3298817963525167e-08,1.6636808930492464e-08
287245.4606857481,-0.2476687637905661,79.47465478407459,2122.1755871336077,79.72232354786516,2122.423255897398,-0.24766877684958444,-0.24766878015185215,1.3059018338923423e-08,1.6361286048205415e-08
290058.4830556288,-0.2465019610151807,80.04728125668734,2160.359909498573,80.29378321770253,2160.6064114595883,-0.24650197383699932,-0.24650197709932772,1.282181860684517e-08,1.608414701426142e-08
292899.05362360534,-0.24534027658146798,80.62329702876563,2199.2096739423173,80.86863730534711,2199.4550142188987,-0.24534028916868647,-0.24534029238682642,1.2587218489734653e-08,1.580535843870301e-08
295767.4421718273,-0.24418369294310543,81.20271850138721,2238.7361104481984,81.44690219433032,2238.9802941411413,-0.24418370529832228,-0.2441837084679917,1.235521684961327e-08,1.552488626543891e-08
298663.92112444557,-0.24303219253357483,81.78556213919175,2278.950632719403,82.02859433172533,2279.1936649119366,-0.24303220465938657,-0.24303220777627077,1.2125811743590731e-08,1.5242695938777473e-08
301588.7655734868,-0.2418857577675514,82.37184447056944,2319.8648410989076,82.61373022833699,2320.1067268566753,-0.24188576966655176,-0.2418857727263039,1.1899000368353896e-08,1.4958752514449003e-08
304542.25330498157,-0.2407443710422714,82.96158208784972,2361.4905255346466,83.20232645889199,2361.731269905689,-0.24074438271705087,-0.24074438571529205,1.1674779476500419e-08,1.467302065960574e-08
307524.6648253421,-0.23960801473888102,83.55479164748967,2403.8396685904786,83.79439966222854,2404.0792766052173,-0.23960802619202573,-0.23960802912434534,1.1453144710404928e-08,1.438546431975496e-08
310536.2833880103,-0.23847667122376026,84.15148987026434,2446.9244485038807,84.3899665414881,2447.1629251751046,-0.23847668245785147,-0.2384766853198071,1.123409121284169e-08,1.4096046829781272e-08
313577.3950203553,-0.23735032284959334,84.7516935414561,2490.7572422907765,84.9890438643057,2490.994592613626,-0.23735033386720722,-0.23735033665432506,1.1017613876784793e-08,1.380473171885832e-08
316648.28855083947,-0.23622895195687066,85.3554195110448,2535.3506288984267,85.59164846300168,2535.5868578503837,-0.23622896276057692,-0.2362289654683516,1.0803706262940693e-08,1.3511480934091935e-08
319749.2556364514,-0.2351125408754359,85.96268469389868,2580.717392407039,86.19779723477411,2580.9525049479143,-0.2351125514677976,-0.23511255409169263,1.0592361709971243e-08,1.3216256727899278e-08
322880.5907904008,-0.2340010719253234,86.57350606996413,2626.870525280736,86.80750714188945,2627.104526352661,-0.23400108230889624,-0.23400108484434376,1.0383572834893329e-08,1.291902035349679e-08
326042.5914100972,-0.2328945274179697,87.18790068445882,2673.8232316689146,87.4207952118768,2674.0561261963326,-0.23289453759530174,-0.23289454003770277,1.0177332032679232e-08,1.2619733064100913e-08
329235.55780539033,-0.23179288965741005,87.80588564806224,2721.588930758371,88.03767853771966,2721.8207236480284,-0.23179289963104083,-0.23179290197576516,9.973630782367238e-09,1.2318355113727364e-08
332459.7932270931,-0.2306961409414506,88.42747813710812,2770.181260177234,88.65817427804957,2770.4119563181753,-0.2306961507139111,-0.23069615295629695,9.772460507484482e-09,1.2014846340058227e-08
335715.6038957842,-0.2296042635628184,89.05269539377748,2819.6140794514217,89.2822996573403,2819.8436837149848,-0.22960427313663018,-0.22960427527198432,9.573811771135254e-09,1.1709165914641773e-08
339003.29903088545,-0.22851723981029476,89.6815547262897,2869.901473514251,89.9100719661,2870.129990754061,-0.2285172491879695,-0.22851725121156735,9.377674747845788e-09,1.1401272592692635e-08
342323.19088003854,-0.22743505196981886,90.31407350909832,2921.0577562704007,90.54150856106814,2921.2851913223703,-0.22743506115385823,-0.2274350630609432,9.184039362342133e-09,1.1091124324513757e-08
345675.5947487548,-0.22635768232557957,90.95026918308301,2973.0974742145345,91.1766268654086,2973.32383189686,-0.22635769131847464,-0.22635769310425827,8.992895067505557e-09,1.0778678699585598e-08
349060.8290303627,-0.22528511316108157,91.5901592557441,3026.035410105783,91.81544436890518,3026.260695218944,-0.2252851219653124,-0.22528512362497405,8.804230816616965e-09,1.0463892474721348e-08
352479.2152362487,-0.22421732676019235,92.2337613013975,3079.8865866988135,92.45797862815769,3080.1108040255735,-0.22421733537822758,-0.22421733690691426,8.618035229890353e-09,1.0146721907133838e-08
355931.07802638656,-0.2231543054081709,92.88109296136814,3134.666270532184,93.10424726677631,3134.8894248375923,-0.22315431384246756,-0.22315431523529355,8.434296649983963e-09,9.827122643413233e-09
359416.74524018087,-0.22209603139267303,93.53217194418694,3190.3899757752342,93.75426797557961,3190.612071806627,-0.22209603964567604,-0.2220960408977227,8.253003003222403e-09,9.505049664015885e-09
362936.5479275975,-0.22104248700474108,94.1870160257853,3247.0734681339095,94.40805851279003,3247.294510620914,-0.2210424950788831,-0.22104249618519844,8.07414202164125e-09,9.180457366531058e-09
366490.82038060634,-0.21999365453977157,94.84564304969186,3304.7327688167775,95.06563670423164,3304.9527624713173,-0.21999366243747254,-0.21999366339307108,7.897700965431298e-09,8.853299510169776e-09
370079.9001649321,-0.21894951629846615,95.50807092722842,3363.3841585619457,95.72702044352688,3363.603108078244,-0.21894952402213308,-0.21894952482199517,7.723666928249884e-09,8.523529021475795e-09
373704.1281521088,-0.21791005458776322,96.17431763770617,3423.0441817257856,96.39222769229393,3423.2620917803733,-0.2179100621397899,-0.21791006277886166,7.55202667068744e-09,8.191098438414812e-09
377363.84855186223,-0.21687525172174887,96.8444012286243,3483.7296504346787,97.06127648034605,3483.9465256864005,-0.21687525910451577,-0.21687525957770842,7.382766897823245e-09,7.855959549551983e-09
381059.40894479584,-0.21584509002255323,97.51833981586664,3545.457648800262,97.7341849058892,3545.6734938902846,-0.21584509723842712,-0.2158450975406166,7.215873898402947e-09,7.518063366296346e-09
384791.1603154032,-0.21481955182122667,98.19615158389995,3608.2455371995125,98.41097113572117,3608.4603567513336,-0.21481955887256035,-0.2148195589985869,7.051333683616434e-09,7.177360233923125e-09
388559.4570854043,-0.21379861945859874,98.87785478597223,3672.1109566204655,99.09165340543083,3672.324755239924,-0.213798626347731,-0.2137986262923985,6.889132264653597e-09,6.833799776062577e-09
392364.6571474003,-0.2127822752861217,99.56346774431078,3737.071833074511,99.7762500195969,3737.2846153497967,-0.212782282015377,-0.21278228177345274,6.7292552918818416e-09,6.487331033477872e-09
396207.1218988738,-0.21177050166669223,100.25300885032316,3803.146382076571,100.46477935198985,3803.358152578238,-0.21177050823838062,-0.21177050780459447,6.5716883879129995e-09,6.137902242020488e-09
400087.2162765059,-0.210763280975462,100.94649656479496,3870.3531131936793,101.15725984577041,3870.5638764746545,-0.21076328739187897,-0.21076328676092293,6.416416981069872e-09,5.7854609436525095e-09
404005.30879083776,-0.20976059560062799,101.6439494180906,3938.710834663411,101.85371001369123,3938.9205952590114,-0.2097606018640542,-0.20976060103058172,6.263426222119506e-09,5.4299537366464534e-09
407961.77156127134,-0.20876242794420727,102.34538601035385,4008.2386580830525,102.55414843829806,4008.447420510997,-0.20876243405690853,-0.20876243301553402,6.1127012618289456e-09,5.071326747430049e-09
411956.9803514044,-0.20776876042279746,103.0508250117074,4078.956003170408,103.2585937721302,4079.163771930831,-0.2077687663870246,-0.20776876513232265,5.964227139942935e-09,4.709525186497032e-09
415991.314604729,-0.2067795754683179,103.76028516245567,4150.882602597796,103.96706473792399,4151.089382173264,-0.20677958128630666,-0.20677957981281145,5.8179887574283384e-09,4.344493542696171e-09
420065.15748066193,-0.20579485552873905,104.47378527328526,4224.038506899694,104.679580128814,4224.244301755222,-0.20579486120270987,-0.20579485950491447,5.6739708209629924e-09,3.976175416697814e-09
424178.8958909368,-0.20481458306879374,105.19134422546753,4298.444089455645,105.39615880853633,4298.648904038713,-0.20481458860095175,-0.20481458667330732,5.532158009469157e-09,3.6045135765050418e-09
428332.9205363529,-0.20383874057067553,105.91298097106055,4374.1200515492865,106.11681971163122,4374.323890289857,-0.20383874596321055,-0.20383874380012573,5.392535029624668e-09,3.229450207253848e-09
432527.6259438747,-0.2028673105347222,106.63871453311117,4451.087427504634,106.8415818436459,4451.29029481517,-0.20286731578980854,-0.20286731338564865,5.25508633830718e-09,2.850926439368351e-09
436763.4105041122,-0.2019002754800821,107.3685640058597,4529.367589901113,107.57046428133978,4529.569490176594,-0.2019002805998786,-0.2019002779489648,5.1197965034166515e-09,2.46888270938328e-09
441040.6765091513,-0.20093761794536968,108.10254855494247,4608.98225486797,108.30348617288784,4609.183192485916,-0.20093762293201967,-0.20093762002862817,4.9866499818307375e-09,2.083258482388217e-09
445359.8301907628,-0.19997932048930547,108.84068741759589,4689.953487459672,109.04066673808519,4690.153466780162,-0.1999793253449365,-0.1999793221832979,4.855631036138064e-09,1.6939924185610522e-09
449721.2817589861,-0.19902536569134213,109.58299990286119,4772.303707113374,109.78202526855253,4772.502732479065,-0.1990253704180663,-0.19902536699236442,4.726724178727437e-09,1.3010222899012547e-09
454125.4454410815,-0.19807573615227908,110.3295053917878,4856.055693189511,110.52758112794008,4856.253768925663,-0.19807574075219267,-0.19807573705656406,4.5999135889207565e-09,9.042849802298747e-10
458572.7395208819,-0.19713041449486046,111.08022333764053,4941.2325905972275,111.2773537521354,4941.429721011722,-0.19713041897004432,-0.19713041499857706,4.475183862373555e-09,5.037165962118451e-10
463063.58637851226,-0.19618938336434397,111.83517326610401,5027.857915505305,112.03136264946835,5028.054104888669,-0.1961893877168631,-0.1961893834635961,4.352519122896581e-09,9.925213428907398e-11
467598.4125305066,-0.19525262542904645,112.59437477548845,5115.95556114025,112.7896274009175,5116.150813765679,-0.19525262966095017,-0.19525262511987213,4.231903716345187e-09,3.0917432503052567e-10
472177.64867031825,-0.19432012338092958,113.35784753693655,5205.549803672818,113.55216766031748,5205.744123796198,-0.19432012749425165,-0.1943201226593001,4.113322071841452e-09,7.216294783951582e-10
476801.7297092171,-0.1933918599361237,114.12561129462932,5296.665308194011,114.31900315456545,5296.858700053947,-0.19339186393288219,-0.19339185879794266,3.9967584797295785e-09,1.1381810494093259e-09
481471.0948176065,-0.19246781783545025,114.89768586599472,5389.327134782447,115.09015368383017,5389.519602600282,-0.19246782171764773,-0.1924678162765526,3.882197480153948e-09,1.5588976498559504e-09
486186.187466726,-0.191547979844935,115.67409114191393,5483.560744663745,115.86563912175887,5483.75229264359,-0.1915479836145583,-0.19154797786108593,3.7696233079476116e-09,1.9838490572521295e-09
490947.4554707714,-0.19063232875630676,116.45484708692986,5579.392006463855,116.64547941568617,5579.582638792612,-0.19063233241532726,-0.19063232634320082,3.6590205032549505e-09,2.4131059372933805e-09
495755.35102942603,-0.18972084738748266,117.2399737394557,5676.847202557493,117.42969458684318,5677.03692340488,-0.1897208509378563,-0.18972084454074278,3.550373633975923e-09,2.8467398716092163e-09
500610.33077081013,-0.1888135185830424,118.02949121198345,5775.953035513142,118.2183047305665,5776.141849031725,-0.18881352202670956,-0.1888135152982187,3.443667156988184e-09,3.2848237185856277e-09
505512.8557948407,-0.18791032521468956,118.82341969129207,5876.73663463588,119.01133001650676,5876.924544961095,-0.18791032855357537,-0.18791032148725836,3.3388858067251448e-09,3.72743119703145e-09
510463.39171703684,-0.18701125018169815,119.62177943865944,5979.2255626101005,119.80879068884114,5979.4125738602825,-0.18701125341771235,-0.1870112460070611,3.2360142065979147e-09,4.174637052711816e-09
515462.4087127329,-0.18611627641135017,120.42459079007023,6083.447822242668,120.61070706648158,6083.6339385190795,-0.18611627954638726,-0.1861162717848328,3.135037091039905e-09,4.626517363659488e-09
520510.38156173547,-0.1852253868593588,121.23187415642728,6189.431863308803,121.41709954328664,6189.6170886956625,-0.18522538989529813,-0.1852253817762099,3.035939333262405e-09,5.083148901796619e-09
525607.7896934176,-0.18433856451028013,122.0436500237624,6297.206589501878,122.22798858827268,6297.390928066388,-0.1843385674489859,-0.18433855896567014,2.938705778721129e-09,5.5446099933575965e-09
530755.1172322436,-0.1834557923779141,122.85993895344659,6406.801365488503,123.0433947458245,6406.98482128088,-0.18345579522123562,-0.18345578636693446,2.843321522671971e-09,6.010979630710622e-09
535952.8530437617,-0.1825770535056908,123.680761582403,6518.246024071108,123.86333863590869,6518.428601124614,-0.1825770562554624,-0.1825770470233525,2.7497715771040987e-09,6.482338305024982e-09
541201.4907810253,-0.18170233096704738,124.50613862331873,6631.57087345881,124.68784095428578,6631.7525757897765,-0.1817023336250885,-0.1817023240082799,2.6580411205401333e-09,6.958767478915107e-09
546501.5289314791,-0.18083160786579333,125.33609086485633,6746.806704648624,125.51692247272213,6746.98753625649,-0.1808316104339088,-0.18083160042544358,2.568115470280574e-09,7.440349752974029e-09
551853.4708643061,-0.17996486733646277,126.17063917186773,6863.984798918749,126.3506040392042,6864.164763786086,-0.1799648698164428,-0.17996485940929374,2.4799800268926475e-09,7.927169032306836e-09
557257.8248782249,-0.17910209254465795,127.00980448560614,6983.136935435083,127.18890657815079,6983.3160375276275,-0.17910209493827814,-0.1791020841253475,2.3936201909435795e-09,8.419310443263939e-09
562715.1042497788,-0.17824326668737767,127.8536078239414,7104.295398973477,128.03185109062878,7104.473642240165,-0.1782432689963993,-0.17824325777051747,2.3090216405563524e-09,8.916860194663201e-09
568225.8272820758,-0.17738837299333868,128.70207028157287,7227.492987758497,128.8794586545662,7227.67037613149,-0.1773883752195088,-0.17738836357343293,2.2261701093651e-09,9.419905744323387e-09
573790.5173540157,-0.17653739472328323,129.55521303024477,7352.76302142114,129.73175042496806,7352.939558815864,-0.17653739686833453,-0.17653738479474715,2.1450513032483798e-09,9.92853607661992e-09
579409.7029700004,-0.17569031517027725,130.4130573189603,7480.1393490768805,130.58874763413058,7480.3150393920505,-0.17569031723592862,-0.1756903047274362,2.06565137217396e-09,1.0442841064106645e-08
585083.9178101193,-0.17484711765999839,131.2756244741965,7609.6563575258715,131.45047159185648,7609.831204643531,-0.1748471196479547,-0.17484710669708634,1.9879563273317302e-09,1.0962912050382911e-08
590813.7007808491,-0.17400778555101057,132.1429359001218,7741.348979577598,132.3169436856728,7741.522987363149,-0.17400778746296294,-0.17400777406216875,1.9119523742006095e-09,1.1488841822338003e-08
596599.596066227,-0.17317230223503124,133.01501307881057,7875.2527025008785,133.1881853810456,7875.425874803113,-0.1731723040726571,-0.17317229021430688,1.8376258570373949e-09,1.2020724360350954e-08
602442.1531795365,-0.1723406511371867,133.89187757046022,8011.4035766019615,134.0642182215974,8011.575917253099,-0.17234065290215,-0.1723406385785317,1.7649633143879129e-09,1.2558654977068429e-08
608341.9270155001,-0.17151281571625723,134.77355101360837,8149.838223932199,134.94506382932462,8150.009736747916,-0.1715128174102086,-0.1715128026135268,1.6939513680647167e-09,1.3102730428427023e-08
614299.4779029706,-0.1706887794649136,135.66005512534886,8290.593847126991,135.83074390481377,8290.764535906455,-0.17068878108949034,-0.17068876581186473,1.624576750902662e-09,1.3653048858142114e-08
620315.3716581616,-0.16986852590994056,136.55141170155179,8433.708238378813,136.72128022746173,8433.878106904724,-0.16986852746676703,-0.16986851170023076,1.556826473292361e-09,1.4209709797707859e-08
626390.1796383774,-0.16905203861245333,137.4476426170803,8579.219788545191,137.61669465569275,8579.388840583804,-0.1690520401031408,-0.16905202383963902,1.4906874623576982e-09,1.4772814305175075e-08
632524.4787962789,-0.1682393011681033,138.34876982600923,8727.167496394324,138.51700912717735,8727.335735695493,-0.1682393025942504,-0.16823928582563863,1.4261471170673445e-09,1.5342464659839905e-08
638718.8517346825,-0.16743029720727376,139.25481536184466,8877.590977990303,139.42224565905192,8877.758408287511,-0.16743029857046643,-0.16743028128850887,1.3631926698565167e-09,1.5918764889599757e-08
644973.886761882,-0.16662501039526761,140.16580133774204,9030.530476219592,140.33242634813732,9030.697101229987,-0.16662501169707938,-0.16662499389344718,1.3018117694940656e-09,1.6501820437886394e-08
651290.1779475388,-0.16582342443248296,141.0817499467284,9186.026870461765,141.24757337116088,9186.192693886198,-0.16582342567447497,-0.16582340734074472,1.2419920092376913e-09,1.7091738246932664e-08
657668.3251790928,-0.16502552305458212,142.0026834619203,9344.121686405344,142.1677089849749,9344.286711928398,-0.1650255242383034,-0.16502550536595534,1.1837212876564251e-09,1.7688626785528072e-08
664108.934218739,-0.16423129003265044,142.92862423674615,9504.857106012007,143.0928555267788,9505.02133730204,-0.16423129115963805,-0.1642312717400543,1.1269876143416013e-09,1.829259613228551e-08
670612.616760963,-0.16344070917334527,143.85959470516684,9668.275977630807,144.0230354143402,9668.43941833998,-0.16344071024512447,-0.16344069026958738,1.0717791931735832e-09,1.890375789237453e-08
677179.9904906242,-0.1626537643190396,144.79561738189562,9834.421826264374,144.95827114621466,9834.584480028692,-0.16265376533712392,-0.16265374479681424,1.0180843112994609e-09,1.952222536405479e-08
683811.6791416381,-0.16187043934801967,145.7367148626232,10003.33886399048,145.8985853019712,10003.500734429828,-0.16187044031391118,-0.16187041919990616,9.658915056665052e-10,2.0148113510920496e-08
690508.3125562031,-0.16109071817459436,146.68290982423795,10175.072000539672,146.84400054241254,10175.233091257847,-0.16109071908978387,-0.16109069739305557,9.151895075110161e-10,2.0781538795366927e-08
697270.526744623,-0.16031458474894067,147.63422502504866,10349.666854032395,147.7945396097976,10349.827168617145,-0.1603145856149078,-0.16031456332632116,8.659671313360207e-10,2.142261951165736e-08
704098.9639457142,-0.1595420230574472,148.5906833050093,10527.169761877763,148.75022532806673,10527.32930390082,-0.1595420238756606,-0.15954200098597157,8.182134136891506e-10,2.2071475619389602e-08
710994.2726877908,-0.15877301712281572,149.55230758594038,10707.627791835721,149.7110806030632,10707.786564852844,-0.15877301789473328,-0.15877299439458684,7.719175576514914e-10,2.2728228882273882e-08
717957.107850276,-0.1580075510041402,150.51912087175472,10891.088753246233,150.67712842275887,10891.246760797238,-0.15800755173120926,-0.1580075276111375,7.270690438598848e-10,2.3393002701599386e-08
724988.1307258868,-0.15724560879698135,151.49114624868184,11077.601208426653,151.64839185747883,11077.75845403545,-0.15724560948063862,-0.15724558473105898,6.836572696844456e-10,2.4065922366034442e-08
732088.0090834432,-0.1564871746334311,152.4684068854919,11267.214484240494,152.62489406012534,11267.370971415128,-0.15648717527510328,-0.1564871498863162,6.41672187606801e-10,2.474711488509307e-08
739257.4172312926,-0.15573223268217182,153.4509260337225,11459.978683840103,153.60665826640468,11460.134416072786,-0.1557322332832754,-0.15573220724546255,6.011035835751244e-10,2.5436709266690727e-08
746497.0360813396,-0.15498076714852696,154.43872702790128,11655.944698585097,154.5937077950498,11656.099679352246,-0.15498076771046862,-0.15498074101369078,5.619416598712235e-10,2.6134836184077415e-08
753807.5532137336,-0.15423276227450325,155.4318332857763,11855.164220140738,155.58606604805078,11855.318452903011,-0.15423276279867987,-0.1542327354328748,5.241766187769059e-10,2.6841628447682453e-08
761189.6629421593,-0.15348820233882693,156.4302683085395,12057.68975275674,156.58375651087832,12057.843240959079,-0.15348820282662598,-0.1534881747816064,4.87799051152038e-10,2.75572205332697e-08
768644.0663797819,-0.15274707165697218,157.4340556810552,12263.574625730967,157.58680275271217,12263.727372802625,-0.15274707210977176,-0.15274704337522313,4.5279957561206174e-10,2.8281749053782335e-08
776171.4715058387,-0.1520093545811808,158.44321907208737,12472.873006059841,158.59522842666854,12473.025015414421,-0.15200935500034987,-0.1520093255658283,4.191690605725995e-10,2.901535250954268e-08
783772.5932328653,-0.15127503550047783,159.4577822345253,12685.639911277987,159.60905727002577,12685.791186313489,-0.15127503588737645,-0.15127500574230632,3.868986242494543e-10,2.9758171510296805e-08
791448.1534746148,-0.150544098840674,160.47776900561607,12901.931222491417,160.62831310445674,12902.081766590258,-0.1505440991966534,-0.1505440683303254,3.559794126140048e-10,3.0510348580925495e-08
799198.8812146073,-0.14981652906436646,161.50320330718932,13121.803697604688,161.6530198362537,13121.953514133753,-0.1498165293907693,-0.149816497792338,3.264028491933857e-10,3.1272028466755586e-08
807025.5125753684,-0.1490923106709286,162.53410914588886,13345.314984747092,162.6832014565598,13345.464077057763,-0.14909231096908934,-0.1490922786275708,2.981607460927904e-10,3.2043357800493055e-08
814928.7908883461,-0.14837142819649352,163.57051061340073,13572.523635899455,163.71888204159723,13572.672007327652,-0.14837142846773824,-0.14837139537200789,2.7124472112838305e-10,3.282448562957896e-08
822909.4667644942,-0.14765386621393065,164.61243188668348,13803.489120724873,164.76008575289742,13803.636774591087,-0.14765386645957757,-0.14765383259836776,2.4564691947226436e-10,3.3615562888833495e-08
830968.2981655818,-0.146939609332813,165.659897228199,14038.271840606953,165.8068368375318,14038.418780216285,-0.1469396095541725,-0.14693957491607013,2.2135951405211074e-10,3.441674287230079e-08
839106.0504761668,-0.146228642199379,166.71293098614348,14276.933142897464,166.85915962834287,14277.079371539663,-0.14622864239775393,-0.14622860697119788,1.9837492759577913e-10,3.522818112222659e-08
847323.4965762917,-0.14552094949648553,167.77155759467811,14519.535335377392,167.9170785441746,14519.680856326888,-0.1455209496731713,-0.14552091344645024,1.7668577712015576e-10,3.605003529028039e-08
855621.4169148912,-0.14481651594355438,168.83580157416125,14766.14170093419,168.9806180901048,14766.286517450133,-0.1448165160998393,-0.14481647906108888,1.5628492944230743e-10,3.6882465498377925e-08
864000.5995839005,-0.14411532629651164,169.90568753137927,15016.816512458015,170.0498028576758,15016.960627784312,-0.14411532643367697,-0.1441152885708776,1.3716533464602776e-10,3.7725634033369815e-08
872461.8403931253,-0.14341736534771748,170.9812401597805,15271.625047961397,171.1246575251282,15271.768465326744,-0.1434173654670377,-0.14341732676801178,1.1932022037086654e-10,3.8579705707864065e-08
881005.9429458098,-0.1427226179258909,172.06248423970834,15530.633605924044,172.20520685763424,15530.77632854197,-0.14272261802863392,-0.1427225784810433,1.0274303630097847e-10,3.9444847582670306e-08
889633.7187149617,-0.14203106889602604,173.14944463863313,15793.909520866942,173.29147570752914,15794.051551935838,-0.14203106898345344,-0.14203102857479685,8.742739865397198e-11,4.03212291888444e-08
898345.9871204256,-0.14134270315930095,174.2421463113881,16061.521179159347,174.3834890145474,16061.662521862505,-0.14134270323266804,-0.14134266195027834,7.336709018090914e-11,4.120902261095516e-08
907143.575606692,-0.14065750565298016,175.3406143004,16333.538035060747,175.48127180605297,16333.6786925664,-0.1406575057135364,-0.14065746354457775,6.055625445533508e-11,4.2108402403817635e-08
916027.3197215063,-0.13997546135030703,176.44487373592898,16610.030627003835,176.58484919727928,16610.170602465183,-0.13997546139929604,-0.13997541833076146,4.898900729521927e-11,4.301954556473753e-08
924998.0631952089,-0.13929655526039217,177.55494983629887,16891.070594118544,177.69424639155926,16891.209890673803,-0.13929655529905205,-0.13929651131776033,3.865988085216543e-11,4.394263183882252e-08
934056.6580208729,-0.13862077242809215,178.67086790813602,17176.73069300376,178.8094886805641,17176.869313776187,-0.13862077245765556,-0.13862072755024868,2.956340727777729e-11,4.487784346918211e-08
943203.9645352246,-0.13794809793388124,179.79265334660315,17467.084814748472,179.93060144453702,17467.222762846406,-0.13794809795557583,-0.13794805210851596,2.1694590568444028e-11,4.582536528019432e-08
952440.8515003397,-0.13727851689371715,180.92033163563622,17762.20800220648,181.05761015252995,17762.345280723373,-0.13727851690876564,-0.13727847010833216,1.504849023170607e-11,4.6785384982817035e-08
961768.1961861751,-0.1366120144588968,182.0539283481828,18062.176467529353,182.1905403626417,18062.313079543812,-0.13661201446851706,-0.13661196670080386,9.620249041830675e-12,4.775809295254341e-08
971186.8844538732,-0.13594857581591607,183.1934691464371,18367.067609959373,183.32941772225303,18367.203558535188,-0.1359485758213216,-0.13594852707223384,5.405537129021809e-12,4.874368222940184e-08
980697.8108398993,-0.1352881861863515,184.33897978207932,18676.960033888237,184.47426796826568,18677.095322074423,-0.13528818618875144,-0.13528813644400262,2.3999413567565853e-12,4.9742348878778486e-08
990301.8786410007,-0.13463083082665284,185.4904860965129,18991.933567184213,185.62511692733958,18992.06819801504,-0.1346308308272522,-0.13463078007236118,5.993538998438908e-13,5.0754291658350326e-08
1000000.0,-0.13397649502798806,186.64801402110427,19312.069279792297,186.78199051613225,19312.203256287325,-0.13397649502798806,-0.13397644324827587,0.0,5.177971218461863e-08
