rho,x,psi_n0_omega_9.393315777,psi_n1_omega_18.006427516,psi_n2_omega_29.490698249,psi_n3_omega_43.846074116,psi_n4_omega_61.072540571,psi_n5_omega_81.170092290
9.99999000001e-07,1e-06,1.83945681820606e-09,2.75162440945338e-09,3.62299008564196e-09,4.47914453148935e-09,5.32771390633888e-09,6.17175820467702e-09
1.01548530066344e-06,1.01548633187488e-06,1.88235144123937e-09,2.81578996933986e-09,3.70747504809504e-09,4.58359409754412e-09,5.45195109401805e-09,6.31567736971302e-09
1.0312114268266e-06,1.03121249022471e-06,1.92624633095793e-09,2.88145181389303e-09,3.79393012158471e-09,4.69047932403959e-09,5.57908536038359e-09,6.46295256332004e-09
1.04718109249246e-06,1.04718218908185e-06,1.97116481270221e-09,2.94864483506098e-09,3.88240124707481e-09,4.79985700781252e-09,5.70918426165016e-09,6.61366204334161e-09
1.06339806917878e-06,1.06339919999544e-06,2.01713075585959e-09,3.01740473861776e-09,3.97293543705774e-09,4.91178527042078e-09,5.84231692968905e-09,6.76788589285913e-09
1.07986618680981e-06,1.07986735292205e-06,2.06416858642135e-09,3.08776806294704e-09,4.06558080028578e-09,5.02632358871802e-09,5.97855410839401e-09,6.92570606231713e-09
1.09658933462077e-06,1.09659053713025e-06,2.11230329989625e-09,3.1597721983589e-09,4.16038656720443e-09,5.14353282629627e-09,6.11796819107921e-09,7.08720641284431e-09
1.11357146207633e-06,1.11357270211911e-06,2.16156047457531e-09,3.23345540693225e-09,4.25740311607771e-09,5.26347526578402e-09,6.26063325889475e-09,7.25247276075306e-09
1.13081657980335e-06,1.13081785855094e-06,2.21196628514289e-09,3.30885684287504e-09,4.35668199979525e-09,5.38621464198705e-09,6.40662512024453e-09,7.42159292320015e-09
1.14832876053804e-06,1.1483300791985e-06,2.26354751662869e-09,3.38601657339456e-09,4.45827597335102e-09,5.51181617585957e-09,6.55602135119169e-09,7.59465676499132e-09
1.16611214008777e-06,1.16611349990688e-06,2.31633157869584e-09,3.4649756000704e-09,4.56223902198365e-09,5.64034660929347e-09,6.70890133683694e-09,7.77175624651285e-09
1.18417091830779e-06,1.18417232057022e-06,2.37034652025959e-09,3.54577588072199e-09,4.66862638996825e-09,5.77187424071262e-09,6.86534631365465e-09,7.95298547277241e-09
1.20250936009312e-06,1.20251080612362e-06,2.42562104443178e-09,3.62846035176342e-09,4.7774946100495e-09,5.90646896146026e-09,7.0254394127719e-09,8.13844074353242e-09
1.2211317963857e-06,1.22113328755038e-06,2.48218452378569e-09,3.71307295103752e-09,4.88890153350597e-09,6.04420229296654e-09,7.1892657041757e-09,8.32822060451823e-09
1.24004262519723e-06,1.24004416290485e-06,2.54006701593643e-09,3.79965864112193e-09,5.00290636083559e-09,6.18514742468408e-09,7.35691224183351e-09,8.52242589968446e-09
1.25924631264784e-06,1.25924789835111e-06,2.59929927943144e-09,3.88826343309896e-09,5.11956967305212e-09,6.32937925277876e-09,7.52846810971201e-09,8.72115982452171e-09
1.27874739402074e-06,1.27874902921772e-06,2.65991278994606e-09,3.97893441078202e-09,5.23895346358236e-09,6.47697441956326e-09,7.70402446867939e-09,8.92452798038663e-09
1.29855047483335e-06,1.29855216106887e-06,2.72193975677922e-09,4.07171975539068e-09,5.36112117075438e-09,6.62801135366119e-09,7.88367460427638e-09,9.13263842983836e-09
1.31866023192493e-06,1.31866197079203e-06,2.78541313964385e-09,4.1666687706668e-09,5.48613771086613e-09,6.78257031088872e-09,8.06751397534091e-09,9.34560175296376e-09
1.33908141456107e-06,1.33908320770251e-06,2.85041791062621e-09,4.26390855537199e-09,5.61417041371501e-09,6.94085813560142e-09,8.25578857356228e-09,9.56370285986925e-09
1.35981884555526e-06,1.35982069466507e-06,2.91702873211282e-09,4.3635507921546e-09,5.74536632175195e-09,7.10305660710799e-09,8.44871460048579e-09,9.78719218269039e-09
1.3808774224079e-06,1.38087932923299e-06,2.98525390007216e-09,4.4656078944278e-09,5.87974178563458e-09,7.26918594957442e-09,8.64631612551272e-09,1.00160976226666e-08
1.40226211846285e-06,1.40226408480465e-06,3.05510629304074e-09,4.57009912996064e-09,6.01732217980807e-09,7.43927754158829e-09,8.84863048310271e-09,1.02504624441595e-08
1.42397798408198e-06,1.42398001179817e-06,3.12660318745887e-09,4.67705034476263e-09,6.15814153916559e-09,7.61337346728879e-09,9.05570773933839e-09,1.04903446573461e-08
1.44603014783786e-06,1.44603223884408e-06,3.19976599671948e-09,4.78649357277159e-09,6.30224204520827e-09,7.79152588121405e-09,9.26760993660593e-09,1.07358161434575e-08
1.46842381772492e-06,1.46842597399659e-06,3.27462002217171e-09,4.89846666342255e-09,6.44967353574555e-09,7.97379640224682e-09,9.48441037287963e-09,1.09869618200937e-08
1.49116428238937e-06,1.4911665059636e-06,3.35119421589777e-09,5.01301292682637e-09,6.60049303777864e-09,8.1602555362168e-09,9.7061929150852e-09,1.12438788460067e-08
1.5142569123782e-06,1.51425920535567e-06,3.42952095508129e-09,5.13018079628627e-09,6.75476432320921e-09,8.35098212671725e-09,9.93305134601554e-09,1.15066758647425e-08
1.53770716140745e-06,1.5377095259544e-06,3.50963582778572e-09,5.25002350788077e-09,6.91255748701588e-09,8.54606283369415e-09,1.0165088744274e-08,1.17754722865341e-08
1.56152056765021e-06,1.5615230060005e-06,3.59157742996138e-09,5.37259879684161e-09,7.07394854754135e-09,8.74559163936627e-09,1.04024168967195e-08,1.20503976078361e-08
1.58570275504447e-06,1.58570526950168e-06,3.6753871734992e-09,5.4979686104549e-09,7.23901906853205e-09,8.9496693810337e-09,1.0645155742888e-08,1.23315907678928e-08
1.61025943462132e-06,1.61026202756094e-06,3.76110910514998e-09,5.62619883721396e-09,7.40785580257329e-09,9.1584033103333e-09,1.08934328508643e-08,1.2619199541731e-08
1.63519640585361e-06,1.63519907972527e-06,3.84878973612738e-09,5.75735905195234e-09,7.58055035556209e-09,9.37190667849894e-09,1.11473829240794e-08,1.29133799689683e-08
1.66051955802562e-06,1.6605223153554e-06,3.93847788221316e-09,5.89152227668552e-09,7.75719887186046e-09,9.59029834718485e-09,1.14071473385073e-08,1.32142958178301e-08
1.68623487162381e-06,1.68623771501664e-06,4.03022451418309e-09,6.02876475688948e-09,7.93790173977126e-09,9.81370242440983e-09,1.16728737097365e-08,1.3522118083764e-08
1.7123484197492e-06,1.71235135189133e-06,4.12408261837191e-09,6.16916575294473e-09,8.12276331697928e-09,1.00422479251805e-08,1.19447154893887e-08,1.38370245220446e-08
1.73886636955162e-06,1.73886939321313e-06,4.22010706719594e-09,6.31280734647438e-09,8.31189167560031e-09,1.02760684563519e-08,1.22228315903622e-08,1.41591992137604e-08
1.76579498368607e-06,1.7657981017235e-06,4.31835449945154e-09,6.45977426130433e-09,8.50539836648012e-09,1.05153019252835e-08,1.25073860403718e-08,1.4488832164573e-08
1.79314062179178e-06,1.79314383715083e-06,4.41888321020804e-09,6.6101536987742e-09,8.70339820238617e-09,1.07600902718476e-08,1.27985476632607e-08,1.482611893564e-08
1.82090974199402e-06,1.82091305771235e-06,4.52175305011355e-09,6.76403518712757e-09,8.9060090597347e-09,1.10105792233507e-08,1.30964897875594e-08,1.51712603060947e-08
1.84910890242934e-06,1.84911232163939e-06,4.627025333932e-09,6.92151044470969e-09,9.1133516984952e-09,1.12669180719224e-08,1.34013899817649e-08,1.55244619664719e-08
1.87774476279422e-06,1.87774828872623e-06,4.73476275812991e-09,7.0826732567012e-09,9.32554959991511e-09,1.15292594739339e-08,1.37134298158153e-08,1.58859342424711e-08
1.90682408591791e-06,1.90682772190294e-06,4.84502932733135e-09,7.2476193651164e-09,9.54272882170723e-09,1.17977592710001e-08,1.40327946482348e-08,1.62558918484513e-08
1.93635373935949e-06,1.93635748883256e-06,4.95789028945943e-09,7.41644637179432e-09,9.76501787034204e-09,1.20725763321273e-08,1.43596734384226e-08,1.6634553670045e-08
1.96634069702969e-06,1.96634456353303e-06,5.07341207938293e-09,7.58925365411112e-09,9.99254759008771e-09,1.23538724165607e-08,1.46942585835601e-08,1.70221425752854e-08
1.99679204083786e-06,1.99679602802428e-06,5.19166227088623e-09,7.7661422931422e-09,1.02254510684401e-08,1.26418120568935e-08,1.50367457796121e-08,1.74188852536366e-08
2.0277149623644e-06,2.02771907400071e-06,5.3127095367813e-09,7.9472150140026e-09,1.04638635575854e-08,1.2936562461993e-08,1.53873339058953e-08,1.78250120823199e-08
2.05911676455913e-06,2.05912100452972e-06,5.43662361697995e-09,8.13257613809386e-09,1.07079224115375e-08,1.32382934393025e-08,1.57462249326889e-08,1.82407570193251e-08
2.09100486346592e-06,2.0910092357764e-06,5.56347529434485e-09,8.32233154698589e-09,1.09577670385934e-08,1.35471773360778e-08,1.61136238513619e-08,1.86663575225008e-08
2.12338678997405e-06,2.12339129875508e-06,5.69333637813779e-09,8.5165886576625e-09,1.1213538868748e-08,1.38633889991157e-08,1.64897386264913e-08,1.91020544941129e-08
2.15627019159668e-06,2.15627484110784e-06,5.8262796948836e-09,8.71545640885866e-09,1.14753813357116e-08,1.41871057525325e-08,1.68747801694463e-08,1.9548092250264e-08
2.18966283427687e-06,2.1896676289107e-06,5.96237908646805e-09,8.91904525821797e-09,1.17434398731724e-08,1.45185073931507e-08,1.72689623329117e-08,2.00047185145642e-08
2.22357260422158e-06,2.2235775485077e-06,6.10170941528843e-09,9.12746718999917e-09,1.20178619249466e-08,1.48577762030524e-08,1.76725019258266e-08,2.04721844354459e-08
2.258007509764e-06,2.25801260837343e-06,6.24434657627498e-09,9.34083573305965e-09,1.22987969686578e-08,1.5205096978857e-08,1.80856187482114e-08,2.09507446265121e-08
2.29297568325483e-06,2.29298094100437e-06,6.39036751560166e-09,9.55926598884445e-09,1.25863965525892e-08,1.55606570772813e-08,1.85085356453585e-08,2.14406572293109e-08
2.32848538298274e-06,2.32849080483954e-06,6.53985025590493e-09,9.78287466910959e-09,1.28808143453508e-08,1.592464647654e-08,1.89414785808607e-08,2.19421839979278e-08
2.36454499512465e-06,2.3645505862109e-06,6.69287392782866e-09,1.00117801431076e-08,1.31822061980039e-08,1.62972578531455e-08,1.93846767279519e-08,2.24555904047858e-08
2.40116303572614e-06,2.40116880132391e-06,6.84951880771365e-09,1.02461024939642e-08,1.34907302182848e-08,1.66786866736635e-08,1.98383625786349e-08,2.29811457670459e-08
2.43834815271262e-06,2.43835409826883e-06,7.0098663612506e-09,1.04859635839738e-08,1.38065468565716e-08,1.70691313009839e-08,2.03027720700697e-08,2.35191233929985e-08
2.47610912793151e-06,2.4761152590631e-06,7.17399929291428e-09,1.07314871285437e-08,1.41298190032356e-08,1.74687931146651e-08,2.07781447276985e-08,2.40698007478383e-08
2.51445487922618e-06,2.51446120172542e-06,7.34200160099797e-09,1.09827987785131e-08,1.44607120970195e-08,1.78778766449079e-08,2.12647238245799e-08,2.46334596382119e-08
2.55339446254192e-06,2.55340098238185e-06,7.51395863806627e-09,1.12400262105784e-08,1.47993942440862e-08,1.82965897197196e-08,2.17627565564084e-08,2.5210386414932e-08
2.59293707406457e-06,2.59294379740467e-06,7.68995717664475e-09,1.15032992255499e-08,1.51460363473789e-08,1.87251436248249e-08,2.22724942316925e-08,2.58008721932476e-08
2.63309205239219e-06,2.6330989855842e-06,7.87008547996492e-09,1.1772749854171e-08,1.55008122459365e-08,1.91637532758813e-08,2.27941924765668e-08,2.64052130900625e-08
2.67386888074046e-06,2.67387603033437e-06,8.05443337758307e-09,1.20485124702273e-08,1.58638988638061e-08,1.96126374025589e-08,2.33281114537119e-08,2.70237104774932e-08
2.71527718918219e-06,2.71528456193242e-06,8.24309234569116e-09,1.23307239106732e-08,1.62354763681952e-08,2.00720187440402e-08,2.38745160948567e-08,2.76566712521578e-08
2.75732675692145e-06,2.75733435979326e-06,8.43615559193842e-09,1.26195236025063e-08,1.66157283365059e-08,2.05421242555007e-08,2.44336763463376e-08,2.83044081195867e-08
2.800027514603e-06,2.80003535477903e-06,8.6337181445819e-09,1.29150536961162e-08,1.70048419318937e-08,2.10231853251254e-08,2.50058674271895e-08,2.89672398931466e-08
2.84338954665744e-06,2.84339763154454e-06,8.83587694578473e-09,1.32174592048374e-08,1.74030080869938e-08,2.15154380012224e-08,2.5591370099242e-08,2.96454918068706e-08
2.88742309368271e-06,2.8874314309189e-06,9.04273094888015e-09,1.35268881504341e-08,1.78104216954566e-08,2.20191232289887e-08,2.6190470948697e-08,3.03394958415829e-08
2.93213855486236e-06,2.93214715232408e-06,9.25438121941988e-09,1.38434917142452e-08,1.82272818109353e-08,2.25344870964887e-08,2.68034626786596e-08,3.10495910637118e-08
2.97754649042146e-06,2.97755535623096e-06,9.47093103982547e-09,1.41674243937189e-08,1.86537918531688e-08,2.30617810894021e-08,2.74306444120996e-08,3.17761239761822e-08
3.02365762412032e-06,3.02366676665339e-06,9.69248601746076e-09,1.44988441640638e-08,1.90901598208002e-08,2.36012623540992e-08,2.80723220047163e-08,3.25194488807773e-08
3.07048284578698e-06,3.07049227368084e-06,9.91915419594399e-09,1.48379126447463e-08,1.95365985105762e-08,2.4153193968603e-08,2.87288083671806e-08,3.32799282513626e-08
3.11803321388888e-06,3.11804293605032e-06,1.01510461695182e-08,1.51847952705622e-08,1.99933257425681e-08,2.47178452209944e-08,2.94004237962315e-08,3.40579331173628e-08
3.16631995814431e-06,3.16632998375813e-06,1.03882752002981e-08,1.55396614670108e-08,2.04605645910567e-08,2.529549189482e-08,3.00874963140983e-08,3.48538434568832e-08
3.21535448217432e-06,3.215364820712e-06,1.06309573382117e-08,1.59026848296996e-08,2.09385436207248e-08,2.58864165610596e-08,3.07903620157247e-08,3.5668048598866e-08
3.26514836619571e-06,3.26515902742437e-06,1.08792115434558e-08,1.62740433075098e-08,2.14274971277994e-08,2.64909088762125e-08,3.15093654232692e-08,3.6500947633675e-08
3.31571336975573e-06,3.31572436374733e-06,1.11331598112829e-08,1.6653919389248e-08,2.1927665385785e-08,2.71092658860595e-08,3.2244859847356e-08,3.73529498314977e-08
3.36706143450909e-06,3.36707277164996e-06,1.1392927298939e-08,1.70425002935158e-08,2.24392948954319e-08,2.77417923346594e-08,3.29972077545504e-08,3.82244750679574e-08
3.41920468703795e-06,3.41921637803862e-06,1.16586424545693e-08,1.74399781615228e-08,2.29626386385809e-08,2.83888009781379e-08,3.37667811405339e-08,3.91159542563265e-08
3.47215544171568e-06,3.47216749762095e-06,1.19304371479118e-08,1.78465502525743e-08,2.34979563355284e-08,2.90506129028271e-08,3.4553961908454e-08,4.00278297857326e-08
3.52592620361487e-06,3.5259386358143e-06,1.22084468025961e-08,1.82624191419589e-08,2.40455147055522e-08,2.97275578473139e-08,3.53591422519206e-08,4.09605559647479e-08
3.58052967146036e-06,3.58054249169899e-06,1.24928105298665e-08,1.86877929209679e-08,2.46055877302421e-08,3.04199745279539e-08,3.61827250421267e-08,4.1914599469754e-08
3.63597874062809e-06,3.63599196101756e-06,1.27836712635475e-08,1.9122885398772e-08,2.51784569192776e-08,3.11282109674112e-08,3.70251242185659e-08,4.28904397974736e-08
3.69228650619031e-06,3.69230013922029e-06,1.30811758960699e-08,1.95679163058854e-08,2.57644115782943e-08,3.1852624825781e-08,3.78867651828217e-08,4.38885697210599e-08
3.74946626600793e-06,3.74948032455793e-06,1.33854754153769e-08,2.00231114989448e-08,2.63637490784829e-08,3.25935837338513e-08,3.87680851949025e-08,4.49094957491346e-08
3.80753152387087e-06,3.80754602122237e-06,1.36967250425272e-08,2.04887031665332e-08,2.69767751275613e-08,3.33514656280662e-08,3.96695337715983e-08,4.59537385871676e-08
3.86649599268685e-06,3.86651094253592e-06,1.40150843698153e-08,2.09649300357749e-08,2.76038040417651e-08,3.41266590867445e-08,4.05915730863316e-08,4.70218336005886e-08
3.92637359771973e-06,3.92638901418989e-06,1.43407174992251e-08,2.14520375794314e-08,2.82451590184952e-08,3.49195636671127e-08,4.15346783699782e-08,4.81143312790207e-08
3.98717847987791e-06,3.98719437753353e-06,1.46737931810383e-08,2.19502782232265e-08,2.89011724092694e-08,3.57305902427137e-08,4.24993383121323e-08,4.92317977010305e-08
4.04892499905366e-06,4.04894139291368e-06,1.50144849524129e-08,2.24599115531291e-08,2.95721859926163e-08,3.65601613407444e-08,4.34860554622901e-08,5.03748149987833e-08
4.11162773751413e-06,4.11164464306629e-06,1.53629712757521e-08,2.29812045223215e-08,3.02585512465567e-08,3.74087114788832e-08,4.44953466304254e-08,5.15439818219951e-08
4.17530150334497e-06,4.1753189365604e-06,1.57194356766821e-08,2.35144316575823e-08,3.09606296203145e-08,3.82766875011657e-08,4.55277432864346e-08,5.27399138005752e-08
4.23996133394713e-06,4.23997931129546e-06,1.60840668814561e-08,2.40598752648121e-08,3.16787928048987e-08,3.9164548912465e-08,4.65837919579218e-08,5.39632440053472e-08
4.30562249958789e-06,4.30564103805282e-06,1.64570589536038e-08,2.46178256334302e-08,3.24134230021991e-08,4.00727682111353e-08,4.76640546258008e-08,5.52146234062417e-08
4.37230050700691e-06,4.37231962410222e-06,1.6838611429645e-08,2.51885812393714e-08,3.316491319224e-08,4.10018312193785e-08,4.87691091171886e-08,5.64947213273532e-08
4.44001110307801e-06,4.44003081686414e-06,1.72289294536846e-08,2.57724489464104e-08,3.39336673982313e-08,4.19522374108887e-08,4.98995494950637e-08,5.78042258982499e-08
4.50877027852771e-06,4.5087906076288e-06,1.76282239107085e-08,2.63697442055429e-08,3.47201009490623e-08,4.29245002353355e-08,5.10559864441634e-08,5.91438445009286e-08
4.5785942717114e-06,4.57861523533289e-06,1.80367115583992e-08,2.69807912521517e-08,3.55246407388797e-08,4.39191474392432e-08,5.22390476525973e-08,6.05143042118083e-08
4.64949957244787e-06,4.64952119039466e-06,1.84546151572876e-08,2.76059233006863e-08,3.63477254833907e-08,4.49367213828234e-08,5.34493781886475e-08,6.19163522381509e-08
4.72150292591327e-06,4.72152521860841e-06,1.88821635990617e-08,2.82454827365836e-08,3.71898059725365e-08,4.59777793523195e-08,5.46876408722325e-08,6.33507563483007e-08
4.79462133659542e-06,4.7946443250994e-06,1.93195920328495e-08,2.88998213051598e-08,3.8051345319177e-08,4.70428938674219e-08,5.59545166405098e-08,6.48183052951373e-08
4.86887207230923e-06,4.86889577833991e-06,1.97671419892938e-08,2.95693002972004e-08,3.89328192034291e-08,4.81326529833106e-08,5.72507049070895e-08,6.63198092321281e-08
4.94427266827442e-06,4.94429711422751e-06,2.02250615022398e-08,3.02542907309775e-08,3.98347161123015e-08,4.92476605868849e-08,5.85769239143344e-08,6.78561001213767e-08
5.02084093125623e-06,5.02086614022646e-06,2.06936052278503e-08,3.09551735304218e-08,4.07575375742686e-08,5.03885366867355e-08,5.99339110782213e-08,6.94280321330543e-08
5.09859494377042e-06,5.09862093957336e-06,2.11730345609712e-08,3.16723396991801e-08,4.1701798388426e-08,5.15559176964219e-08,6.13224233252386e-08,7.103648203561e-08
5.17755306835326e-06,5.17757987554783e-06,2.16636177485617e-08,3.24061904902842e-08,4.26680268478695e-08,5.27504567106072e-08,6.27432374207927e-08,7.26823495761465e-08
5.25773395189762e-06,5.25776159580928e-06,2.21656300000101e-08,3.31571375711598e-08,4.36567649569404e-08,5.39728237736129e-08,6.4197150288599e-08,7.43665578503555e-08
5.33915653005633e-06,5.33918503680099e-06,2.26793535941538e-08,3.3925603183707e-08,4.46685686419801e-08,5.52237061399508e-08,6.56849793205323e-08,7.60900536614052e-08
5.42184003171359e-06,5.4218694282223e-06,2.32050779828195e-08,3.47120202991757e-08,4.57040079552364e-08,5.65038085263883e-08,6.72075626764106e-08,7.78538078671677e-08
5.50580398352563e-06,5.50583429757003e-06,2.37430998907047e-08,3.55168327675693e-08,4.67636672715614e-08,5.78138533551061e-08,6.87657595731851e-08,7.96588157151793e-08
5.59106821453176e-06,5.59109947475031e-06,2.42937234114183e-08,3.63404954613014e-08,4.78481454775492e-08,5.91545809875092e-08,7.03604505630152e-08,8.15060971647281e-08
5.67765286083675e-06,5.67768509676178e-06,2.48572600994972e-08,3.71834744128367e-08,4.89580561527493e-08,6.05267499482435e-08,7.19925377996975e-08,8.33966971954543e-08
5.76557837036571e-06,5.76561161245131e-06,2.5434029058219e-08,3.80462469460422e-08,5.00940277426032e-08,6.1931137138982e-08,7.3662945292928e-08,8.53316861018599e-08
5.85486550769259e-06,5.85489978734341e-06,2.60243570230289e-08,3.89293018009786e-08,5.12567037227429e-08,6.33685380415333e-08,7.53726191498681e-08,8.73121597731151e-08
5.94553535894351e-06,5.94557070854439e-06,2.66285784403989e-08,3.98331392518606e-08,5.24467427542981e-08,6.48397669098368e-08,7.71225278034928e-08,8.93392399575571e-08
6.0376093367759e-06,6.0376457897225e-06,2.72470355419379e-08,4.07582712179127e-08,5.366481882985e-08,6.63456569503955e-08,7.89136622271922e-08,9.14140745112688e-08
6.13110918543481e-06,6.13114677616513e-06,2.78800784135705e-08,4.17052213668509e-08,5.49116214096766e-08,6.78870604907095e-08,8.07470361351011e-08,9.35378376301285e-08
6.2260569858875e-06,6.22609574991443e-06,2.8528065059605e-08,4.26745252107179e-08,5.61878555479331e-08,6.94648491352679e-08,8.26236861676347e-08,9.5711730064728e-08
6.32247516103752e-06,6.32251513498242e-06,2.91913614615059e-08,4.36667301937998e-08,5.74942420084069e-08,7.10799139086542e-08,8.45446720617002e-08,9.79369793175418e-08
6.4203864810195e-06,6.42042770264672e-06,2.9870341631192e-08,4.46823957723534e-08,5.88315173694911e-08,7.27331653853253e-08,8.65110768050607e-08,1.00214839821745e-07
6.51981406857596e-06,6.51985657682859e-06,3.05653876586778e-08,4.57220934858728e-08,6.02004341180212e-08,7.44255338056241e-08,8.85240067743281e-08,1.02546593101069e-07
6.62078140451738e-06,6.62082523955401e-06,3.12768897538755e-08,4.67864070196227e-08,6.16017607316127e-08,7.61579691775795e-08,9.05845918560551e-08,1.04933547910087e-07
6.72331233326669e-06,6.72335753649934e-06,3.20052462823774e-08,4.7875932258167e-08,6.30362817491465e-08,7.7931441364054e-08,9.26939855504032e-08,1.07377040354322e-07
6.82743106848981e-06,6.82747768262306e-06,3.27508637950367e-08,4.89912773296228e-08,6.45047978290423e-08,7.97469401547995e-08,9.48533650568632e-08,1.09878433989558e-07
6.93316219881318e-06,6.93321026788453e-06,3.35141570511655e-08,5.01330626403656e-08,6.60081257949637e-08,8.1605475322974e-08,9.7063931341498e-08,1.12439119899772e-07
7.04053069362988e-06,7.04058026305133e-06,3.42955490351668e-08,5.13019208999161e-08,6.75470986685947e-08,8.35080766656813e-08,9.93269091851846e-08,1.15060516753042e-07
7.14956190899573e-06,7.14961302559669e-06,3.50954709664216e-08,5.24984971357366e-08,6.91225656891356e-08,8.54557940280921e-08,1.01643547212333e-07,1.17744070834853e-07
7.26028159361655e-06,7.26033430568807e-06,3.59143623022475e-08,5.37234486976649e-08,7.07353923191544e-08,8.74496973107008e-08,1.04015117899548e-07,1.2049125605818e-07
7.37271589492812e-06,7.37277025226855e-06,3.67526707337469e-08,5.49774452517139e-08,7.23864602364399e-08,8.94908764592792e-08,1.06442917563719e-07,1.23303573949731e-07
7.48689136527046e-06,7.48694741923244e-06,3.76108521743667e-08,5.62611687629672e-08,7.40766673114999e-08,9.15804414370854e-08,1.08928266329003e-07,1.26182553611764e-07
7.60283496815746e-06,7.60289277169648e-06,3.84893707409825e-08,5.75753134672972e-08,7.58069275703431e-08,9.37195221788844e-08,1.11472508072181e-07,1.29129751658843e-07
7.72057408464372e-06,7.72063369236812e-06,3.93886987273303e-08,5.89205858316335e-08,7.75781711421901e-08,9.59092685263371e-08,1.14077010345859e-07,1.32146752128943e-07
7.84013651978996e-06,7.84019798801253e-06,4.03093165696027e-08,6.02977045025138e-08,7.93913441917564e-08,9.81508501443216e-08,1.1674316427899e-07,1.35235166368292e-07
7.96155050922852e-06,7.96161389601969e-06,4.1251712804027e-08,6.17074002426414e-08,8.12474088357474e-08,1.00445456417738e-07,1.19472384454193e-07,1.38396632889334e-07
8.08484472583042e-06,8.08491009107312e-06,4.22163840162443e-08,6.31504158551789e-08,8.31473430432092e-08,1.02794296328357e-07,1.2226610876134e-07,1.41632817201207e-07
8.2100482864758e-06,8.21011569192207e-06,4.32038347823096e-08,6.462750609551e-08,8.50921405193794e-08,1.05198598311275e-07,1.25125798226882e-07,1.44945411612138e-07
8.3371907589291e-06,8.33726026825837e-06,4.42145776011284e-08,6.6139437570192e-08,8.70828105726768e-08,1.07659610090527e-07,1.28052936818403e-07,1.48336135003131e-07
8.46630216882062e-06,8.46637384769989e-06,4.52491328181504e-08,6.76869886228316e-08,8.91203779644747e-08,1.10178598493417e-07,1.31049031223857e-07,1.51806732572345e-07
8.5974130067363e-06,8.59748692288219e-06,4.63080285401384e-08,6.9270949206612e-08,9.12058827413018e-08,1.12756849243131e-07,1.34115610604982e-07,1.55358975549564e-07
8.73055423541718e-06,8.73063045865991e-06,4.73918005408302e-08,7.08921207431978e-08,9.33403800491089e-08,1.15395666729176e-07,1.37254226324344e-07,1.58994660880127e-07
8.86575729707037e-06,8.86583589941969e-06,4.85009921573122e-08,7.2551315967748e-08,9.55249399292477e-08,1.18096373755221e-07,1.40466451645509e-07,1.62715610877737e-07
9.00305412079309e-06,9.00313517650635e-06,4.96361541769232e-08,7.42493587597639e-08,9.77606470958021e-08,1.20860311263883e-07,1.43753881405795e-07,1.66523672845514e-07
9.1424771301119e-06,9.14256071576415e-06,5.07978447145074e-08,7.59870839595031e-08,1.00048600693917e-07,1.23688838038026e-07,1.47118131661101e-07,1.70420718664709e-07
9.28405925063833e-06,9.28414544519474e-06,5.19866290798341e-08,7.77653371696843e-08,1.02389914038761e-07,1.26583330378123e-07,1.50560839302263e-07,1.74408644350445e-07
9.42783391784334e-06,9.42792280273372e-06,5.32030796350026e-08,7.95849745422144e-08,1.04785714334778e-07,1.29545181755249e-07,1.5408366164243e-07,1.78489369573894e-07
9.57383508495186e-06,9.57392674414762e-06,5.44477756416514e-08,8.14468625496642e-08,1.0723714237485e-07,1.32575802439249e-07,1.57688275974933e-07,1.8266483715028e-07
9.7220972309598e-06,9.7221917510533e-06,5.57213030977901e-08,8.33518777412233e-08,1.09745352219037e-07,1.35676619101658e-07,1.61376379101108e-07,1.86937012492088e-07
9.87265536877505e-06,9.87275283906138e-06,5.70242545640719e-08,8.5300906482861e-08,1.12311510852517e-07,1.38849074392915e-07,1.65149686827561e-07,1.91307883026885e-07
1.00255450534845e-05,1.00256455660458e-05,5.83572289793248e-08,8.72948446814203e-08,1.14936797822383e-07,1.42094626493427e-07,1.69009933432345e-07,1.95779457579126e-07
1.01808023907489e-05,1.01809060405415e-05,5.97208314651614e-08,8.93345974923786e-08,1.17622404852927e-07,1.45414748638065e-07,1.72958871099524e-07,2.00353765715363e-07
1.03384640453285e-05,1.03385709302723e-05,6.11156731194847e-08,9.14210790109974e-08,1.20369535439064e-07,1.48810928613624e-07,1.76998269321596e-07,2.05032857052219e-07
1.04985672497391e-05,1.04986774708105e-05,6.25423707987074e-08,9.3555211946592e-08,1.2317940441753e-07,1.52284668228808e-07,1.81129914269249e-07,2.09818800526538e-07
1.06611498130438e-05,1.06612634743709e-05,6.4001546888506e-08,9.57379272796525e-08,1.26053237515506e-07,1.55837482756324e-07,1.85355608127934e-07,2.14713683627101e-07
1.08262501297797e-05,1.08263673387406e-05,6.54941108295263e-08,9.79705844400834e-08,1.2899282291682e-07,1.594715802632e-07,1.89677973456341e-07,2.19720539238443e-07
1.09939071890236e-05,1.09940280563477e-05,6.70216366075324e-08,1.00255538629522e-07,1.32001262866923e-07,1.63190797965127e-07,1.94101577096084e-07,2.24844661303763e-07
1.1164160583597e-05,1.116428522347e-05,6.85849102054834e-08,1.02593965850367e-07,1.35080106233385e-07,1.6699705145567e-07,1.98628698571214e-07,2.30088691877564e-07
1.13370505194149e-05,1.13371790495866e-05,7.0184686169199e-08,1.04986994546479e-07,1.38230838326884e-07,1.70892176295939e-07,2.03261520119913e-07,2.35455157469952e-07
1.15126178249783e-05,1.15127503668734e-05,7.18217553191711e-08,1.07435807448733e-07,1.41455015978811e-07,1.7487809653484e-07,2.0800232932667e-07,2.40946706755515e-07
1.16909039610142e-05,1.16910406398475e-05,7.34969432910709e-08,1.09941639389796e-07,1.44754264660582e-07,1.78956821142264e-07,2.12853514872022e-07,2.46566105639213e-07
1.18719510302644e-05,1.18720919751589e-05,7.52111091984731e-08,1.12505775301772e-07,1.48130275843767e-07,1.83130440740075e-07,2.1781756263663e-07,2.52316232732937e-07
1.20558017874264e-05,1.20559471315354e-05,7.69651444153798e-08,1.15129548393083e-07,1.5158480459627e-07,1.87401124625028e-07,2.22897052152723e-07,2.58200075234628e-07
1.22424996492478e-05,1.22426495298804e-05,7.87599714761286e-08,1.17814338500967e-07,1.55119667409815e-07,1.91771118077738e-07,2.28094653395911e-07,2.64220725201852e-07
1.24320887047769e-05,1.2432243263528e-05,8.05965430902619e-08,1.20561570615994e-07,1.58736740253952e-07,1.96242739951798e-07,2.33413123910347e-07,2.70381376211732e-07
1.26246137257724e-05,1.26247731086563e-05,8.24758412699421e-08,1.2337271357496e-07,1.62437956851848e-07,2.00818380537165e-07,2.38855306260256e-07,2.76685320399113e-07
1.28201201772736e-05,1.2820284534862e-05,8.43988765674948e-08,1.26249278918558e-07,1.66225307173079e-07,2.05500499691942e-07,2.44424125800829e-07,2.83135945864878e-07
1.30186542283349e-05,1.30188237158993e-05,8.63666874206596e-08,1.291928199102e-07,1.70100836138677e-07,2.10291625236647e-07,2.50122588761481e-07,2.89736734446294e-07
1.32202627629262e-05,1.32204375405843e-05,8.83803396031308e-08,1.32204930712383e-07,1.74066642533655e-07,2.15194351605103e-07,2.55953780634469e-07,2.96491259841285e-07
1.34249933910018e-05,1.3425173623869e-05,9.04409257779718e-08,1.35287245716968e-07,1.78124878122269e-07,2.20211338746054e-07,2.61920864861884e-07,3.03403186078527e-07
1.3632894459741e-05,1.36330803180861e-05,9.25495651514824e-08,1.38441439025766e-07,1.82277746961236e-07,2.25345311269623e-07,2.68027081814005e-07,3.10476266325265e-07
1.38440150649625e-05,1.38442067243689e-05,9.47074032250998e-08,1.4166922407781e-07,1.86527504906149e-07,2.30599057832722e-07,2.74275748052021e-07,3.17714342024738e-07
1.40584050627156e-05,1.4058602704247e-05,9.69156116429207e-08,1.449723534197e-07,1.90876459306344e-07,2.3597543075754e-07,2.80670255868122e-07,3.25121342355109e-07
1.42761150810507e-05,1.42763188914221e-05,9.91753881324187e-08,1.4835261861539e-07,1.95326968883436e-07,2.41477345877211e-07,2.87214073095964e-07,3.327012840018e-07
1.44971965319721e-05,1.44974067037263e-05,1.01487956535942e-07,1.51811850291823e-07,1.99881443788775e-07,2.4710778260278e-07,2.93910743184497e-07,3.40458271235116e-07
1.4721701623576e-05,1.47219183552654e-05,1.03854566930579e-07,1.55351918316773e-07,2.04542345835054e-07,2.52869784205585e-07,3.00763885528173e-07,3.48396496285065e-07
1.49496833723758e-05,1.49499068687499e-05,1.06276495833959e-07,1.58974732105294e-07,2.09312188897317e-07,2.58766458309168e-07,3.07777196046518e-07,3.56520240005256e-07
1.51811956158188e-05,1.5181426088018e-05,1.08755046493586e-07,1.62682241051156e-07,2.14193539478587e-07,2.64800977584819e-07,3.14954448006087e-07,3.64833872817779e-07
1.54162930249965e-05,1.54165306907511e-05,1.11291549257274e-07,1.66476435079634e-07,2.19189017435374e-07,2.70976580644888e-07,3.22299493077779e-07,3.73341855930952e-07
1.56550311175513e-05,1.56552762013873e-05,1.13887362022279e-07,1.70359345318067e-07,2.24301296858287e-07,2.77296573127956e-07,3.29816262622551e-07,3.82048742821844e-07
1.58974662707833e-05,1.5897719004235e-05,1.16543870760694e-07,1.74333044880531e-07,2.29533107102992e-07,2.83764328970001e-07,3.37508769198479e-07,3.90959180975455e-07
1.61436557349603e-05,1.61439163567882e-05,1.19262490118696e-07,1.78399649763042e-07,2.34887233966754e-07,2.90383291855654e-07,3.45381108282223e-07,4.00077913872447e-07
1.63936576468328e-05,1.63939264032498e-05,1.22044664087239e-07,1.82561319845645e-07,2.403665210058e-07,2.97156976843669e-07,3.53437460197846e-07,4.09409783217329e-07
1.66475310433593e-05,1.66478081882629e-05,1.24891866741746e-07,1.86820259997796e-07,2.45973870988753e-07,3.04088972160728e-07,3.61682092246035e-07,4.18959731398994e-07
1.69053358756432e-05,1.69056216708557e-05,1.27805603048413e-07,1.911787212834e-07,2.51712247481351e-07,3.1118294115768e-07,3.70119361026687e-07,4.28732804175484e-07
1.71671330230862e-05,1.71674277386018e-05,1.30787409734678e-07,1.95639002261902e-07,2.57584676557713e-07,3.18442624422332e-07,3.78753714947875e-07,4.3873415357489e-07
1.74329843077599e-05,1.74332882219999e-05,1.33838856221471e-07,2.00203450381804e-07,2.63594248633379e-07,3.25871842042925e-07,3.8758969691421e-07,4.4896904100429e-07
1.77029525090006e-05,1.77032659090763e-05,1.36961545614782e-07,2.04874463463001e-07,2.69744120415364e-07,3.33474496016376e-07,3.96631947187568e-07,4.59442840558597e-07
1.79771013782297e-05,1.79774245602135e-05,1.40157115754174e-07,2.09654491264302e-07,2.76037516964462e-07,3.41254572795432e-07,4.05885206413212e-07,4.7016104252123e-07
1.82554956540031e-05,1.82558289232086e-05,1.4342724031579e-07,2.14546037132546e-07,2.82477733865048e-07,3.49216145968832e-07,4.15354318804296e-07,4.81129257048497e-07
1.85382010772943e-05,1.85385447485646e-05,1.46773629967452e-07,2.19551659729668e-07,2.89068139497598e-07,3.57363379068592e-07,4.25044235477756e-07,4.92353218029583e-07
1.88252844070135e-05,1.88256388050182e-05,1.5019803357343e-07,2.24673974834112e-07,2.95812177409187e-07,3.65700528498539e-07,4.3496001793458e-07,5.03838787114029e-07
1.9116813435767e-05,1.91171788953094e-05,1.53702239446459e-07,2.29915657212974e-07,3.02713368777187e-07,3.74231946578193e-07,4.45106841677473e-07,5.15591957898625e-07
1.94128570058605e-05,1.94132338721937e-05,1.57288076644594e-07,2.35279442561261e-07,3.09775314961412e-07,3.82962084696126e-07,4.55489999958915e-07,5.27618860265575e-07
1.97134850255501e-05,1.97138736547032e-05,1.6095741631047e-07,2.40768129504628e-07,3.17001700139939e-07,3.91895496566896e-07,4.66114907652586e-07,5.39925764863846e-07
2.0018768485545e-05,2.00191692446594e-05,1.6471217305057e-07,2.46384581662012e-07,3.24396294023859e-07,4.01036841585687e-07,4.76987105241211e-07,5.52519087725607e-07
2.03287794757655e-05,2.03291927434417e-05,1.68554306352066e-07,2.52131729764509e-07,3.31962954646178e-07,4.10390888274762e-07,4.88112262913776e-07,5.65405395009631e-07
2.06435912023597e-05,2.0644017369015e-05,1.72485822034809e-07,2.58012573826902e-07,3.39705631220121e-07,4.1996251781583e-07,4.99496184765136e-07,5.7859140786356e-07
2.0963278004985e-05,2.09637174732224e-05,1.76508773736082e-07,2.64030185368214e-07,3.4762836706207e-07,4.29756727662473e-07,5.11144813091031e-07,5.92084007396943e-07
2.12879153743557e-05,2.12883685593441e-05,1.80625264425658e-07,2.70187709677667e-07,3.55735302574373e-07,4.39778635226714e-07,5.23064232771478e-07,6.0589023975692e-07
2.16175799700626e-05,2.16180472999289e-05,1.84837447948766e-07,2.7648836812243e-07,3.64030678283269e-07,4.50033481633855e-07,5.35260675735568e-07,6.20017321298454e-07
2.19523496386686e-05,2.19528315549025e-05,1.89147530594553e-07,2.82935460493551e-07,3.72518837927158e-07,4.60526635539714e-07,5.47740525500659e-07,6.34472643841019e-07
2.22923034320845e-05,2.22928003899551e-05,1.935577726876e-07,2.89532367386438e-07,3.81204231590468e-07,4.71263597004336e-07,5.60510321778962e-07,6.49263780003617e-07
2.26375216262281e-05,2.26380340952145e-05,1.98070490200097e-07,2.96282552612278e-07,3.90091418878339e-07,4.82250001416333e-07,5.73576765144519e-07,6.64398488610025e-07
2.29880857399735e-05,2.29886142042079e-05,2.0268805638225e-07,3.03189565636788e-07,3.99185072127378e-07,4.93491623461951e-07,5.86946721753595e-07,6.79884720156185e-07
2.33440785543928e-05,2.33446235131179e-05,2.07412903408494e-07,3.10257044042665e-07,4.08489979647719e-07,5.04994381132967e-07,6.00627228111459e-07,6.95730622331598e-07
2.37055841322954e-05,2.37061461003363e-05,2.12247524037107e-07,3.17488716012129e-07,4.18011048991616e-07,5.16764339767547e-07,6.14625495878555e-07,7.11944545586642e-07
2.40726878380704e-05,2.40732673463205e-05,2.17194473280799e-07,3.24888402825934e-07,4.27753310243829e-07,5.28807716118177e-07,6.28948916709104e-07,7.28535048737709e-07
2.44454763578356e-05,2.44460739537584e-05,2.22256370085857e-07,3.32460021375239e-07,4.37721919329016e-07,5.4113088244077e-07,6.43605067115078e-07,7.45510904602032e-07
2.48240377198978e-05,2.48246539680443e-05,2.27435899017432e-07,3.40207586682707e-07,4.47922161331386e-07,5.53740370599072e-07,6.58601713348585e-07,7.62881105654118e-07
2.52084613155311e-05,2.52090967980725e-05,2.32735811948551e-07,3.48135214429241e-07,4.58359453821854e-07,5.6664287617849e-07,6.73946816295676e-07,7.80654869695685e-07
2.55988379200753e-05,2.55994932373535e-05,2.38158929750422e-07,3.56247123482708e-07,4.69039350187917e-07,5.79845262603429e-07,6.8964853637453e-07,7.98841645530967e-07
2.59952597143615e-05,2.5995935485456e-05,2.43708143981637e-07,3.64547638425057e-07,4.79967542961507e-07,5.93354565252286e-07,7.05715238431069e-07,8.17451118639324e-07
2.63978203064692e-05,2.63985171697818e-05,2.49386418573831e-07,3.73041192074202e-07,4.91149867140056e-07,6.07177995564183e-07,7.22155496624951e-07,8.36493216837006e-07
2.68066147538197e-05,2.68073333676778e-05,2.55196791511396e-07,3.81732327997068e-07,5.02592303496007e-07,6.21322945131587e-07,7.38978099299008e-07,8.55978115920015e-07
2.72217395856117e-05,2.72224806288903e-05,2.61142376502821e-07,3.90625703010159e-07,5.14300981870011e-07,6.35796989772896e-07,7.56192053825061e-07,8.75916245279911e-07
2.76432928256044e-05,2.76440569983669e-05,2.67226364641248e-07,3.99726089664052e-07,5.26282184443048e-07,6.50607893579135e-07,7.73806591419159e-07,8.96318293484492e-07
2.80713740152517e-05,2.80721620394118e-05,2.73452026051816e-07,4.09038378708188e-07,5.38542348982707e-07,6.65763612928852e-07,7.91831171919223e-07,9.17195213815212e-07
2.85060842371964e-05,2.85068968571996e-05,2.79822711523387e-07,4.18567581532353e-07,5.51088072058884e-07,6.81272300465354e-07,8.10275488518107e-07,9.38558229753279e-07
2.89475261391261e-05,2.89483641226533e-05,2.86341854122222e-07,4.28318832581224e-07,5.63926112224095e-07,6.97142309030373e-07,8.29149472445073e-07,9.60418840406268e-07
2.93958039579992e-05,2.93966680966916e-05,2.93012970785199e-07,4.38297391738355e-07,5.77063393153682e-07,7.13382195548283e-07,8.4846329758866e-07,9.82788825867176e-07
2.98510235446455e-05,2.98519146548527e-05,2.99839663890155e-07,4.48508646676016e-07,5.90507006741136e-07,7.30000724855002e-07,8.68227385053996e-07,1.00568025249783e-06
3.03132923887475e-05,3.03142113122985e-05,3.0682562280092e-07,4.58958115167231e-07,6.04264216143768e-07,7.47006873465664e-07,8.88452407647509e-07,1.0291054781285e-06
3.07827196442075e-05,3.07836672492061e-05,3.13974625384643e-07,4.69651447356416e-07,6.18342458773971e-07,7.6440983327518e-07,9.09149294282044e-07,1.05307715716565e-06
3.12594161549087e-05,3.12603933365532e-05,3.21290539498985e-07,4.80594427985013e-07,6.32749349231322e-07,7.82219015185838e-07,9.30329234295421e-07,1.07760824559966e-06
3.17434944808733e-05,3.17445021623025e-05,3.2877732444675e-07,4.91792978568469e-07,6.47492682170748e-07,8.00444052656005e-07,9.52003681675399e-07,1.10271200590458e-06
3.22350689248257e-05,3.22361080579908e-05,3.3643903239555e-07,5.03253159520979e-07,6.6258043510199e-07,8.19094805164067e-07,9.74184359184045e-07,1.1284020118215e-06
3.27342555591675e-05,3.27353271257314e-05,3.44279809760083e-07,5.1498117222435e-07,6.78020771115636e-07,8.38181361581749e-07,9.96883262374551e-07,1.15469215301778e-06
3.32411722533687e-05,3.32422772656334e-05,3.52303898544601e-07,5.26983361037383e-07,6.93822041530916e-07,8.57714043450878e-07,1.02011266349345e-06,1.18159663961384e-06
3.37559387017833e-05,3.37570782036459e-05,3.60515637643146e-07,5.39266215242146e-07,7.09992788460523e-07,8.77703408157728e-07,1.04388511526126e-06,1.20913000656934e-06
3.42786764518948e-05,3.42798515198339e-05,3.68919464095154e-07,5.51836370923535e-07,7.26541747287711e-07,8.98160251999091e-07,1.06821345452454e-06,1.23730711792089e-06
3.48095089329994e-05,3.48107206770918e-05,3.77519914293984e-07,5.64700612778493e-07,7.43477849050871e-07,9.19095613134128e-07,1.09311080577242e-06,1.26614317086292e-06
3.53485614853317e-05,3.53498110503011e-05,3.86321625145973e-07,5.77865875851262e-07,7.60810222730852e-07,9.4052077441615e-07,1.11859058451045e-06,1.29565369966379e-06
3.5895961389642e-05,3.58972499559404e-05,3.95329335177587e-07,5.91339247191094e-07,7.78548197436266e-07,9.62447266098462e-07,1.14466650048501e-06,1.32585457940891e-06
3.6451837897231e-05,3.64531666821538e-05,4.04547885588265e-07,6.05127967428739e-07,7.96701304481997e-07,9.84886868408335e-07,1.17135256075102e-06,1.3567620295629e-06
3.70163222604484e-05,3.7017692519284e-05,4.13982221246506e-07,6.19239432268144e-07,8.15279279356154e-07,1.00785161398325e-06,1.19866307257616e-06,1.3883926173425e-06
3.75895477636639e-05,3.759096079088e-05,4.23637391626827e-07,6.33681193889731e-07,8.34292063570741e-07,1.03135379016355e-06,1.22661264617449e-06,1.42076326089232e-06
3.81716497547173e-05,3.81731068851833e-05,4.33518551685132e-07,6.48460962261632e-07,8.53749806391231e-07,1.05540594113554e-06,1.2552161972625e-06,1.45389123225521e-06
3.87627656768544e-05,3.87642682871026e-05,4.4363096267009e-07,6.63586606355254e-07,8.73662866440307e-07,1.08002086991926e-06,1.28448894943056e-06,1.48779416012909e-06
3.93630351011579e-05,3.93645846106837e-05,4.53979992868113e-07,6.79066155261598e-07,8.94041813171036e-07,1.10521164019491e-06,1.3144464363229e-06,1.52249003240237e-06
3.9972599759479e-05,3.99741976320817e-05,4.64571118279504e-07,6.94907799204656e-07,9.14897428204651e-07,1.13099157796221e-06,1.34510450361886e-06,1.55799719845953e-06
4.05916035778786e-05,4.05932513230442e-05,4.75409923223347e-07,7.11119890448318e-07,9.36240706528232e-07,1.15737427302659e-06,1.37647931080875e-06,1.59433437124902e-06
4.1220192710586e-05,4.12218918849134e-05,4.86502100868754e-07,7.27710944093152e-07,9.58082857547512e-07,1.18437358030656e-06,1.40858733275701e-06,1.63152062910527e-06
4.18585155744828e-05,4.18602677831538e-05,4.97853453690012e-07,7.44689638759435e-07,9.80435305990037e-07,1.21200362095624e-06,1.44144536104585e-06,1.66957541731668e-06
4.25067228841195e-05,4.25085297824151e-05,5.09469893843235e-07,7.62064817152824e-07,1.00330969265391e-06,1.24027878329709e-06,1.47507050509237e-06,1.7085185494315e-06
4.31649676872744e-05,4.31668309821389e-05,5.21357443462103e-07,7.79845486509066e-07,1.02671787499738e-06,1.2692137235532e-06,1.50948019303203e-06,1.74837020829357e-06
4.38334054010625e-05,4.38353268527153e-05,5.33522234870254e-07,7.9804081891409e-07,1.05067192756452e-06,1.29882336638397e-06,1.54469217236161e-06,1.78915094679969e-06
4.45121938486017e-05,4.45141752722005e-05,5.45970510707927e-07,8.16660151495908e-07,1.0751841422422e-06,1.32912290520857e-06,1.58072451033464e-06,1.83088168837064e-06
4.52014932962475e-05,4.52035365636024e-05,5.58708623970422e-07,8.35712986484673e-07,1.10026702834358e-06,1.36012780231596e-06,1.61759559410218e-06,1.87358372712759e-06
4.59014664914024e-05,4.59035735327448e-05,5.71743037955988e-07,8.5520899113731e-07,1.12593331251348e-06,1.391853788755e-06,1.6553241305921e-06,1.91727872776602e-06
4.66122787009108e-05,4.66144515067159e-05,5.85080326120675e-07,8.75157997523069e-07,1.15219593845064e-06,1.42431686399836e-06,1.69392914611982e-06,1.96198872511875e-06
4.73340977500469e-05,4.73363383729146e-05,5.98727171837776e-07,8.95570002166406e-07,1.17906806644241e-06,1.45753329537464e-06,1.73342998572344e-06,2.0077361234003e-06
4.8067094062106e-05,4.80694046186993e-05,6.1269036805941e-07,9.16455165543558e-07,1.20656307270678e-06,1.49151961726263e-06,1.77384631221631e-06,2.05454369512416e-06
4.88114406986077e-05,4.88138233716525e-05,6.26977402235956e-07,9.37824585193053e-07,1.23469540107474e-06,1.52629345227905e-06,1.8151987964338e-06,2.10243506495192e-06
4.95673134001213e-05,4.95697704404679e-05,6.41597682063749e-07,9.59692355061142e-07,1.26348362068299e-06,1.56187772623365e-06,1.85751457454803e-06,2.15144134622356e-06
5.03348906277212e-05,5.03374243564707e-05,6.56558998680758e-07,9.82070187417538e-07,1.29294326658936e-06,1.59829184670179e-06,1.9008170633003e-06,2.20159018745714e-06
5.11143536050852e-05,5.11169664157818e-05,6.71869166409112e-07,1.00496976489635e-06,1.32308970914634e-06,1.63555479781261e-06,1.94512881690167e-06,2.25290768002975e-06
5.19058863612417e-05,5.19085807221339e-05,6.87536227966069e-07,1.02840311205261e-06,1.3539387693769e-06,1.67368612160172e-06,1.99047305422972e-06,2.30542068674515e-06
5.27096757739792e-05,5.2712454230351e-05,7.03568451988131e-07,1.05238259162259e-06,1.38550671398738e-06,1.71270591174773e-06,2.03687365123863e-06,2.35915683285184e-06
5.35259116139264e-05,5.35287767905017e-05,7.19974331205721e-07,1.07692090175765e-06,1.41781025166255e-06,1.75263480889462e-06,2.08435513525634e-06,2.41414449924879e-06
5.4354786589314e-05,5.4357741192736e-05,7.36762581252566e-07,1.10203107420775e-06,1.4508665306116e-06,1.79349399752145e-06,2.13294268112347e-06,2.47041281782583e-06
5.5196496391428e-05,5.51995432128157e-05,7.53942140093953e-07,1.12772647343106e-06,1.48469313733408e-06,1.83530520432106e-06,2.18266210912813e-06,2.52799166888616e-06
5.60512397407664e-05,5.60543816583513e-05,7.71522168058054e-07,1.15402079660603e-06,1.51930809657459e-06,1.87809069804938e-06,2.2335398846912e-06,2.58691168059822e-06
5.69192184339096e-05,5.69224584157539e-05,7.89512048454428e-07,1.18092807452217e-06,1.5547298724351e-06,1.92187329080681e-06,2.28560311975634e-06,2.64720423042404e-06
5.78006373911136e-05,5.78039784979145e-05,8.07921388763898e-07,1.2084626733259e-06,1.59097737061376e-06,1.96667634071332e-06,2.33887957583912e-06,2.70890144847153e-06
5.86957047046415e-05,5.86991500926217e-05,8.26760022383973e-07,1.23663929709782e-06,1.62806994173912e-06,2.01252375593887e-06,2.39339766868967e-06,2.77203622271788e-06
5.96046316878404e-05,5.96081846117297e-05,8.46038010913942e-07,1.26547299123773e-06,1.66602738576855e-06,2.05944000005059e-06,2.44918647452329e-06,2.83664220605129e-06
6.05276329249766e-05,6.05312967410862e-05,8.65765646963824e-07,1.29497914663366e-06,1.70486995741978e-06,2.1074500986385e-06,2.50627573777322e-06,2.90275382507838e-06
6.1464926321843e-05,6.14687044912357e-05,8.8595345747136e-07,1.32517350459138e-06,1.74461837260455e-06,2.15657964718111e-06,2.56469588032017e-06,2.97040629064451e-06
6.24167331571468e-05,6.24206292489061e-05,9.06612207511157e-07,1.35607216250054e-06,1.78529381583292e-06,2.20685482011273e-06,2.62447801215284e-06,3.03963561001432e-06
6.33832781346919e-05,6.33872958292937e-05,9.2775290458018e-07,1.38769158021395e-06,1.82691794855749e-06,2.25830238105379e-06,2.68565394341381e-06,3.11047860065957e-06
6.4364789436369e-05,6.43689325291575e-05,9.49386803343766e-07,1.42004858711621e-06,1.86951291842618e-06,2.31094969416598e-06,2.7482561977853e-06,3.18297290560189e-06
6.5361498775963e-05,6.5365771180736e-05,9.71525410826291e-07,1.45316038985805e-06,1.91310136941241e-06,2.3648247365937e-06,2.81231802716905e-06,3.25715701025733e-06
6.63736414537928e-05,6.63780472064985e-05,9.94180492030658e-07,1.48704458073271e-06,1.95770645279176e-06,2.41995611195326e-06,2.87787342761469e-06,3.33307026073021e-06
6.7401456412196e-05,6.7405999674745e-05,1.01736407597081e-06,1.52171914667074e-06,2.00335183893376e-06,2.47637306483167e-06,2.94495715645118e-06,3.41075288350353e-06
6.84451862918698e-05,6.84498713560664e-05,1.04108846210136e-06,1.55720247882947e-06,2.05006172987783e-06,2.53410549625642e-06,3.01360475057544e-06,3.49024600647302e-06
6.95050774890834e-05,6.95099087806794e-05,1.06536622712857e-06,1.5935133827535e-06,2.09786087266215e-06,2.59318398009773e-06,3.08385254585262e-06,3.57159168127234e-06
7.05813802137747e-05,7.05863622966499e-05,1.09021023218679e-06,1.63067108908263e-06,2.14677457337438e-06,2.65363978036517e-06,3.15573769758258e-06,3.6548329068365e-06
7.1674348548544e-05,7.16794861290166e-05,1.11563363036455e-06,1.66869526478342e-06,2.19682871189315e-06,2.71550486935989e-06,3.22929820198671e-06,3.74001365415091e-06
7.27842405085591e-05,7.27895384398314e-05,1.14164987456446e-06,1.70760602488076e-06,2.24804975728901e-06,2.77881194664417e-06,3.30457291866951e-06,3.82717889213313e-06
7.39113181023879e-05,7.39167813891303e-05,1.16827272568105e-06,1.74742394466592e-06,2.30046478385401e-06,2.84359445878997e-06,3.38160159400957e-06,3.91637461459495e-06
7.50558473937678e-05,7.50614811968456e-05,1.19551626108082e-06,1.78817007235713e-06,2.35410148772839e-06,2.90988661986783e-06,3.46042488543383e-06,4.00764786823149e-06
7.62180985643315e-05,7.62239082056801e-05,1.22339488336843e-06,1.82986594218927e-06,2.40898820409371e-06,2.97772343263784e-06,3.54108438653004e-06,4.10104678158524e-06
7.73983459773029e-05,7.74043369449539e-05,1.25192332942357e-06,1.87253358790896e-06,2.46515392490086e-06,3.04714071040434e-06,3.62362265295151e-06,4.19662059493185e-06
7.85968682421736e-05,7.86030461954389e-05,1.28111667969219e-06,1.91619555665113e-06,2.52262831710214e-06,3.11817509949559e-06,3.70808322906839e-06,4.29441969103498e-06
7.98139482803812e-05,7.9820319055198e-05,1.31099036771674e-06,1.96087492317384e-06,2.58144174135603e-06,3.19086410233045e-06,3.79451067532023e-06,4.39449562671772e-06
8.10498733920026e-05,8.10564430064459e-05,1.34156018988922e-06,2.00659530442732e-06,2.64162527117385e-06,3.26524610103324e-06,3.88295059622402e-06,4.49690116519771e-06
8.23049353234747e-05,8.23117099834412e-05,1.37284231541135e-06,2.0533808744336e-06,2.70321071247674e-06,3.34136038155855e-06,3.97344966899183e-06,4.60169030913298e-06
8.35794303363638e-05,8.35864164414339e-05,1.40485329644607e-06,2.10125637945332e-06,2.76623062353225e-06,3.41924715828758e-06,4.066055672713e-06,4.70891833432627e-06
8.48736592771966e-05,8.48808634266782e-05,1.4376100784444e-06,2.15024715341576e-06,2.83071833523918e-06,3.49894759905749e-06,4.16081751805469e-06,4.81864182403468e-06
8.61879276483679e-05,8.61953566475303e-05,1.47113001063192e-06,2.20037913358848e-06,2.89670797172956e-06,3.58050385058542e-06,4.25778527743544e-06,4.93091870383202e-06
8.75225456801469e-05,8.75302065466478e-05,1.50543085663905e-06,2.2516788764631e-06,2.96423447125676e-06,3.66395906424874e-06,4.35701021562628e-06,5.04580827697137e-06
8.88778284037924e-05,8.88857283743063e-05,1.54053080525918e-06,2.30417357383329e-06,3.03333360733843e-06,3.74935742218305e-06,4.45854482073332e-06,5.16337126019469e-06
9.02540957257979e-05,9.02622422628515e-05,1.5764484813189e-06,2.35789106904139e-06,3.1040420101233e-06,3.83674416365951e-06,4.56244283551658e-06,5.28366981993706e-06
9.16516725032851e-05,9.1660073302305e-05,1.6132029566445e-06,2.41285987337013e-06,3.17639718795064e-06,3.92616561170323e-06,4.66875928899936e-06,5.40676760887274e-06
9.30708886205593e-05,9.30795516171408e-05,1.65081376110888e-06,2.46910918255554e-06,3.25043754907123e-06,4.01766919991405e-06,4.77755052832239e-06,5.53272980275031e-06
9.45120790668474e-05,9.4521012444249e-05,1.68930089374296e-06,2.52666889339756e-06,3.32620242349871e-06,4.11130349945142e-06,4.88887425079722e-06,5.66162313746401e-06
9.59755840152375e-05,9.59847962121106e-05,1.72868483389591e-06,2.58556962044461e-06,3.40373208496035e-06,4.20711824614502e-06,5.00278953611338e-06,5.7935159463089e-06
9.7461748902836e-05,9.74712486211944e-05,1.76898655242824e-06,2.64584271272847e-06,3.4830677729158e-06,4.30516436769256e-06,5.1193568786534e-06,5.92847819736666e-06
9.89709245121623e-05,9.89807207256014e-05,1.81022752292187e-06,2.70752027052576e-06,3.56425171461294e-06,4.40549401090631e-06,5.23863821987022e-06,6.06658153096964e-06
0.000100503467053801,0.000100513569015973,1.85242973289161e-06,2.77063516212243e-06,3.64732714714968e-06,4.50816056897017e-06,5.36069698068153e-06,6.20789929719031e-06
0.00010205973825033,0.000102070155503684,1.8956156949818e-06,2.8352210405575e-06,3.73233833951049e-06,4.6132187086686e-06,5.48559809383504e-06,6.35250659330331e-06
0.000103640105421541,0.000103650847806334,1.93980845813263e-06,2.90131236032242e-06,3.81933061454648e-06,4.72072439754907e-06,5.61340803619935e-06,6.5004803011674e-06
0.000105244941570982,0.000105256019234576,1.98503161870015e-06,2.96894439399245e-06,3.90835037086817e-06,4.83073493097968e-06,5.74419486093485e-06,6.65189912447472e-06
0.00010687462547383,0.000106886048880272,2.03130933151412e-06,3.03815324876622e-06,3.99944510461953e-06,4.94330895906341e-06,5.87802822949869e-06,6.80684362581441e-06
0.000108529541766119,0.000108541321706027,2.07866632085788e-06,3.10897588288997e-06,4.09266343110226e-06,5.05850651337062e-06,6.01497944343849e-06,6.96539626349787e-06
0.000110210081035355,0.000110222228636105,2.12712789135447e-06,3.18145012194273e-06,4.18805510621928e-06,5.17638903345143e-06,6.15512147592918e-06,7.12764142809323e-06
0.000111916639912513,0.000111929166648753,2.17671993874308e-06,3.25561467495876e-06,4.28567104770624e-06,5.29701939308949e-06,6.29852900300712e-06,7.29366547861587e-06
0.000113649621165471,0.000113662538869954,2.22746896052998e-06,3.33150915036354e-06,4.3855633561197e-06,5.42046192625862e-06,6.44527843445603e-06,7.46355677832242e-06
0.000115409433793873,0.000115422754668636,2.27940206649819e-06,3.40917407169983e-06,4.4877853355514e-06,5.54678245274419e-06,6.59544794429919e-06,7.63740573005581e-06
0.000117196493125463,0.000117210229753348,2.33254698905998e-06,3.48865089311987e-06,4.5923915140368e-06,5.67604830339053e-06,6.74911750085211e-06,7.81530481108808e-06
0.0001190112209139,0.00011902538627044,2.38693209343634e-06,3.56998201462015e-06,4.69943766362732e-06,5.80832834493591e-06,6.90636889629006e-06,7.99734860740853e-06
0.00012085404543809,0.00012086865290376,2.44258638764767e-06,3.65321079699528e-06,4.80898082009494e-06,5.94369300439711e-06,7.06728577568511e-06,8.18363384740467e-06
0.00012272540160304,0.000122740464975898,2.49953953229979e-06,3.73838157648693e-06,4.92107930223793e-06,6.08221429296454e-06,7.23195366546667e-06,8.37425943488277e-06
0.000124625731042279,0.000124641264550992,2.5578218501494e-06,3.8255396791044e-06,5.0357927307567e-06,6.22396582936988e-06,7.40046000126006e-06,8.56932648137548e-06
0.000126555482221847,0.000126571500539133,2.61746433543328e-06,3.91473143459323e-06,5.1531820466688e-06,6.36902286268789e-06,7.57289415505789e-06,8.76893833768423e-06
0.0001285151105459,0.000128531628802384,2.6784986629452e-06,4.00600419002783e-06,5.27330952923153e-06,6.51746229453346e-06,7.74934746167765e-06,8.97320062460259e-06
0.000130505078463935,0.000130522112262437,2.74095719684493e-06,4.09940632300488e-06,5.39623881334137e-06,6.66936270061606e-06,7.92991324446099e-06,9.1822212627691e-06
0.000132525855579673,0.000132543421009944,2.80487299918334e-06,4.19498725441357e-06,5.52203490637919e-06,6.82480435161298e-06,8.11468684016859e-06,9.39611050159618e-06
0.000134577918761621,0.000134596032415537,2.87027983812777e-06,4.292797460759e-06,5.65076420446952e-06,6.98386923332248e-06,8.30376562302447e-06,9.61498094722204e-06
0.000136661752255333,0.000136680431242566,2.9372121958719e-06,4.39288848601526e-06,5.78249450812355e-06,7.14664106605921e-06,8.4972490278652e-06,9.83894758943375e-06
0.000138777847797417,0.00013879710976159,3.00570527621435e-06,4.49531295298441e-06,5.9172950372342e-06,7.313205323253e-06,8.69523857234768e-06,1.00681278275083e-05
0.000140926704731281,0.000140946567866633,3.07579501178988e-06,4.60012457413749e-06,6.05523644539216e-06,7.48364924921242e-06,8.8978378781697e-06,1.03026414949182e-05
0.000143108830124674,0.000143129313193241,3.14751807093767e-06,4.70737816191432e-06,6.19639083349202e-06,7.65806187601516e-06,9.1051526912583e-06,1.05426108828506e-05
0.000145324738889043,0.000145345861238376,3.22091186419081e-06,4.81712963845818e-06,6.34083176259731e-06,7.8365340394867e-06,9.31729090088006e-06,1.07881607624853e-05
0.000147574953900719,0.000147596735482154,3.29601455037081e-06,4.92943604476139e-06,6.48863426603292e-06,8.01915839422829e-06,9.53436255762712e-06,1.10394184059801e-05
0.000149860006123981,0.00014988246751148,3.3728651143681e-06,5.04435558549926e-06,6.63987486073642e-06,8.20602942765671e-06,9.75647989023439e-06,1.12965136061106e-05
0.000152180434736007,0.000152203597145589,3.45150636582635e-06,5.16195183770108e-06,6.79463630251091e-06,8.39724793236234e-06,9.98376092315881e-06,1.15595810516427e-05
0.000154536787253763,0.000154560672563537,3.53198119992092e-06,5.28228929531295e-06,6.95300415399239e-06,8.59292058554215e-06,1.02163332612496e-05,1.18287686443313e-05
0.000156929619662836,0.000156954250433661,3.61433214546024e-06,5.4054315014072e-06,7.11506194814864e-06,8.7931505353067e-06,1.04543196832418e-05,1.21042191604853e-05
0.000159359496548259,0.00015938489604505,3.69860281054437e-06,5.53144361281196e-06,7.28089534144702e-06,8.99804347254989e-06,1.0697845606559e-05,1.23860774848442e-05
0.000161826991227351,0.000161853183441047,3.78483788894879e-06,5.66039240942217e-06,7.45059212569754e-06,9.20770772551907e-06,1.09470395819864e-05,1.26744921271025e-05
0.0001643326858846,0.000164359695554822,3.87308316880111e-06,5.79234630693624e-06,7.62424224439835e-06,9.42225427937066e-06,1.12020333160067e-05,1.29696152465467e-05
0.000166877171708632,0.000166905024347039,3.96338554348789e-06,5.9273753729245e-06,7.80193781346066e-06,9.64179680112836e-06,1.14629616995442e-05,1.32716026840902e-05
0.000169461049031278,0.000169489770945662,4.05579302472881e-06,6.06555134613607e-06,7.98377314619087e-06,9.86645166989347e-06,1.17299628429401e-05,1.35806140015026e-05
0.000172084927468796,0.000172114545787924,4.15035475775556e-06,6.20694765895075e-06,8.16984478240739e-06,1.0096338012157e-05,1.20031781169799e-05,1.38968125276287e-05
0.000174749426065262,0.000174779968764491,4.24712103853258e-06,6.35163946288218e-06,8.36025152156933e-06,1.03315777420626e-05,1.22827521997972e-05,1.42203654113938e-05
0.000177455173438164,0.00017748666936586,4.34614333295692e-06,6.49970365703882e-06,8.5550944597947e-06,1.05722956064698e-05,1.25688331294734e-05,1.45514436813909e-05
0.000180202807926253,0.000180235286831027,4.44747429797464e-06,6.6512189194494e-06,8.75447703064571e-06,1.08186192346674e-05,1.28615723621579e-05,1.48902223118451e-05
0.000182992977739652,0.000183026470298457,4.55116780455078e-06,6.80626574115906e-06,8.95850504955829e-06,1.10706791925859e-05,1.31611248355301e-05,1.52368802947524e-05
0.000185826341112294,0.000185860878959387,4.65727896243022e-06,6.96492646300273e-06,9.1672867617934e-06,1.13286090413584e-05,1.34676490374251e-05,1.55916007179872e-05
0.000188703566456696,0.00018873918221351,4.76586414662688e-06,7.12728531496246e-06,9.38093289378795e-06,1.15925454000799e-05,1.37813070794455e-05,1.59545708491761e-05
0.000191625332521116,0.000191662059827062,4.87698102557825e-06,7.29342845801483e-06,9.59955670778212e-06,1.18626280126141e-05,1.41022647753825e-05,1.6325982225132e-05
0.000194592328549136,0.000194630202093368,4.99068859090256e-06,7.46344402837509e-06,9.82327405960103e-06,1.21389998182966e-05,1.44306917242666e-05,1.6706030746646e-05
0.000197605254441695,0.000197644309995861,5.10704718869609e-06,7.63742218404455e-06,1.00522034594682e-05,1.24218070263852e-05,1.47667613978722e-05,1.70949167784327e-05
0.000200664820921618,0.000200705095373639,5.22611855230757e-06,7.81545515356767e-06,1.02864661357277e-05,1.27111991941054e-05,1.51106512324968e-05,1.74928452540232e-05
0.000203771749700676,0.000203813281089576,5.34796583652697e-06,7.9976372869051e-06,1.05261861013536e-05,1.30073293081411e-05,1.54625427248375e-05,1.79000257854045e-05
0.000206926773649217,0.000206969601201037,5.47265365312624e-06,8.18406510832966e-06,1.07714902231226e-05,1.331035386942e-05,1.58226215317876e-05,1.83166727771982e-05
0.000210130636968412,0.000210174801133249,5.60024810768884e-06,8.37483737125118e-06,1.10225082933287e-05,1.36204329810433e-05,1.61910775739747e-05,1.87430055451772e-05
0.000213384095365138,0.000213429637855336,5.73081683766556e-06,8.57005511487692e-06,1.12793731039164e-05,1.39377304392078e-05,1.65681051428624e-05,1.91792484389133e-05
0.000216687916229565,0.0002167348800591,5.86442905159394e-06,8.76982172261434e-06,1.1542220522911e-05,1.42624138269724e-05,1.69539030112395e-05,1.96256309683552e-05
0.000220042878815469,0.000220091308340558,6.00115556941822e-06,8.97424298212196e-06,1.18111895730214e-05,1.45946546107153e-05,1.73486745469163e-05,2.00823879341287e-05
0.00022344977442331,0.000223499715384297,6.14106886384751e-06,9.18342714691553e-06,1.20864225122958e-05,1.49346282391338e-05,1.77526278294523e-05,2.05497595613585e-05
0.000226909406586147,0.00022696090615068,6.28424310268923e-06,9.39748499943584e-06,1.23680649167049e-05,1.5282514244635e-05,1.81659757697373e-05,2.10279916368058e-05
0.000230422591258383,0.000230475698065954,6.43075419209482e-06,9.61652991548395e-06,1.26562657645318e-05,1.56384963469666e-05,1.85889362322462e-05,2.15173356491175e-05
0.000233990157007436,0.000234044921215298,6.58067982065549e-06,9.84067792993138e-06,1.29511775224455e-05,1.60027625589382e-05,1.90217321597931e-05,2.2018048931983e-05
0.000237612945208344,0.000237669418538869,6.73409950428504e-06,1.00700478036112e-05,1.32529562331355e-05,1.63755052940817e-05,1.94645917006034e-05,2.2530394809996e-05
0.000241291810241364,0.000241350046030873,6.89109463182663e-06,1.03047610912961e-05,1.35617616043847e-05,1.67569214761003e-05,1.99177483375284e-05,2.30546427470146e-05
0.000245027619692608,0.000245087672941725,7.05174851132144e-06,1.05449422106706e-05,1.38777570994586e-05,1.71472126499555e-05,2.0381441019224e-05,2.35910684968171e-05
0.000248821254557764,0.000248883181983343,7.21614641687613e-06,1.0790718512204e-05,1.42011100286883e-05,1.75465850944427e-05,2.0855914293116e-05,2.41399542558502e-05
0.000252673609448943,0.000252737469537614,7.38437563606602e-06,1.10422203498294e-05,1.45319916421231e-05,1.79552499361024e-05,2.13414184399726e-05,2.47015888178631e-05
0.000256585592804709,0.000256651445868092,7.55652551781203e-06,1.12995811523366e-05,1.4870577223133e-05,1.83734232643189e-05,2.18382096099093e-05,2.52762677302258e-05
0.000260558127103332,0.000260626035334974,7.73268752066792e-06,1.15629374953847e-05,1.52170461828363e-05,1.88013262474541e-05,2.23465499596457e-05,2.58642934517262e-05
0.000264592149079316,0.000264662176613406,7.91295526145539e-06,1.18324291740406e-05,1.55715821552301e-05,1.9239185249867e-05,2.28667077908372e-05,2.64659755116415e-05
0.000268688609943254,0.00026876082291517,8.09742456418442e-06,1.21081992757506e-05,1.59343730929022e-05,1.9687231949668e-05,2.33989576893058e-05,2.70816306698817e-05
0.00027284847560506,0.000272922942213801,8.28619350919584e-06,1.23903942536517e-05,1.63056113632012e-05,2.01457034570568e-05,2.39435806649884e-05,2.77115830779988e-05
0.000277072726900628,0.000277149517473193,8.47936248246341e-06,1.2679164000127e-05,1.66854938447411e-05,2.0614842433094e-05,2.45008642924279e-05,2.83561644408587e-05
0.000281362359821965,0.000281441546879747,8.67703422499302e-06,1.29746619205154e-05,1.70742220241207e-05,2.10948972087559e-05,2.50711028516289e-05,2.90157141787725e-05
0.000285718385750866,0.000285800044078107,8.87931388225583e-06,1.32770450068782e-05,1.74720020927322e-05,2.15861219041213e-05,2.56545974690989e-05,2.96905795898809e-05
0.000290141831696166,0.000290226038410557,9.08630905359271e-06,1.35864739117316e-05,1.78790450435381e-05,2.208877654754e-05,2.62516562588981e-05,3.03811160125898e-05
0.000294633740534643,0.000294720575160115,9.29812984152758e-06,1.39031130216509e-05,1.82955667676938e-05,2.26031271946329e-05,2.68625944635202e-05,3.10876869878518e-05
0.000299195171255604,0.000299284715797401,9.51488890092641e-06,1.42271305306528e-05,1.87217881508934e-05,2.31294460469724e-05,2.74877345944263e-05,3.18106644210901e-05
0.000303827199209234,0.00030391953823132,9.73670148793936e-06,1.45586985132614e-05,1.91579351693144e-05,2.36680115702928e-05,2.81274065720532e-05,3.25504287435591e-05
0.00030853091635875,0.000308626137063631,9.96368550866352e-06,1.48979929971666e-05,1.96042389850421e-05,2.42191086120799e-05,2.87819478651202e-05,3.3307369072941e-05
0.000313307431536425,0.000313405623847462,1.01959615674632e-05,1.5245194035379e-05,2.00609360408482e-05,2.47830285183905e-05,2.94517036290548e-05,3.40818833729698e-05
0.000318157870703529,0.000318259127349818,1.04336530148848e-05,1.56004857777891e-05,2.05282681542015e-05,2.53600692497484e-05,3.01370268433602e-05,3.48743786118826e-05
0.000323083377214267,0.000323187793818168,1.06768859951047e-05,1.59640565420373e-05,2.10064826103906e-05,2.59505354959697e-05,3.08382784477475e-05,3.56852709194917e-05
0.000328085112083757,0.000328192787251148,1.09257894928458e-05,1.63360988836003e-05,2.14958322546324e-05,2.65547387897644e-05,3.15558274768536e-05,3.65149857426742e-05
0.000333164254260114,0.000333275289673462,1.11804953797007e-05,1.67168096650012e-05,2.19965755830465e-05,2.71729976189646e-05,3.22900511933676e-05,3.73639579990746e-05
0.000338322000900706,0.000338436501415042,1.14411384597997e-05,1.71063901240495e-05,2.25089768323722e-05,2.78056375372288e-05,3.30413352193889e-05,3.82326322288174e-05
0.000343559567652641,0.00034367764139453,1.17078565147589e-05,1.75050459410177e-05,2.3033306068305e-05,2.84529912730713e-05,3.38100736658369e-05,3.91214627440238e-05
0.000348878188937552,0.000348999947407143,1.19807903478476e-05,1.79129873046604e-05,2.3569839272331e-05,2.91153988370667e-05,3.45966692597368e-05,4.00309137759301e-05
0.000354279118240745,0.000354404676417006,1.22600838273112e-05,1.83304289769828e-05,2.41188584269358e-05,2.97932076270781e-05,3.54015334692025e-05,4.09614596194021e-05
0.000359763628404771,0.000359893104854011,1.25458839287864e-05,1.87575903566652e-05,2.46806515990662e-05,3.04867725313595e-05,3.62250866259394e-05,4.19135847746432e-05
0.000365333011927495,0.000365466528915262,1.2838341439534e-05,1.91946960533184e-05,2.52555131786525e-05,3.11964560293808e-05,3.70677580450888e-05,4.28877840858906e-05
0.000370988581264731,0.000371126264871205,1.31376145044665e-05,1.96419817205981e-05,2.58437512788405e-05,3.1922634669939e-05,3.79299898629563e-05,4.38845639910832e-05
0.000376731669137503,0.000376873649376487,1.34438622357318e-05,2.00996853525992e-05,2.64456794902664e-05,3.26656969609127e-05,3.88122438899925e-05,4.49044555512436e-05
0.000382563628844013,0.000382710039785629,1.37572469011438e-05,2.05680490525869e-05,2.70616154749056e-05,3.34260339382111e-05,3.97149836090011e-05,4.59479951018064e-05
0.000388485834576381,0.000388636814473599,1.40779346721078e-05,2.10473207455637e-05,2.76918845292918e-05,3.4204046008164e-05,4.06386827680968e-05,4.70157280452274e-05
0.000394499681742224,0.000394655373161334,1.44060956796875e-05,2.15377542606722e-05,2.83368196904694e-05,3.50001430956145e-05,4.15838263646228e-05,4.81082127179221e-05
0.000400606587291166,0.000400767137246316,1.47419040769503e-05,2.20396094229437e-05,2.89967618541646e-05,3.58147447860022e-05,4.25509108085321e-05,4.92260205721236e-05
0.000406807990046326,0.00040697355013826,1.5085538107408e-05,2.25531521541185e-05,2.9672059904818e-05,3.66482804819794e-05,4.35404441028517e-05,5.03697363772405e-05
0.000413105351040887,0.0004132760776,1.5437180179369e-05,2.30786545822659e-05,3.03630708571256e-05,3.75011895741274e-05,4.45529460407286e-05,5.15399584401456e-05
0.000419500153859797,0.000419676208093664,1.5797016946018e-05,2.36163951599326e-05,3.10701600087353e-05,3.83739216253451e-05,4.5588948418555e-05,5.27372988438285e-05
0.000425993904986705,0.000426175453132195,1.61652393910409e-05,2.41666587905465e-05,3.17937011037437e-05,3.92669365684766e-05,4.66489952646703e-05,5.39623837038427e-05
0.000432588134156185,0.000432775347636328,1.65420429196096e-05,2.47297369628047e-05,3.25340765066391e-05,4.01807049167482e-05,4.77336430831364e-05,5.52158534419778e-05
0.000439284394711349,0.000439477450297092,1.69276274545453e-05,2.53059278927726e-05,3.3291677386338e-05,4.11157079865833e-05,4.8843461112085e-05,5.64983630765913e-05
0.000446084263966917,0.000446283343943921,1.73221975374743e-05,2.5895536673422e-05,3.40669039099598e-05,4.20724381323655e-05,4.9979031596133e-05,5.78105825290278e-05
0.000452989343577831,0.000453194635918468,1.77259624347951e-05,2.64988754313379e-05,3.48601654459863e-05,4.30513989927172e-05,5.11409500723649e-05,5.91531969455602e-05
0.000460001259913501,0.000460212958454219,1.81391362482715e-05,2.71162634903186e-05,3.56718807764523e-05,4.40531057478647e-05,5.23298256693786e-05,6.05269070342832e-05
0.000467121664437756,0.000467339969061963,1.85619380300696e-05,2.77480275416003e-05,3.65024783178121e-05,4.50780853876578e-05,5.35462814188921e-05,6.193242941639e-05
0.000474352234094593,0.000474577350921253,1.89945919020531e-05,2.83945018204316e-05,3.73523963501297e-05,4.61268769898136e-05,5.47909545794088e-05,6.33704969912651e-05
0.000481694671699818,0.000481926813277923,1.94373271791563e-05,2.90560282887276e-05,3.82220832542376e-05,4.72000320079534e-05,5.60644969714395e-05,6.48418593148243e-05
0.000489150706338647,0.000489390091847749,1.98903784966482e-05,2.97329568235296e-05,3.91119977565096e-05,4.82981145690016e-05,5.73675753237766e-05,6.63472829905323e-05
0.000496722093769385,0.000496968949226383,2.03539859411068e-05,3.04256454110001e-05,4.00226091808956e-05,4.9421701779517e-05,5.87008716303203e-05,6.78875520725321e-05
0.000504410616833245,0.000504665175305615,2.08283951849173e-05,3.11344603456798e-05,4.09543977078623e-05,5.05713840405238e-05,6.00650835169525e-05,6.94634684803141e-05
0.000512218085870418,0.000512480587696093,2.13138576241139e-05,3.18597764347348e-05,4.19078546398871e-05,5.17477653704127e-05,6.14609246179567e-05,7.10758524243595e-05
0.000520146339142486,0.00052041703215659,2.18106305193788e-05,3.26019772069223e-05,4.2883482673151e-05,5.29514637354815e-05,6.28891249614809e-05,7.27255428421895e-05
0.000528197243261264,0.000528476383029909,2.23189771400162e-05,3.33614551260013e-05,4.3881796175076e-05,5.41831113876829e-05,6.43504313635413e-05,7.44133978442483e-05
0.000536372693624169,0.000536660543685547,2.28391669107176e-05,3.41386118083183e-05,4.4903321467354e-05,5.54433552091503e-05,6.5845607830064e-05,7.61402951690562e-05
0.000544674614856232,0.000544971446969217,2.33714755609352e-05,3.49338582442939e-05,4.59485971141115e-05,5.67328570630698e-05,6.73754359664621e-05,7.79071326470615e-05
0.000553104961258817,0.000553411055659317,2.39161852766787e-05,3.5747615023539e-05,4.70181742148586e-05,5.80522941504677e-05,6.89407153942459e-05,7.97148286726227e-05
0.000561665717265187,0.000561981362930487,2.44735848545536e-05,3.6580312563329e-05,4.81126167018659e-05,5.94023593724831e-05,7.05422641741637e-05,8.15643226835545e-05
0.000570358897902986,0.000570684392824328,2.50439698578553e-05,3.74323913401627e-05,4.92325016416167e-05,6.07837616976938e-05,7.21809192353692e-05,8.34565756476664e-05
0.00057918654926376,0.000579522200727421,2.56276427745384e-05,3.83043021241343e-05,5.037841953998e-05,6.21972265340656e-05,7.38575368101162e-05,8.53925705557282e-05
0.000588150748979617,0.000588496873856748,2.62249131768746e-05,3.91965062158473e-05,5.15509746507511e-05,6.36434961050946e-05,7.55729928734742e-05,8.73733129202925e-05
0.00059725360670713,0.000597610531752625,2.68360978826175e-05,4.01094756855961e-05,5.27507852872042e-05,6.51233298297091e-05,7.73281835875648e-05,8.93998312798051e-05
0.000606497264618588,0.000606865326779271,2.74615211174904e-05,4.10436936145452e-05,5.39784841363046e-05,6.66375047055037e-05,7.91240257498158e-05,9.14731777074366e-05
0.00061588389790072,0.000616263444633135,2.81015146788136e-05,4.19996543376331e-05,5.52347185752261e-05,6.81868156948725e-05,8.09614572447305e-05,9.35944283240656e-05
0.000625415715260981,0.000625807104859082,2.87564181000868e-05,4.2977863687928e-05,5.65201509898189e-05,6.97720761136106e-05,8.2841437498668e-05,9.57646838148451e-05
0.000635094959441528,0.000635498561374589,2.94265788163444e-05,4.39788392421643e-05,5.78354590946746e-05,7.13941180215547e-05,8.47649479371357e-05,9.79850699487836e-05
0.000644923907740997,0.000645340103002047,3.01123523300998e-05,4.50031105671876e-05,5.91813362544351e-05,7.30537926148304e-05,8.67329924440871e-05,0.000100256738100774
0.000654904872544193,0.000655334054009307,3.08141023776934e-05,4.60512194670354e-05,6.05584918059892e-05,7.47519706192747e-05,8.87465978227254e-05,0.000102580865775499
0.000665040201859815,0.000665482774658608,3.15322010958641e-05,4.71237202303821e-05,6.19676513812056e-05,7.64895426846065e-05,9.0806814257309e-05,0.000104958657132647
0.000675332279866333,0.00067578866176399,3.22670291883578e-05,4.82211798780751e-05,6.3409557229846e-05,7.82674197789091e-05,9.29147157754566e-05,0.000107391343512869
0.000685783527466133,0.000686254149257349,3.301897609239e-05,4.93441784104919e-05,6.4884968542306e-05,8.00865335829979e-05,9.50714007104492e-05,0.000109880183963906
0.000696396402848071,0.000696881708763264,3.37884401447809e-05,5.04933090544437e-05,6.63946617718288e-05,8.19478368842415e-05,9.72779921630274e-05,0.000112426465766327
0.000707173402058526,0.000707673850182708,3.45758287475767e-05,5.16691785093548e-05,6.79394309558382e-05,8.38523039694031e-05,9.95356384621792e-05,0.000115031504958296
0.00071811705958112,0.000718633122285813,3.53815585329746e-05,5.28724071924457e-05,6.95200880360364e-05,8.58009310160753e-05,0.000101845513624419,0.000117696646858807
0.000729229948925195,0.000729762113313815,3.62060555273699e-05,5.41036294826466e-05,7.11374631769137e-05,8.77947364822737e-05,0.000104208817811051,0.000120423266588825
0.000740514683223206,0.000741063451590308,3.70497553143374e-05,5.53634939629705e-05,7.27924050823146e-05,8.98347614937608e-05,0.00010662677778292,0.000123212769589746
0.000751973915837134,0.000752539806141982,3.79131031963684e-05,5.66526636610736e-05,7.44857813097078e-05,9.1922070228669e-05,0.000109100647352142,0.000126066592138633
0.000763610340974083,0.000764193887328957,3.87965554272024e-05,5.79718167896073e-05,7.62184785818048e-05,9.40577502989903e-05,0.000111631707830311,0.000128986201859629
0.000775426694311165,0.00077602844748489,3.97005833556041e-05,5.93216541567091e-05,7.7991410028466e-05,9.62429158899226e-05,0.000114221268517452,0.000131973098231011
0.000787425753629833,0.000788046281566991,4.06256659561131e-05,6.07028897127641e-05,7.98055122201233e-05,9.84787173914753e-05,0.000116870678747135,0.000135028815466501
0.000799610339459788,0.000800250227816105,4.15722929519479e-05,6.21162521459126e-05,8.16617377916784e-05,0.0001007663234007,0.000119581319301234,0.000138154937638338
0.000811983315732609,0.000812643168427016,4.25409656203627e-05,6.35624872981558e-05,8.35610617372115e-05,0.000103106928460152,0.000122354595570147,0.000141353074866104
0.00082454759044524,0.000825228030229133,4.35321970014602e-05,6.50423584698282e-05,8.55044817978479e-05,0.000105501754867103,0.000125191945436465,0.00014462487130071
0.000837306116333485,0.000838007785377717,4.45465121219659e-05,6.65566467461734e-05,8.74930188776394e-05,0.000107952053166393,0.000128094839831827,0.000147972008640959
0.000850261891555661,0.000850985452055812,4.55844482335209e-05,6.81061513453733e-05,8.95277174872012e-05,0.000110459102676793,0.00013106478333237,0.000151396206783775
0.00086341796038654,0.000864164095187046,4.66465550650475e-05,6.96916899873747e-05,9.16096462142644e-05,0.000113024212049855,0.00013410331479162,0.000154899224515983
0.000876777413921758,0.00087754682715947,4.77333950887448e-05,7.13140992828637e-05,9.37398982203072e-05,0.000115648719860271,0.000137212008009682,0.000158482860246404
0.000890343390792818,0.000891136808560613,4.88455437992692e-05,7.29742351417334e-05,9.59195917624252e-05,0.000118333995226717,0.000140392472437597,0.000162148952776994
0.000904119077892858,0.000904937248923906,4.99835900056552e-05,7.46729732003921e-05,9.81498707396041e-05,0.000121081438462189,0.000143646353915711,0.000165899382111795
0.000918107711113333,0.000918951407486685,5.11481361355324e-05,7.64112092672596e-05,0.000100431905262555,0.000123892481752836,0.000146975335444926,0.000169736070302435
0.000932312576091776,0.000933182593959915,5.23397985511961e-05,7.81898597857994e-05,0.000102766892246278,0.000126768589864275,0.000150381137989682,0.000173660982328926
0.000946737008970791,0.000947634169309842,5.35592078770831e-05,8.00098623144325e-05,0.000105156056024505,0.000129711260874386,0.000153865521311537,0.000177676127014526
0.000961384397168452,0.000962309546551753,5.48070093382138e-05,8.18721760226822e-05,0.000107600648985204,0.000132722026931601,0.000157430284832195,0.000181783557973385
0.000976258180160263,0.000977212191556022,5.60838631091511e-05,8.37777822028944e-05,0.000110101952226283,0.000135802455037664,0.000161077268524846,0.000185985374589753
0.000991361850272853,0.00099234562386664,5.73904446730356e-05,8.57276847968836e-05,0.000112661276230669,0.000138954147853872,0.00016480835383267,0.00019028372302748
0.00100669895348958,0.00100771341753243,5.87274451902514e-05,8.77229109368494e-05,0.000115279961559929,0.000142178744529793,0.000168625464613377,0.000194680797268569
0.0010222730902682,0.00102331920195111,6.00955718762771e-05,8.97645114999119e-05,0.000117959379565573,0.000145477921553454,0.000172530568108623,0.000199178840179519
0.00103808791637079,0.00103916666272646,6.14955483882796e-05,9.18535616756131e-05,0.000120700933117232,0.000148853393622006,0.00017652567593717,0.00020378014460422
0.00105414714370612,0.00105525954253876,6.29281152200061e-05,9.3991161545732e-05,0.000123506057346838,0.000152306914531848,0.000180612845110651,0.000208487054482141
0.0010704545411846,0.00107160164202865,6.4394030104528e-05,9.61784366757587e-05,0.000126376220408002,0.00015584027808723,0.000184794179070794,0.000213301965990563
0.00108701393558602,0.00108819682069478,6.58940684243952e-05,9.84165387173773e-05,0.000129312924249725,0.000159455319026306,0.000189071828746957,0.000218227328709603
0.00110382921244029,0.00110504899780525,6.74290236287547e-05,0.000100706646021304,0.000132317705403616,0.000163153913963663,0.000193447993632854,0.000223265646808788
0.00112090431692132,0.00112216215332327,6.89997076569895e-05,0.000103049964259825,0.000135392135783779,0.000166937982348299,0.000197924922881294,0.000228419480253908
0.00113824325475423,0.00113954032884706,7.06069513684343e-05,0.000105447727058386,0.00013853782349853,0.000170809487436062,0.000202504916415836,0.000233691446032926
0.00115585009313615,0.0011571876285644,7.22516049777221e-05,0.00010790119663558,0.000141756413673101,0.000174770437275543,0.000207190326058174,0.000239084219399663
0.00117372896167069,0.00117510822022186,7.39345384953194e-05,0.00011041166445087,0.0001450495892825,0.000178822885706425,0.000211983556670145,0.000244600535134034
0.00119188405331639,0.00119330633610912,7.56566421728045e-05,0.000112980451859418,0.00014841907199368,0.000182968933369278,0.000216887067309201,0.000250243188817567
0.00121031962534928,0.0012117862740585,7.74188269524437e-05,0.000115608910773334,0.000151866623016193,0.0001872107287258,0.000221903372396201,0.000256015038122958
0.00122904000033978,0.00123055239846,7.9222024920624e-05,0.000118298424328726,0.000155394043960473,0.000191550469088515,0.000227035042894392,0.000261919004116416
0.0012480495671441,0.00124960914129199,8.10671897646949e-05,0.000121050407557874,0.000159003177702924,0.000195990401658898,0.000232284707498437,0.000267958072571546
0.00126735278191042,0.00126896100316792,8.29552972327761e-05,0.000123866308065888,0.000162695909256965,0.000200532824572955,0.000237655053832329,0.000274135295293511
0.00128695416910003,0.00128861255439926,8.48873455960888e-05,0.00012674760671119,0.000166474166649208,0.000205180087953235,0.00024314882965508,0.000280453791452233
0.00130685832252356,0.00130856843607483,8.68643561133617e-05,0.00012969581828917,0.000170339921799908,0.000209934594966277,0.000248768844073014,0.000286916748923376
0.00132706990639268,0.00132883336115688,8.88873734968727e-05,0.000132712492218369,0.000174295191406869,0.000214798802884496,0.000254517968757544,0.000293527425635858
0.00134759365638735,0.00134941211559418,9.09574663796788e-05,0.000135799213228528,0.000178342037831957,0.000219775224151499,0.000260399139167277,0.000300289150924655
0.00136843438073885,0.00137030955945226,9.3075727783589e-05,0.000138957602049846,0.000182482569989383,0.000224866427449827,0.000266415355773313,0.000307205326887624
0.00138959696132891,0.00139153062806126,9.52432755874401e-05,0.000142189316102815,0.000186718944234915,0.000230075038770132,0.000272569685286593,0.00031427942974511
0.00141108635480508,0.00141308033318148,9.74612529952267e-05,0.000145496050187954,0.000191053365255195,0.000235403742480767,0.000278865261886159,0.00032151501120109
0.00143290759371259,0.001434963764187,9.97308292137617e-05,0.000148879537174806,0.000195488086956295,0.000240855282396813,0.000285305288447172,0.000328915699804579
0.00145506578764291,0.00145718608926763,0.000102053205720668,0.000152341552755574,0.00020002541372451,0.000246432462847512,0.000291893037767565,0.000336485202310082
0.00147756612439929,0.00147975255664949,0.000104429610431368,0.000155883919351124,0.000204667713038735,0.000252138151838095,0.00029863185379217,0.000344227305035809
0.00150041387117953,0.00150266849583447,0.00010686129791937,0.000159508495345272,0.00020941740294581,0.000257975295812525,0.000305525155771737,0.000352145875218418
0.00152361437577612,0.00152593931885889,0.000109349552088336,0.000163217182112292,0.000214276952746826,0.000263946898626244,0.00031257645460855,0.000360244863693329
0.00154717306779405,0.00154957052157168,0.000111895686747851,0.000167011925071501,0.00021924888885325,0.000270056030012973,0.000319789328281071,0.000368528324739573
0.00157109545988665,0.00157356768493227,0.000114501046221687,0.000170894714560802,0.000224335795799467,0.000276305829652473,0.000327167432465571,0.000377000393075408
0.00159538714900945,0.00159793647632872,0.00011716700598763,0.000174867586756239,0.000229540317321736,0.000282699508416006,0.000334714504672943,0.000385665289007906
0.00162005381769261,0.00162268265091613,0.000119894973347919,0.000178932624636197,0.000234865157501564,0.000289240349686112,0.000342434365696754,0.000394527325307532
0.00164510123533188,0.00164781205297583,0.000122686388129359,0.000183091958988878,0.000240313081971537,0.000295931710748463,0.000350330921138733,0.00040359090882287
0.00167053525949866,0.00167333061729565,0.000125542723412169,0.000187347769461695,0.00024588691918165,0.000302777024253562,0.000358408163009328,0.000412860542169705
0.00169636183726906,0.00169924437057149,0.000128465486286605,0.000191702285651208,0.000251589561724142,0.00030977979974604,0.000366670171400956,0.000422340825492151
0.00172258700657262,0.00172555943283069,0.000131456218636434,0.000196157788232244,0.000257423967714886,0.000316943625259312,0.000375121116231598,0.000432036458293506
0.00174921689756063,0.00175228201887734,0.000134516497948307,0.000200716610124833,0.00026339316222935,0.000324272168973355,0.00038376525905634,0.000441952241334518
0.00177625773399442,0.00177941843976006,0.000137647938146081,0.000205381137697594,0.000269500238791164,0.000331769180933367,0.000392606954944526,0.000452093078596758
0.00180371583465409,0.00180697510426247,0.000140852190449171,0.000210153812006204,0.000275748360911329,0.000339438494827073,0.000401650654420131,0.000462463979308774
0.00183159761476754,0.00183495852041673,0.000144130944253951,0.000215037130065591,0.000282140763676078,0.000347284029818421,0.000410900905462998,0.000473070060032717
0.00185990958746055,0.00186337529704055,0.000147485928037297,0.000220033646154469,0.000288680755381446,0.000355309792435457,0.000420362355568565,0.000483916546809125
0.00188865836522781,0.00189223214529798,0.00015091891028131,0.000225145973150875,0.000295371719212549,0.000363519878510108,0.00043003975386372,0.000495008777357554
0.00191785066142543,0.00192153588028438,0.000154431700418279,0.000230376783897315,0.000302217114965624,0.00037191847516766,0.000439937953276411,0.000506352203330725
0.00194749329178508,0.00195129342263596,0.000158026149794939,0.000235728812594174,0.000309220480810857,0.000380509862863674,0.000450061912756648,0.000517952392619904
0.00197759317595011,0.00198151180016418,0.000161704152655087,0.000241204856220013,0.000316385435094004,0.000389298417466108,0.000460416699546522,0.000529815031709163
0.00200815733903398,0.00201219814951552,0.000165467647139608,0.000246807775977389,0.000323715678174878,0.000398288612380404,0.000471007491496882,0.000541945928076241
0.00203919291320117,0.00204335971785694,0.000169318616302972,0.000252540498762841,0.000331214994300684,0.000407485020715304,0.000481839579428299,0.000554351012637669
0.00207070713927103,0.00207500386458744,0.000173259089145245,0.000258406018659659,0.000338887253512272,0.000416892317487144,0.000492918369533943,0.000567036342235855
0.00210270736834476,0.00210713806307611,0.000177291141658694,0.000264407398452087,0.000346736413581308,0.0004265152818604,0.000504249385822012,0.000580008102165806
0.00213520106345589,0.0021397699024271,0.000181416897888027,0.00027054777115959,0.000354766521976414,0.000436358799422243,0.000515838272595354,0.000593272608739195
0.00216819580124452,0.00217290708927197,0.000185638531003322,0.000276830341589811,0.000362981717856285,0.000446427864488853,0.000527690796965883,0.000606836311883413
0.00220169927365568,0.00220655744958973,0.000189958264384716,0.000283258387908861,0.000371386234087836,0.000456727582441273,0.000539812851401462,0.000620705797773357
0.00223571928966212,0.00224072893055507,0.000194378372717896,0.000289835263227575,0.00037998439928739,0.000467263172088535,0.000552210456302857,0.000634887791493571
0.00227026377701179,0.00227542960241529,0.000198901183099464,0.000296564397202365,0.000388780639882945,0.000478039968055848,0.000564889762608396,0.000649389159728475
0.00230534078400045,0.00231066766039623,0.000203529076151216,0.00030344929764931,0.000397779482195546,0.000489063423195594,0.000577857054423989,0.000664216913478356
0.00234095848126961,0.00234645142663769,0.000208264487142403,0.000310493552170107,0.000406985554537799,0.00050033911101888,0.000591118751676105,0.000679378210798784
0.00237712516363024,0.00238278935215889,0.000213109907119033,0.00031770082978853,0.000416403589327541,0.000511872728145441,0.000604681412785368,0.000694880359561167
0.00241384925191249,0.00241969001885436,0.000218067884039259,0.000325074882596026,0.000426038425214715,0.000523670096769615,0.000618551737358393,0.00071073082023213
0.0024511392948418,0.00245716214152068,0.000223141023913919,0.000332619547405074,0.000435895009219462,0.000535737167140175,0.000632736568895487,0.000726937208669365
0.0024890039709418,0.00249521456991467,0.000228331991951285,0.000340338747408959,0.00044597839887947,0.000548080020051783,0.000647242897511867,0.000743507298931702
0.00252745209046418,0.00253385629084341,0.00023364351592947,0.000348236493846573,0.00045629376440461,0.000560704869345792,0.000662077862670004,0.00076044902610102
0.00256649259734608,0.00257309643028667,0.000239078392716639,0.000356316894154241,0.000466846390836878,0.000573618064418204,0.000677248755920735,0.000777770489113736
0.00260613457119516,0.00261294425555217,0.000244639478480404,0.000364584154506329,0.000477641680213686,0.000586826092732509,0.000692763023650792,0.000795479953599525
0.00264638722930286,0.00265340917746422,0.000250329695296976,0.000373042569963178,0.000488685153732517,0.000600335582335175,0.000708628269834348,0.000813585854724975
0.00268725992868605,0.00269450075258629,0.000256152033059523,0.000381696534189558,0.000499982453914994,0.000614153304371557,0.00072485225878623,0.000832096800039847
0.0027287621681576,0.00273622868547796,0.000262109550829709,0.000390550541430015,0.000511539346768366,0.000628286175599982,0.000741442917914444,0.000851021572323649
0.0027709035904261,0.00277860283098685,0.000268205378260089,0.000399609188498534,0.0005233617358884,0.000642741260901758,0.000758408340469615,0.000870369132430179
0.0028136939842251,0.002821633196576,0.000274442717085307,0.000408877176865237,0.000535455672871471,0.000657525785708003,0.000775756788288992,0.000890148622127749
0.00285714328647237,0.00286532994468736,0.000280824842679988,0.00041835931483721,0.000547827327799602,0.000672647155311859,0.000793496696317397,0.000910369366932767
0.00290126158445933,0.00290970339514183,0.000287355105681254,0.000428060519830534,0.000560483009036955,0.000688112917509622,0.000811636703646713,0.000931040878934351
0.00294605911807128,0.00295476402757647,0.000294036933673775,0.000437985820730653,0.000573429166365944,0.00070393078394078,0.000830185622643768,0.000952172864825832
0.00299154628203854,0.00300052248391948,0.000300873832935268,0.000448140360338136,0.000586672393703029,0.000720108634575472,0.000849152444036797,0.000973775250591814
0.00303773362821914,0.00304698957090351,0.000307869390240363,0.000458529397896948,0.000600219431935855,0.000736654520846499,0.000868546347964354,0.000995858149244912
0.00308463186791321,0.00309417626261782,0.000315027274720752,0.000469158311702324,0.000614077171878024,0.000753576668900835,0.000888376707360563,0.00101843187406372
0.00313225187420963,0.00314209370310011,0.00032235123977953,0.000480032601785332,0.000628252657337794,0.000770883482966847,0.00090865309143581,0.00104150694467316
0.0031806046843652,0.0031907532089683,0.000329845125057652,0.000491157892671222,0.000642753088297004,0.00078858354883348,0.000929385269249646,0.0010650940906013
0.00322970150221682,0.00324016627209323,0.000337512858450417,0.000502539936208671,0.000657585824196539,0.000806685637437658,0.000950583213372717,0.00108920425487295
0.003279553700627,0.00329034456231267,0.000345358458171896,0.000514184614466992,0.000672758387324597,0.000825198708556097,0.000972257103634478,0.0011138485976384
0.00333017282396314,0.00334129993018736,0.000353386034865209,0.000526097942698421,0.000688278466304085,0.000844131914597791,0.000994417330953483,0.00113903849983532
0.00338157059061094,0.00339304440979976,0.000361599793756591,0.000538286072362574,0.000704153919675432,0.000863494604493429,0.00101707450124707,0.00116478556688223
0.00343375889552241,0.00344559022159614,0.000370004036851139,0.000550755294210163,0.000720392779571115,0.000883296327677934,0.00104023943941719,0.00119110163240144
0.0034867498127987,0.00349894977527263,0.000378603165168156,0.00056351204142307,0.000737003255478181,0.000903546838162386,0.00106392319340916,0.00121799876196995
0.0035405555983085,0.00355313567270604,0.000387401681014031,0.000576562892807871,0.000753993738085101,0.000924256098691576,0.00108813703834021,0.00124548925689633
0.00359518869234197,0.00360816071093006,0.000396404190290547,0.000589914576039912,0.000771372803209204,0.000945434284983407,0.00111289248069448,0.00127358565802175
0.00365066172230103,0.00366403788515743,0.000405615404836529,0.000603573970955012,0.000789149215801018,0.000967091790046375,0.00113820126258139,0.00130230074954352
0.00370698750542611,0.00372078039184912,0.000415040144800783,0.000617548112885922,0.000807331934021823,0.000989239228571407,0.00116407536605402,0.00133164756285913
0.00376417905155994,0.00377840163183086,0.000424683341044191,0.000631844196040601,0.000825930113390677,0.00101188744139424,0.00119052701748452,0.00136163938042912
0.00382224956594877,0.00383691521345799,0.000434550037568919,0.000646469576919412,0.000844953110997242,0.00103504750002459,0.00121756869199298,0.00139228973965695
0.00388121245208134,0.00389633495582939,0.000444645393972635,0.000661431777768354,0.000864410489776707,0.00105873071123842,0.00124521311792698,0.00142361243678396
0.00394108131456619,0.00395667489205107,0.000454974687925649,0.000676738490065401,0.000884312022843082,0.00108294862172939,0.00127347328138822,0.00145562153079781
0.00400186996204754,0.00401794927255039,0.000465543317668904,0.000692397578037043,0.000904667697877187,0.00110771302281591,0.00130236243080327,0.00148833134735237
0.00406359241016028,0.00408017256844155,0.000476356804530721,0.000708417082202137,0.000925487721565599,0.00113303595519989,0.00133189408153508,0.00152175648269739
0.00412626288452452,0.00414335947494322,0.000487420795460219,0.000724805222940166,0.000946782524086913,0.00115892971377346,0.00136208202053217,0.00155591180761617
0.00418989582377996,0.00420752491484914,0.000498741065575331,0.000741570404080975,0.000968562763641538,0.00118540685246997,0.00139294031101217,0.00159081247136925
0.00425450588266067,0.00427268404205233,0.00051032352072331,0.000758721216513099,0.000990839331021374,0.00121248018915541,0.00142448329717651,0.00162647390564252
0.00432010793511063,0.00433885224512407,0.000522174200051674,0.000776266441807788,0.00101362335421568,0.00124016281055652,0.00145672560895317,0.0016629118284978
0.00438671707744051,0.00440604515094814,0.000534299279562622,0.000794215055855792,0.00103692620304936,0.00126846807722184,0.0014896821667641,0.00170014224832413
0.00445434863152591,0.00447427862841144,0.000546705090059041,0.000812576233312037,0.00106075949385005,0.00129740962851194,0.0015233681863142,0.00173818146778796
0.00452301814804791,0.00454356879215172,0.000559398102135858,0.000831359372135658,0.00108513509414027,0.00132700138761505,0.00155779918339871,0.00177704608778045
0.00459274140977583,0.00461393200636334,0.000572384930966975,0.000850574076135093,0.00111006512735087,0.00135725756658432,0.00159299097872561,0.00181675301136004
0.00466353443489303,0.00468538488866203,0.000585672343545006,0.000870230157942016,0.00113556197755217,0.00138819267139295,0.00162895970274999,0.00185731944768849
0.00473541348036602,0.00475794431400941,0.000599267261782033,0.000890337650293847,0.00116163829419909,0.00141982150700349,0.00166572180051711,0.00189876291595858
0.00480839504535729,0.00483162741869838,0.00061317676574803,0.000910906810385038,0.00118830699688645,0.00145215918244743,0.00170329403651091,0.00194110124931173
0.00488249587468231,0.00490645160440012,0.000627408097043031,0.000931948124394064,0.00121558128370375,0.00148522111591139,0.00174169349950482,0.00198435259874357
0.00495773296231112,0.00498243454227391,0.000641968662299152,0.000953472312180985,0.00124347466227655,0.00151902303982616,0.00178093760741162,0.00202853543699585
0.00503412355491499,0.00505959417714045,0.000656866036808491,0.000975490332150405,0.0012720009184555,0.00155358101418524,0.00182104411212916,0.00207366856243277
0.00511168515545843,0.00513794873171987,0.000672107968273019,0.000998013386274702,0.00130117413083616,0.00158891144881078,0.00186203110437862,0.00211977110289981
0.00519043552683711,0.00521751671093541,0.000687702380672531,0.00102105292527241,0.00133100868104409,0.00162503107453763,0.00190391701963661,0.00216686251956364
0.00527039269556205,0.0052983169062837,0.000703657378246726,0.00104462065393658,0.00136151925944268,0.00166195696246512,0.00194672065641572,0.00221496261073074
0.00535157495549051,0.00538036840027272,0.00071998124958749,0.00106872853660795,0.00139272087101801,0.00169970653121402,0.00199046117030546,0.00226409151564349
0.00543400087160388,0.00546369057092848,0.000736682471837461,0.0010933888027879,0.00142462884143474,0.00173829755300624,0.00203515807513981,0.00231426971694195
0.00551768928383323,0.00554830309637154,0.000753769714990977,0.00111861395288586,0.00145725882325779,0.00177774815984535,0.00208083125013895,0.00236551803525006
0.0056026593109327,0.0056342259594644,0.000771251846293428,0.00114441676409627,0.00149062680233406,0.00181807684979401,0.00212750094571405,0.00241785764854961
0.00568893035440116,0.00572147945253074,0.000789137934735138,0.00117081029639968,0.00152474910432857,0.00185930249334403,0.00217518778919775,0.00247131008860035
0.00577652210245266,0.00581008418214795,0.000807437255635834,0.00119780789868309,0.00155964240140957,0.00190144433987534,0.00222391279050042,0.00252589724227908
0.00586545453403605,0.00590006107401371,0.000826159295315777,0.00122542321497423,0.00159532371907697,0.00194452202419957,0.00227369734769242,0.00258164135527629
0.00595574792290388,0.00599143137788796,0.000845313755849623,0.00125367019078469,0.00163181044312841,0.00198855557318437,0.00232456325251249,0.00263856503553571
0.00604742284173152,0.00608421667261152,0.000864910559899121,0.0012825630795568,0.0016691203267576,0.00203356541245439,0.0023765326958024,0.00269669125643987
0.00614050016628627,0.00617843887120228,0.000884959855620683,0.00131211644920903,0.00170727149777916,0.00207957237316492,0.00242962827286812,0.00275604335974484
0.00623500107964726,0.00627412022603039,0.000905472021643921,0.00134234518877485,0.00174628246597445,0.00212659769884411,0.0024838729887675,0.0028166450582675
0.00633094707647636,0.00637128333407361,0.000926457672117252,0.00137326451512983,0.00178617213055282,0.0021746630522998,0.00253929026352486,0.00287852043832857
0.00642835996734048,0.00646995114225399,0.000947927661816595,0.00140488997980192,0.0018269597877227,0.0022237905225869,0.00259590393727235,0.00294169396195447
0.00652726188308556,0.00657014695285721,0.000969893091313264,0.00143723747585973,0.00186866513836679,0.00227400263203126,0.00265373827531853,0.00300619046884146
0.00662767527926274,0.00667189442903591,0.000992365312197166,0.00147032324487362,0.00191130829581615,0.0023253223433061,0.00271281797314418,0.00307203517808515
0.00672962294060689,0.00677521760039814,0.0010153559323513,0.00150416388394453,0.00195490979371708,0.00237777306655687,0.00277316816132544,0.00313925368967865
0.00683312798556801,0.00688014086868246,0.00103887682127371,0.00153877635279544,0.00199949059398574,0.00243137866657061,0.00283481441038465,0.00320787198578262
0.00693821387089557,0.00698668901352082,0.00106294011544293,0.0015741779809201,0.00204507209484443,0.00248616346998558,0.00289778273556876,0.00327791643177034
0.00704490439627647,0.00709488719829079,0.00108755822372301,0.00161038647478427,0.00209167613893441,0.00254215227253749,0.00296209960155584,0.00334941377705128
0.00715322370902658,0.00720476097605839,0.00111274383280415,0.00164741992507388,0.00213932502149933,0.0025993703463379,0.00302779192708942,0.00342239115567609
0.00726319630883633,0.00731633629561283,0.00113850991329359,0.00168529681398536,0.00218804149863379,0.00265784344718106,0.0030948870895412,0.00349687608672641
0.00737484705257069,0.00742963950759494,0.00116486974328202,0.00172403602255274,0.00223784879559159,0.002717597821875,0.00316341292940209,0.0035728964744928
0.00748820115912364,0.00754469737072031,0.00119183689750796,0.00176365684438708,0.00228877061514788,0.00277866021559296,0.00323339775470173,0.0036504806084439
0.00760328421432751,0.00766153705809883,0.00121942525177895,0.001804179012196,0.00234083114600967,0.00284105787924094,0.00330487034535674,0.00372965716298999
0.00772012217591749,0.00778018616365226,0.00124764899531099,0.00184562267316638,0.00239405507126932,0.00290481857683761,0.00337785995744787,0.00381045519704443
0.00783874137855143,0.00790067270863096,0.00127652263718152,0.00188800841019428,0.00244846757689509,0.00296997059290236,0.00345239632742606,0.00389290415338598
0.00795916853888516,0.00802302514823165,0.00130606101302249,0.00193135725217988,0.00250409436025345,0.00303654273984742,0.00352850967624774,0.00397703385782526
0.00808143076070372,0.00814727237831769,0.00133627929194704,0.00197569068269467,0.00256096163865743,0.00310456436537027,0.00360623071343944,0.0040628745181788
0.00820555554010845,0.0082734437422434,0.00136719298370277,0.00202103064890632,0.0026190961585845,0.00317406535984206,0.00368559064109191,0.00415045672305357
0.00833157077076022,0.00840156903778395,0.00139881794604531,0.00206739957075337,0.00267852522443466,0.00324507616368811,0.00376662115778383,0.00423981144044549
0.00845950474917909,0.0085316785241728,0.00143117039232525,0.002114820350362,0.00273927669084103,0.00331762777475648,0.00384935446243544,0.00433097001615505
0.00858938618010037,0.00866380292924796,0.00146426689928186,0.00216331638169685,0.00280137896729371,0.00339175175562235,0.003933823258092,0.00442396417202331
0.00872124418188716,0.00879797345670888,0.00149812441503696,0.00221291156043816,0.0028648610338428,0.0034674802382271,0.00402006075563751,0.00451882599831405
0.00885510829199982,0.00893422179348588,0.00153276026728222,0.00226363029407733,0.00292975245088435,0.00354484594467065,0.00410810067743862,0.00461558791196955
0.00899100847252201,0.00907258011722361,0.00156819217165316,0.00231549751222308,0.00299608336907462,0.00362388218599664,0.0041979772609191,0.00471428270305929
0.00912897511574375,0.00921308110388041,0.00160443824028342,0.00236853867711024,0.00306388453936716,0.00370462286411506,0.00428972526206477,0.00481494351659311
0.00926903904980118,0.00935575793544531,0.00164151699053224,0.0024227797943035,0.00313318732316671,0.00378710248032358,0.00438337994695306,0.0049176038414474
0.00941123154437347,0.00950064430777467,0.0016794473538789,0.00247824742358811,0.00320402370259465,0.003871356143547,0.00447897704978343,0.00502229750472567
0.00955558431643658,0.0096477744385501,0.00171824868497713,0.00253496869003975,0.00327642629085992,0.00395741957829836,0.00457655285000431,0.00512905866519707
0.00970212953607373,0.0097971830753595,0.00175794077086296,0.00259297129526563,0.00335042834272992,0.00404532913236559,0.0046761441472062,0.00523792180582224
0.0098508998323431,0.00994890550390349,0.00179854384030938,0.00265228352880912,0.00342606376509574,0.00413512178422742,0.00477778825713152,0.00534892172537594
0.010001928299202,0.0101029775563288,0.00184007857332101,0.00271293427970993,0.0035033671276259,0.00422683515020204,0.00488152301256945,0.00546209352917587
0.0101552485014876,0.0102594356196906,0.00188256611076219,0.00277495304821194,0.00358237367350301,0.00432050749133246,0.00498738676360652,0.00557747261892695
0.010310894480955,0.0104183166445461,0.00192602806411184,0.00283836995761102,0.00366311933023764,0.00441617772001224,0.00509541837723969,0.00569509468169073
0.0104689007623705,0.0105796581536812,0.0019704865253384,0.0029032157662348,0.00374564072055372,0.0045138854063552,0.00520565723635743,0.00581499567798914
0.0106293023596618,0.0107434982509719,0.00201596407688806,0.00296952187954656,0.0038299751733397,0.00461367078431284,0.0053181432380955,0.00593721182905191
0.0107921347821244,0.0109098756303837,0.00206248380177988,0.00303732036236551,0.00391616073466001,0.00471557475754332,0.0054329167915734,0.00606177960321746
0.0109574340406827,0.0110788295851095,0.00211006929380084,0.00310664395119549,0.00400423617882083,0.00481963890503557,0.00555001881501771,0.00618873570149617
0.0111252366542078,0.0112504000168498,0.00215874466779431,0.00317752606665417,0.00409424101948468,0.00492590548649219,0.00566949073227841,0.00631811704230578
0.0112955796558894,0.0114246274452359,0.0022085345700353,0.00325000082599516,0.00418621552082822,0.00503441744747516,0.00579137446874462,0.00644996074538824
0.0114685005996627,0.0116015530173997,0.00225946418868565,0.00332410305571483,0.00428020070873725,0.00514521842431763,0.00591571244666566,0.00658430411491741
0.0116440375666898,0.0117812185176912,0.00231155927687847,0.00339986830423625,0.00437623838203358,0.00525835274880586,0.00604254757988367,0.00672118462180687
0.0118222291718952,0.0119636663775467,0.00236484616632385,0.00347733285466229,0.0044743711237279,0.00537386545263486,0.00617192326798428,0.00686063988522763
0.0120031145705538,0.0121489396855098,0.00241935175974047,0.00355653373962096,0.00457464231229296,0.00549180227164148,0.00630388338987098,0.00700270765334476
0.0121867334649327,0.0123370821974075,0.0024751035542583,0.00363750877615395,0.00467709613295149,0.00561220964981865,0.0064384722967699,0.00714742578328251
0.0123731261109849,0.0125281383466843,0.0025321296534643,0.00372029655498714,0.00478177758897295,0.00573513474311438,0.00657573480467075,0.00729483222032729
0.0125623333250945,0.0127221532548955,0.00259045877976596,0.00380493645778611,0.00488873251297375,0.00586062542301959,0.00671571618621052,0.00744496497637813
0.0127543964908737,0.0129191727423639,0.00265012028712535,0.00389146867560923,0.00499800757821499,0.00598873027994798,0.00685846216200572,0.0075978621035523
0.0129493575660089,0.0131192433390011,0.00271114417415332,0.0039799342233929,0.00510965030989202,0.00611949862641198,0.00700401889143959,0.00775356163072096
0.0131472590891574,0.0133224122952962,0.00277356109755333,0.00407037495470812,0.00522370909641044,0.00625298049999848,0.0071524329629105,0.00791210157925337
0.0133481441868923,0.0135287275934752,0.00283740238590426,0.0041628335767786,0.00534023320064249,0.00638922666614789,0.00730375138354749,0.00807351992386036
0.0135520565806955,0.0137382379588326,0.00290270005377182,0.00425735366575053,0.0054592727700512,0.00652828862074034,0.00745802156839933,0.008237854556342
0.0137590405939973,0.0139509928712392,0.00296948681613815,0.00435397968220425,0.00558087884315306,0.00667021859249285,0.00761529132476881,0.00840514325489037
0.0139691411592624,0.0141670425768274,0.0030377961031388,0.00445275698689778,0.00570510338022644,0.00681506954517089,0.00777560880095685,0.00857542365122881
0.0141824038251204,0.0143864380998577,0.00310766207509682,0.00455373185673258,0.00583199925830117,0.00696289517961824,0.00793902251596803,0.00874873319561082
0.0143988747635405,0.0146092312547696,0.00317911963784349,0.00465695150093157,0.00596162027964936,0.00711374993560901,0.0081055813302945,0.00892510911970212
0.0146186007770484,0.0148354746584178,0.00325220445831494,0.00476246407741955,0.0060940211841076,0.00726768899352511,0.00827533442226078,0.00910458839736865
0.0148416293059849,0.0150652217424995,0.00332695298041436,0.00487031870939615,0.00622925766096849,0.00742476827586321,0.00844833127026928,0.00928720770339393
0.0150680084358045,0.0152985267661726,0.00340340244112925,0.00498056550209167,0.00636738636044616,0.00758504440697679,0.00862462163321035,0.00947300337014903
0.0152977869044129,0.0155354448288703,0.00348159088689317,0.00509325555969564,0.00650846490472047,0.00774857465096473,0.00880425552905684,0.00966201134223807
0.0155310141095418,0.0157760318833141,0.00356155719018144,0.00520844100244847,0.00665255189856488,0.00791541705132691,0.00898728321166386,0.00985426712914278
0.0157677401161586,0.0160203447487278,0.00364334106633038,0.00532617498388623,0.00679970693956262,0.00808563036581595,0.0091737551457937,0.0100498057558889
0.0160080156639121,0.0162684411242567,0.00372698309056959,0.00544651170822885,0.00694999062791622,0.00825927405863526,0.00936372198038678,0.010248661711758
0.016251892174609,0.0165203796025939,0.00381252471525657,0.00556950644790173,0.00710346457585486,0.00843640829524289,0.00955723452009839,0.0104508688970681
0.0164994217597217,0.0167762196838187,0.00390000828730345,0.00569521556118095,0.00726019141664459,0.00861709393591503,0.00975434369512182,0.0106564605680447
0.0167506572279257,0.0170360217894483,0.0039894770657851,0.00582369650995233,0.00742023481320624,0.00880139252807874,0.00995510052931844,0.0108654692798085
0.0170056520926635,0.0172998472767074,0.00408097523971825,0.00595500787757436,0.00758365946634568,0.00898936629742277,0.0101595561066745,0.0110779268274993
0.0172644605797329,0.0175677584530193,0.004174547946001,0.00608920938683519,0.00775053112260121,0.00918107813779601,0.0103677615361057,0.0112938641855624
0.0175271376348993,0.0178398185907205,0.0042702412875023,0.00622636191799393,0.00792091658171325,0.00937659159990295,0.0105797679146289,0.0115133114452188
0.0177937389315286,0.0181160919420041,0.00436810235503015,0.00636652752689626,0.00809488370372058,0.00957597087880514,0.0107956262889227,0.0117362977501429
0.0180643208782373,0.0183966437540939,0.00446817926727299,0.0065097694631545,0.00827250141568832,0.00977928080023809,0.0110153876152957,0.0119628512303715
0.0183389406265608,0.0186815402846538,0.0045705211629648,0.00665615218838252,0.00845383971807249,0.00998658680575311,0.0112391027180837,0.012192998934466
0.0186176560786332,0.018970848817436,0.00467517822927455,0.00680574139447534,0.00863896969072565,0.010197954936693,0.0114668222464964,0.0124267667191169
0.0189005258948793,0.019264637678171,0.00478220172486918,0.00695860402214589,0.00882796349854855,0.0104134518170108,0.0116985966299324,0.0126641791639296
0.0191876095017147,0.0195629762507045,0.00489164400061787,0.00711480828842146,0.00902089439679296,0.010633144634942,0.0119344760317855,0.0129052595444608
0.0194789670992514,0.0198659349933834,0.0050035585208106,0.00727442370326176,0.00921783673601981,0.0108571011235374,0.0121745103017597,0.013150029719865
0.0197746596690058,0.0201735854556958,0.0051179998848758,0.00743752108141173,0.00941886596671797,0.0110853895400684,0.012418748926715,0.0133985100482896
0.0200747489816063,0.020486000295169,0.00523502384958188,0.00760417256315583,0.00962405864358836,0.0113180786443116,0.0126672409798534,0.0136507192986099
0.0203792976044979,0.0208032532945289,0.00535468735170693,0.007774451634109,0.00983349242949804,0.0115552376757241,0.0129200350089924,0.0139066745584762
0.0206883689096391,0.0211254193791252,0.00547704853116145,0.00794843314492642,0.0100472460991092,0.0117969363295172,0.0131771789966943,0.0141663911387159
0.0210020270811888,0.0214525746346265,0.00560216675454869,0.00812619333092611,0.010265399542188,0.0120432447316387,0.0134387203368813,0.0144298824741299
0.0213203371231804,0.021784796324989,0.00573010263914724,0.00830780983161888,0.0104880337665976,0.0122942334126728,0.0137047057416804,0.0146971600207248
0.021643364867177,0.0221221629107045,0.00586091807730047,0.0084933617101393,0.010715230900981,0.0125499732646108,0.0139751811749535,0.0149682331494207
0.0219711769799065,0.0224647540673299,0.00599467626119736,0.00868292947257233,0.0109470741971373,0.012810535480721,0.0142501917821606,0.0152431090362761
0.0223038409708713,0.0228126507043042,0.00613144170802963,0.0088765950871697,0.0111836480320974,0.0130759915713835,0.0145297818165921,0.01552179254927
0.0226414251999289,0.0231659349840568,0.00627128028550951,0.00907444200345014,0.0114250379099038,0.0133464133041311,0.0148139945620042,0.0158042861316828
0.0229839988848387,0.0235246903414119,0.00641425923773281,0.00927655517117757,0.0116713303905238,0.013621872665426,0.0151028722516922,0.0160905896821148
0.0233316321087721,0.0238890015032928,0.00656044721137218,0.00948302105921192,0.0119226130674152,0.0139024418211831,0.015396455984038,0.0163807004311855
0.0236843958277795,0.0242589545087324,0.00670991428218491,0.00969392767422614,0.0121789746924145,0.0141881930743622,0.0156947856345644,0.0166746128149519
0.0240423618782108,0.0246346367291923,0.00686273198181987,0.00990936457928396,0.0124405051022829,0.014479198819653,0.0159978997645326,0.0169723183450885
0.0244056029840845,0.0250161368891978,0.00701897332490863,0.0101294229122727,0.0127072952118547,0.0147755314952786,0.0163058355261177,0.0172738054758682
0.0247741927643997,0.0254035450872914,0.00717871283642483,0.0103541954041851,0.0129794370060039,0.015077263531939,0.0166186285641961,0.017579059467986
0.0251482057403869,0.0257969528173117,0.0073420265792968,0.0105837763972441,0.0132570235298612,0.0153844672989204,0.0169363129147806,0.0178880622492646
0.0255277173426915,0.0261964529900013,0.00750899218225805,0.0108182618628657,0.0135401488772944,0.0156972150473939,0.0172589209001376,0.0182007922722848
0.0259128039184845,0.0266021399549492,0.00767968886792,0.011057749419453,0.0138289081776587,0.0160155788509271,0.0175864830206213,0.018517224368979
0.0263035427384964,0.0270141095228737,0.00785419748105192,0.0113023383500162,0.0141233975808296,0.0163396305432338,0.0179190278432598,0.0188373295973241
0.0267000120039648,0.0274324589882493,0.00803260051713739,0.0115521296196131,0.0144237142405251,0.0166694416531838,0.0182565818871275,0.0191610750322529
0.0271022908534949,0.0278572871522855,0.00821498216951129,0.011807225892603,0.0147299562959298,0.0170050833371002,0.0185991695055403,0.0194884236536332
0.0275104593698216,0.0282886943462597,0.00840142835243685,0.0120677315497102,0.0150422228516291,0.0173466263083635,0.0189468127651054,0.0198193341854203
0.0279245985864703,0.028726782455213,0.00859202671983153,0.0123337527048889,0.0153606139558629,0.0176941407643517,0.0192995313216641,0.0201537609192112
0.0283447904943084,0.029171654942012,0.00878686670496272,0.0126053972219859,0.0156852305771101,0.0180476963107358,0.0196573422931595,0.0204916535417128
0.0287711180479809,0.0296234168717836,0.00898603955174997,0.0128827747311942,0.0160161745790118,0.0184073618831586,0.02002026009234,0.0208329569585865
0.0292036651722235,0.030082174936728,0.00918963834660633,0.0131659966452913,0.0163535486936446,0.0187732056663175,0.0203882962615805,0.0211776111147365
0.0296425167680456,0.0305480374813164,0.00939775805079919,0.0134551761756575,0.0166974564931524,0.0191452950104781,0.0207614593942301,0.0215255508111151
0.0300877587187762,0.0310211145278785,0.00961049553330989,0.0137504283459586,0.0170480023597475,0.0195236963454404,0.0211397549547451,0.0218767055181128
0.0305394778959645,0.031501517802586,0.00982794960417247,0.0140518699656631,0.0174052914540896,0.0199084750697406,0.0215231851254668,0.0222309991856046
0.0309977621651293,0.0319893607618393,0.0100502210482716,0.014359619687237,0.0177694296820541,0.020299695405472,0.0219117486486087,0.0225883500497217
0.0314627003913458,0.0324847586190626,0.0102774126595791,0.0146737980149811,0.0181405236598974,0.0206974203716649,0.0223054406631184,0.02294867043642
0.0319343824446652,0.0329878283719128,0.01050962927581,0.01499452730541,0.0185186806778307,0.0211017116472906,0.022704252536473,0.023311866561914
0.0324128992053564,0.0334986888299119,0.0107469778134764,0.0153219317794691,0.0189040086432638,0.0215126294602577,0.0231081716914699,0.0236778383300472
0.0328983425689621,0.0340174606425054,0.0109895673033217,0.0156561375334266,0.0192966160047584,0.0219302324739431,0.0235171814280722,0.0240464791266696
0.0333908054511595,0.034544266327556,0.0112375089261115,0.0159972725484455,0.0196966117599265,0.0223545776684769,0.0239312607403695,0.0244176756110905
0.0338903817924182,0.0350792303002788,0.0114909160487655,0.0163454666988425,0.0201041053791893,0.0227857202168287,0.0243503841287149,0.0247913075046792
0.0343971665624437,0.0356224789026244,0.0117499042608063,0.0167008517590396,0.0205192067530084,0.0232237133557357,0.0247745214070977,0.0251672473766819
0.0349112557643987,0.0361741404331165,0.0120145914111076,0.0170635614092127,0.0209420261368729,0.0236686082515185,0.0252036375058134,0.0255453604273255
0.0354327464388916,0.0367343451771523,0.0122850976449209,0.0174337312396455,0.0213726740923308,0.0241204538608281,0.02563769226949,0.025925504268279
0.0359617366677224,0.0373032254377722,0.0125615454411602,0.0178114987537935,0.0218112614240925,0.0245792967863688,0.0260766402505321,0.0263075287005412
0.0364983255773752,0.0378809155669051,0.0128440596499263,0.018197003370063,0.0222578991132309,0.0250451811276392,0.0265204304980427,0.0266912754898271
0.0370426133422473,0.0384675519970986,0.013132767530248,0.0185903864223124,0.0227126982465048,0.0255181483267374,0.0269690063422832,0.0270765781395202
0.037594701187604,0.03906327327374,0.013427798788023,0.0189917911590822,0.0231757699418333,0.0259982370092733,0.0274223051747319,0.0274632616770368
0.0381546913922476,0.0396682200877764,0.0137292856141363,0.019401362741557,0.023647225269944,0.0264854828204317,0.0278802582238018,0.0278511424532039
0.0387226872908893,0.0402825353089416,0.0140373627227371,0.019819248240268,0.024127175172224,0.0269799182562309,0.0283427903262768,0.0282400278763546
0.0392987932762138,0.0409063640194976,0.0143521673896539,0.0202455966305413,0.0246157303747994,0.0274815724900206,0.0288098196945289,0.0286297162066492
0.0398831148006225,0.0415398535484983,0.014673839490928,0.0206805587866967,0.0251130012988675,0.0279904711942632,0.029281257678919,0.0290199963286566
0.0404757583776448,0.0421831535065844,0.0150025215450043,0.0211242874750041,0.0256190979673103,0.0285066363576416,0.0297570084979465,0.0294106475251071
0.0410768315830047,0.0428364158213164,0.0153383587654727,0.0215769373454035,0.0261341299076136,0.029030086097539,0.0302369689936958,0.0298014392532903
0.0416864430553303,0.0434997947730559,0.0156814990847383,0.0220386649219934,0.0266582060511194,0.0295608344679331,0.0307210284064325,0.0301921309243286
0.0423047024964927,0.0441734470314007,0.0160320931959057,0.0225096285922942,0.0271914346286356,0.0300988912439914,0.0312090681122823,0.0305824716855563
0.0429317206715618,0.0448575316921865,0.0163902945942134,0.0229899885952932,0.0277339230624316,0.0306442616595762,0.0317009613589384,0.0309722002062334
0.0435676094083655,0.0455522103150598,0.0167562596179226,0.0234799070082756,0.0282857778546439,0.0311969462668536,0.0321965729987962,0.0313610444668242
0.0442124815966383,0.0462576469616333,0.0171301474892403,0.0239795477279273,0.0288471044721189,0.0317569406920402,0.0326957592196291,0.0317487215520698
0.0448664511867453,0.0469740082342323,0.0175121203552544,0.0244890763786479,0.0294180072165717,0.0323242354058127,0.0331983672729227,0.0321349374480855
0.0455296331879688,0.0477014633152411,0.0179023433288657,0.025008660356301,0.0299985890275789,0.0328988154903692,0.0337042351999809,0.0325193868437114
0.0462021436663404,0.0484401840070585,0.0183009845296947,0.0255384688017805,0.0305889514234084,0.0334806603998777,0.0342131915559206,0.0329017529363469
0.0468840997420065,0.0491903447726722,0.0187082151249481,0.0260786725574385,0.0311891943404742,0.0340697437143921,0.0347250551316685,0.0332817072424984
0.047575619586111,0.0499521227768617,0.0191242093702234,0.0266294441371778,0.0317994159806814,0.0346660328873194,0.0352396346740778,0.0336589094132699
0.0482768224171797,0.0507256979280391,0.0195491446502354,0.0271909576929841,0.03241971266073,0.0352694889865184,0.0357567286042776,0.0340330070550263
0.0489878284969915,0.0515112529207378,0.0199832015194435,0.0277633889779122,0.0330501786545573,0.0358800664291129,0.0362761247343718,0.0344036355634802
0.0497087591259212,0.0523089732787593,0.0204265637425639,0.0283469153055352,0.0336909060289678,0.036497712710101,0.0367975999826021,0.0347704180426955
0.0504397366377362,0.0531190473989886,0.0208794183349461,0.0289417155058708,0.0343419844725,0.0371223681248418,0.0373209200870912,0.0351329651066787
0.0511808843938322,0.053941666595887,0.0213419556027957,0.029547969877794,0.0350035011175784,0.0377539654855022,0.03784583931828,0.0354908747532922
0.051932326776892,0.0547770251466751,0.0218143691832253,0.0301658601379508,0.0356755403560013,0.038392429831546,0.0383721001901761,0.0358437322547525
0.0526941891839484,0.0556253203372154,0.0222968560841142,0.0307955693661808,0.0363581836478119,0.0390376781343455,0.0388994331705267,0.0361911100539407
0.0534665980188371,0.0564867525086042,0.0227896167237588,0.0314372819474647,0.0370515093236031,0.0396896189959991,0.0394275563900328,0.0365325676773657
0.0542496806840199,0.0573615251044867,0.0232928549702951,0.0320911835104045,0.0377555923803047,0.0403481523424371,0.0399561753507198,0.0368676516654206
0.0550435655717633,0.0582498447191043,0.0238067781808741,0.0327574608622509,0.0384705042705019,0.0410131691108954,0.0404849826335789,0.0371958955205713
0.0558483820546516,0.0591519211460847,0.0243315972405721,0.033436301920488,0.0391963126853342,0.0416845509318412,0.041013657605595,0.0375168196741167
0.0566642604754212,0.0600679674279899,0.0248675266010177,0.0341278956409876,0.0399330813310247,0.0423621698054322,0.0415418662049269,0.0378299314721608
0.0574913321360935,0.0609981999066294,0.0254147843187149,0.0348324319427448,0.0406808696990877,0.0430458877725901,0.0420692607404575,0.0381347251814358
0.0583297292863918,0.0619428382741539,0.0259735920930468,0.0355501016292062,0.0414397328302649,0.0437355565800671,0.0425954794714695,0.0384306820156164
0.0591795851114209,0.0629021056249397,0.0265441753039381,0.036281096306203,0.0422097210722381,0.0444310173196947,0.0431201464098521,0.0387172701827639
0.0600410337185943,0.0638762285082764,0.0271267630491603,0.0370256082965004,0.0429908798311688,0.045132100094017,0.0436428710633783,0.0389939449545413
0.0609142101237865,0.0648654369818715,0.0277215881812597,0.0377838305369473,0.0437832493167969,0.045838623688078,0.044163248187252,0.0392601487755502
0.0617992502366944,0.065869964666182,0.0283288873286932,0.0385559564261696,0.0445868642236392,0.0465503952090799,0.0446808575457124,0.0395153114264548
0.062696290845388,0.0668900487995893,0.028948900917867,0.0393421797880312,0.0454017534662128,0.0472672097232278,0.045195263684184,0.0397588501502132
0.0636054696000309,0.0679259302944269,0.0295818732513799,0.0401426947374237,0.0462279399330765,0.0479888498908764,0.0457060157124543,0.0399901698571297
0.0645269249957512,0.0689778537938765,0.0302280525076993,0.0409576955627273,0.0470654401734117,0.0487150856001469,0.0462126470993665,0.0402086633475294
0.0654607963546451,0.0700460677297456,0.030887690774168,0.0417873766065603,0.047914264097612,0.0494456735991794,0.0467146754795122,0.0404137115703087
0.066407223806892,0.0711308243811391,0.031561044079825,0.0426319321397303,0.0487744146692716,0.0501803571271837,0.0472116024724078,0.0406046839192807
0.0673663482709624,0.0722323799340394,0.0322483724263828,0.0434915562284211,0.0496458875886672,0.0509188655444566,0.0477029135146419,0.0407809385683679
0.0683383114328993,0.0733509945418105,0.0329499398173631,0.0443664425946484,0.0505286709678314,0.0516609139615296,0.0481880777054774,0.0409418228466913
0.0693232557246539,0.0744869323866378,0.0336660142853909,0.0452567844700155,0.051422744997311,0.0524062028676129,0.0486665476663944,0.0410866736546098
0.070321324301454,0.0756404617419192,0.0343968679176489,0.0461627744428035,0.0523280816047068,0.0531544177584999,0.0491377594150577,0.0412148179217581
0.0713326610181894,0.0768118550356239,0.0351427768794932,0.0470846042984275,0.0532446441050921,0.0539052287640995,0.0496011322732788,0.0413255731081363
0.0723574104047912,0.0780013889146309,0.0359040214362318,0.0480224648532928,0.0541723868434035,0.0546582902757595,0.0500560688500338,0.0414182477493012
0.0733957176405872,0.0792093443100648,0.0366808859730663,0.0489765457820819,0.0551112548289011,0.055413240573548,0.0505019549286234,0.0414921420467111
0.0744477285276137,0.0804360065036423,0.0374736590131986,0.0499470354385071,0.0560611833617935,0.0561697014536571,0.0509381594552831,0.0415465485048071
0.0755135894628658,0.0816816651950479,0.0382826332341038,0.0509341206695609,0.057022097652124,0.0569272778560947,0.0513640345358256,0.0415807526595632
0.0765934474094642,0.0829466145703516,0.0391081054819702,0.0519379866232961,0.0579939124310126,0.0576855574928299,0.0517789154589242,0.0415940338282074
0.0776874498667225,0.084231153371486,0.0399503767843074,0.0529588165501684,0.0589765315543503,0.0584441104765563,0.0521821207501642,0.0415856658961589
0.0787957448390942,0.0855355849668009,0.0408097523607245,0.0539967915979767,0.0599698475990423,0.0592024889502404,0.052572952257866,0.0415549181898863
0.0799184808039826,0.0868602174227092,0.0416865416318786,0.0550520906004301,0.0609737414518947,0.0599602267176189,0.0529506952716804,0.0415010563984287
0.0810558066783923,0.0882053635764417,0.0425810582265949,0.0561248898593768,0.0619880818912397,0.060716838928591,0.0533146186749616,0.0414233435559605
0.0822078717844084,0.0895713411099311,0.0434936199871613,0.0572153629155126,0.0630127251613982,0.0614718219503526,0.0536639751319182,0.0413210410866096
0.0833748258134817,0.090958472624838,0.044424548972795,0.0583236802364091,0.0640475145394025,0.0622246527818583,0.0539980013105475,0.0411934099127339
0.0845568187895046,0.0923670857187386,0.0453741714612867,0.0594500090295023,0.0650922798739977,0.0629747888048085,0.054315918142353,0.0410397116278636
0.0857540010306602,0.0937975130624947,0.0463428179488199,0.0605945129857286,0.0661468371451013,0.0637216674903195,0.0546169311198507,0.0408592097355169
0.0869665231100277,0.0952500924788193,0.0473308231479692,0.061757352001571,0.0672109880352094,0.0644647061042036,0.0549002306358714,0.0406511709550951
0.0881945358149276,0.0967251670220595,0.0483385259838759,0.0629386819063302,0.0682845194636628,0.0652033014281357,0.0551649924170562,0.0404148665960643
0.0894381901049916,0.0982230850592165,0.0493662695886057,0.0641386541793982,0.0693672031159214,0.0659368294973978,0.0554103779440234,0.0401495740016311
0.0906976370689413,0.0997442003522185,0.0504144012936865,0.0653574156576008,0.0704587949696581,0.0666646453558873,0.0556355349356475,0.039854578063118
0.0919730278800606,0.101288872141468,0.0514832726208283,0.0665951082326797,0.0715590348178665,0.0673860828290816,0.0558395978942307,0.0395291728062475
0.0932645137503499,0.102857465230683,0.0525732392165239,0.0678518685389834,0.0726676457891759,0.0681004543156465,0.0560216886982298,0.0391726630527029
0.0945722458833443,0.104450350073055,0.0536846607166288,0.0691278276314336,0.0737843338655673,0.0688070505983782,0.0561809172518849,0.0387843661612849
0.0958963754255878,0.106067902858734,0.0548179009271148,0.0704231106538389,0.0749087873976824,0.0695051406751695,0.0563163821931633,0.0383636138183465
0.0972370534167473,0.107710505603677,0.0559733277145918,0.0717378364976214,0.0760406766179206,0.070193971610687,0.056427171661432,0.0379097539166705
0.0985944307383579,0.109378546239867,0.0571513129671015,0.0730721174510295,0.0771796531515174,0.070872768409452,0.0565123641262728,0.0374221525134388
0.0999686580611876,0.11107241870693,0.0583522325574553,0.0744260588389005,0.078325349525796,0.0715407339110116,0.0565710292788515,0.0369001958581873
0.10135988579121,0.112792523045171,0.0595764663016498,0.0757997586530464,0.0794773786777869,0.0721970487420346,0.0566022289872563,0.0363432924906147
0.102768264014182,0.114539265490054,0.060824397912361,0.0771933071733296,0.0806353334604093,0.0728408713338163,0.0566050183172183,0.0357508754081149
0.104193942438808,0.116313058568138,0.0620964149475171,0.0786067865794977,0.0817987861474063,0.0734713378569721,0.0565784466196265,0.0351224043029042
0.105637070338499,0.118114321194507,0.0633929087539524,0.0800402705538459,0.0829672879372276,0.074087562279975,0.0565215586864262,0.034457367868611
0.107097796491703,0.119943478771702,0.0647142744061451,0.081493823874778,0.084140368456055,0.0746886364340391,0.0564333960043056,0.0337552861761988
0.108576269120818,0.121800963290188,0.0660609106400374,0.0829675020013318,0.0853175352601618,0.0752736301183407,0.0563129980715164,0.0330157131190923
0.110072635829672,0.123687213430381,0.0674332197819416,0.0844613506477892,0.0864982733377996,0.0758415912480044,0.0561594037575228,0.0322382389273762
0.111587043539574,0.125602674666243,0.068831607672534,0.0859754052978176,0.0876820446108087,0.0763915460460844,0.0559716527734601,0.0314224927509357
0.113119638423938,0.127547799370498,0.0702564835859358,0.0875096907700725,0.0888682874361417,0.0769224992807647,0.0557487872169083,0.0305681453114091
0.114670565841465,0.12952304692146,0.0717082601438835,0.0890642207886226,0.0900564162444712,0.0774334345490102,0.0554898531948982,0.0296749115528353
0.116239970267908,0.131528883811532,0.073187353224993,0.0906389974999051,0.0912458211520352,0.0779233146078933,0.0551939025263442,0.0287425533347555
0.117827995226397,0.13356578375737,0.0746941818691133,0.0922340109911017,0.0924358672979677,0.0783910817548256,0.0548599945250992,0.0277708822825578
0.11943478321635,0.135634227811766,0.0762291681767759,0.0938492387992054,0.0936258944922936,0.0788356582579216,0.0544871978648265,0.0267597625943318
0.121060475640968,0.137734704477252,0.0777927372037397,0.095484645410919,0.094815216777293,0.0792559468377224,0.054074592526881,0.0257091139111979
0.12270521273331,0.139867709821475,0.0793853168506326,0.0971401817535202,0.0960031220039955,0.0796508312015074,0.053621271832398,0.0246189142170494
0.124369133480985,0.142033747594351,0.081007337747692,0.0988157846768334,0.0971888714251421,0.0800191766314542,0.0531263445597798,0.0234892027624243
0.126052375549433,0.14423332934703,0.0826592331346034,0.100511376426443,0.0983716993053144,0.0803598306941833,0.0525889371487793,0.0223200830072284
0.127755075203854,0.146466974552718,0.0843414387052465,0.102226864108295,0.0995508125489316,0.0806716239923718,0.0520081959923705,0.0211117255770306
0.129477367229752,0.148735210729351,0.0860543924133383,0.103962139144807,0.100725390346814,0.0809533709009766,0.0513832898176042,0.0198643712276521
0.131219384852148,0.151038573564186,0.0877985344189366,0.105717076722648,0.101894583842011,0.0812038704536008,0.0507134121566419,0.0185783338127705
0.132981259653457,0.15337760704031,0.0895743069002156,0.107491535232308,0.103057515815601,0.0814219072752372,0.0499977838870001,0.0172540032492592
0.134763121490062,0.155752863565112,0.0913821538932131,0.1092853556996,0.10421328039315,0.0816062525885106,0.0492356557672796,0.0158918484726
0.136565098407598,0.158164904100745,0.0932225211261453,0.111098361209238,0.105360942772542,0.081755665295054,0.0484263112110729,0.0144924202988692
0.138387316554979,0.160614298296608,0.0950958558457258,0.112930356320621,0.106499538973869,0.0818688931336585,0.0475690690462469,0.0130563542934866
0.140229900097185,0.163101624623881,0.0970026066355005,0.114781126475965,0.107628075612091,0.081944673916831,0.0466632863715998,0.0115843736164985
0.142092971126845,0.165627470512139,0.0989432232262172,0.116650437400925,0.108745529693161,0.0819817368473995,0.045708361487158,0.0100772917677709
0.143976649574643,0.168192432488087,0.100918156298249,0.118538034497835,0.10985084849728,0.0819788039168011,0.0447037368902838,0.00853601527030725
0.145881053118582,0.170797116316441,0.102927857276083,0.120443642231713,0.110942949527353,0.0819345913866909,0.0436489023355937,0.00696154627089546
0.147806297092138,0.173442137142991,0.10497277811489,0.122366963517212,0.112020720317479,0.0818478113555089,0.0425433979566801,0.00535498504352037
0.149752494391347,0.176128119639876,0.107053371079197,0.124307679168178,0.113083018424504,0.0817171734116413,0.0413868174476343,0.00371753238097745
0.151719755380855,0.178855698153118,0.10917008851368,0.126265447179634,0.114128671416068,0.0815413863741131,0.0401788113023659,0.00205049186012886
0.153708187798989,0.181625516852431,0.111323382606078,0.128239902161216,0.115156476902329,0.0813191601385303,0.0389190901097156,0.000355271966236399
0.155717896661879,0.184438229883355,0.113513705142261,0.130230654717645,0.116165202613552,0.0810492076142739,0.0376074279023578,-0.00136661193818889
0.157748984166684,0.187294501521745,0.115741507253469,0.132237290807706,0.117153586524883,0.080730246696361,0.0362436655574864,-0.00311353581458602
0.159801549593977,0.190195006330651,0.118007239155723,0.134259371106801,0.118120337029655,0.0803610023878895,0.0348277141945401,-0.00488376532880361
0.161875689209331,0.193140429319633,0.120311349881434,0.13629643037333,0.119064133162536,0.0799402090163621,0.0333595585103422,-0.00667545442533026
0.163971496164173,0.196131466106534,0.122654287003232,0.138347976819199,0.119983624873877,0.0794666125367364,0.0318392603228452,-0.00848664414275169
0.16608906039595,0.199168823081768,0.125036496350018,0.140413491484714,0.120877433356562,0.0789389729222892,0.030266962003917,-0.0103152616365964
0.16822846852768,0.202253217575142,0.127458421715265,0.142492427618145,0.121744151426723,0.078356066644383,0.0286428899434923,-0.0121591194942635
0.170389803766947,0.205385378025273,0.129920504550555,0.144584210060245,0.122582343959625,0.0777166892422224,0.026967358004068,-0.014015915300444
0.172573145804397,0.208566044151621,0.13242318359974,0.146688234633985,0.123390548382069,0.0770196579836869,0.0252407709544388,-0.015883231474506
0.174778570711818,0.211795967129184,0.134966894628297,0.148803867539792,0.124167275239247,0.0762638146183308,0.0234636278732995,-0.0177585354064678
0.177006150839863,0.215075909765908,0.137552070093349,0.15093044475657,0.12491100889022,0.0754480282236337,0.0216365255133425,-0.0196391799181758
0.179255954715495,0.218406646682836,0.140179138797623,0.153067271448766,0.12562020814755,0.0745711981455933,0.0197601616164825,-0.0215224040763037
0.181528046939225,0.221788964497047,0.142848525540251,0.155213621379773,0.126293307057557,0.0736322570347469,0.0178353381708354,-0.0234053343837922
0.183822488082235,0.225223662007434,0.145560650759238,0.157368736331945,0.126928715744078,0.072630173978707,0.01586296460008,-0.0252849863763502
0.186139334583451,0.228711550383358,0.148315930165629,0.159531825533491,0.127524821323252,0.0715639577323031,0.013844060875833,-0.0271582665964395
0.188478638646651,0.232253453356214,0.151114774369422,0.161702065092531,0.128079988894541,0.0704326600464143,0.0117797605436671,-0.0290219747285729
0.190840448137719,0.235850207413976,0.153957588497283,0.163878597438599,0.128592562609679,0.0692353790756646,0.00967131358156642,-0.0308728065086464
0.193224806482094,0.239502661998748,0.156844771802079,0.166060530771851,0.129060866821219,0.067971262473063,0.00752008909639248,-0.0327073569140266
0.195631752562544,0.243211679707379,0.159776717264302,0.168246938520273,0.12948320731235,0.0666395110922485,0.00532757803080751,-0.0345221238559528
0.198061320617333,0.246978136495175,0.162753811185401,0.170436858809626,0.129857872609673,0.0652393826272751,0.00309539559507557,-0.0363135123128795
0.200513540138887,0.250802921882779,0.16577643277309,0.172629294354651,0.130183135380606,0.0637701951930675,0.000825283543184829,-0.0380778389204628
0.202988435773061,0.254686939166247,0.168844953718656,0.174823211859697,0.130457253917092,0.0622313310219102,-0.00148088772819598,-0.0398113370506172
0.205486027219104,0.258631105630373,0.171959737766311,0.177017541366854,0.1306784737073,0.060622240204084,-0.0038211172790377,-0.0415101624120751
0.208006329130415,0.262636352765333,0.175121140274652,0.179211175983548,0.130845029096978,0.0589424444685089,-0.00619327194465845,-0.0431703992048822
0.210549351016225,0.266703626486666,0.178329507770244,0.181402971495522,0.130955145038415,0.0571915409992578,-0.00859508489492272,-0.0447880668612556
0.213115097144269,0.270833887358673,0.18158517749339,0.183591746010384,0.131007038944112,0.0553692062837996,-0.0110241544550426,-0.0463591273164733
0.215703566444604,0.275028110821274,0.184888476936119,0.185776279632646,0.13099892263539,0.0534751999888323,-0.0134779432090923,-0.0478794924105417
0.218314752414639,0.279287287420375,0.188239723372446,0.187955314171134,0.130929004322576,0.0515093688595686,-0.0159537774073396,-0.0493450323351623
0.220948643025533,0.283612423041802,0.191639223380935,0.1901275528797,0.130795490747233,0.0494716506383354,-0.0184488466887595,-0.0507515844042071
0.223605220630034,0.288004539148867,0.195087272366143,0.192291660232117,0.13059658941551,0.0473620779983439,-0.0209602039805048,-0.0520949624649139
0.22628446187191,0.2924646730236,0.198584154118786,0.194446261732071,0.13033051091751,0.0451807824567802,-0.0234847659092774,-0.0533709667940253
0.228986337597068,0.296993878011722,0.20213014025667,0.196589943759156,0.129995471333973,0.0429279981030442,-0.0260193134973151,-0.0545753944759438
0.231710812766481,0.30159322377142,0.205725489767763,0.198721253451762,0.129589694731622,0.040604065550513,-0.0285604932800386,-0.0557040502876807
0.234457846371059,0.30626379652596,0.20937044851277,0.200838698627782,0.129111415748488,0.0382094357319903,-0.0311048188081118,-0.0567527581153755
0.23722739134856,0.311006699320223,0.213065248711599,0.20294074774402,0.128558882270539,0.0357446736449532,-0.033648672524064,-0.0577173729271628
0.240019394502683,0.315823052281208,0.216810108428612,0.205025829895212,0.127930358200951,0.0332104620413313,-0.0361883080446993,-0.0585937933271645
0.242833796424453,0.320713992882573,0.220605231056737,0.20709233485357,0.127224126323332,0.030607605040679,-0.0387198528805221,-0.0593779747153866
0.245670531416026,0.325680676213271,0.224450804800536,0.209138613151777,0.126438491260238,0.0279370316543743,-0.0412393116233998,-0.0600659425356015
0.248529527417036,0.330724275250346,0.228347002158334,0.211162976338694,0.125571782528303,0.0251997992084662,-0.0437425696336925,-0.0606538055174767
0.2514107059336,0.335845981135953,0.232293979403486,0.213163697155482,0.124622357691307,0.022397096652795,-0.0462253972580767,-0.0611377704773744
0.254313981970119,0.34104700345867,0.236291876064887,0.21513900972505,0.123588605612515,0.0195302477440168,-0.0486834546073437,-0.0615141567275193
0.257239263963975,0.346328570539166,0.240340814406815,0.217087109891061,0.122468949807603,0.0166007140901546,-0.051112296475402,-0.061779410979809
0.260186453723272,0.351691929720289,0.24444089890819,0.219006155582177,0.121261851879606,0.0136100980443004,-0.0535073778666639,-0.0619301225268099
0.263155446367722,0.357138347661656,0.248592215741368,0.220894267233961,0.119965814576755,0.0105601454350993,-0.0558640603783943,-0.0619630386787281
0.266146130272799,0.362669110638791,0.252794832250522,0.222749528269751,0.118579385537238,0.00745274810253135,-0.0581776188566563,-0.0618750804362169
0.269158387017298,0.368285524846912,0.257048796429754,0.224569985641778,0.117101160974752,0.00428994617369405,-0.0604432486602099,-0.0616633583785957
0.27219209133439,0.373988916709407,0.261354136400979,0.226353650433824,0.115529789267816,0.00107393025193742,-0.062656073405822,-0.0613251886022377
0.275247111066312,0.379780633191097,0.265710859891716,0.228098498526713,0.113863974688994,-0.00219295669981727,-0.0648111532236976,-0.0608581086438165
0.278323307122795,0.385662042116347,0.270118953712857,0.229802471327914,0.112102481178464,-0.00550821774058273,-0.0669034935517393,-0.0602598935730358
0.281420533443343,0.391634532492106,0.274578383236508,0.231463476566556,0.11024413615934,-0.00886920056983404,-0.0689280544973367,-0.059528571930385
0.284538636963485,0.397699514835943,0.279089091874004,0.23307938915514,0.108287834392113,-0.0122730964056496,-0.0708797607953941,-0.0586624415678167
0.287677457585087,0.403858421509172,0.283651000554186,0.234648052119239,0.106232541865595,-0.0157169391451106,-0.0727535123913039,-0.057660085305447
0.290836828150855,0.41011270705513,0.288264007210744,0.236167277596472,0.104077299721756,-0.0191976048295932,-0.0745441954785473,-0.0565203863334946
0.294016574423107,0.416463848542692,0.292927986552106,0.237634847906042,0.10182122821183,-0.0227118114376018,-0.0762466934021297,-0.0552425432886679
0.29721651506693,0.422913345915115,0.297642789367798,0.239048516690138,0.0994635306810719,-0.0262561190277815,-0.0778558990216111,-0.0538260849346106
0.300436461637816,0.429462722344274,0.302408242028733,0.240406010127093,0.0970034975795557,-0.0298269302547563,-0.0793667270885623,-0.0522708843743908
0.303676218573861,0.436113524590388,0.307224146099295,0.241705028193998,0.0944405104963849,-0.0334204912804297,-0.0807741271787766,-0.0505771727032929
0.306935583192618,0.44286732336732,0.312090277867667,0.242943246076286,0.0917740461864136,-0.0370328930400212,-0.0820730970296656,-0.0487455520484754
0.310214345692702,0.449725713713527,0.317006387891886,0.244118315533929,0.0890036803044069,-0.040660072543401,-0.0832586962666374,-0.0467770078494937
0.313512289160206,0.456690315368764,0.321972200561831,0.245227866402627,0.0861290915103984,-0.0442978151118073,-0.0843260605238461,-0.0446729203951475
0.316829189580019,0.463762773156609,0.326987413677325,0.246269508189659,0.0831500654072104,-0.0479417567412365,-0.0852704159647091,-0.0424350755114955
0.320164815852109,0.470944757372928,0.332051698042601,0.247240831733402,0.0800664984067536,-0.0515873869941807,-0.0860870942075879,-0.0400656742730943
0.323518929812844,0.478237964180342,0.337164697077275,0.248139410927679,0.0768784015715594,-0.0552300523025142,-0.0867715476620215,-0.0375673416095251
0.326891286261405,0.485644116008807,0.342326026444077,0.248962804512114,0.0735859043936741,-0.0588649596711384,-0.0873193648923623,-0.0349431337483262
0.330281632991346,0.493164961962403,0.347535273693521,0.249708557929686,0.0701892585023802,-0.0624871808098084,-0.0877262859716945,-0.0321965447418913
0.333689710827359,0.500802278232418,0.352791997925714,0.25037420525263,0.066688841292221,-0.0660916567205541,-0.0879882186746931,-0.0293315114725371
0.337115253667282,0.508557868516822,0.358095729469518,0.250957271177887,0.0630851594627935,-0.0696732027681192,-0.0881012544012247,-0.0263524173142106
0.340557988529381,0.516433564446256,0.363445969579259,0.251455273093257,0.0593788524617765,-0.0732265142608426,-0.088061684283448,-0.0232640943677125
0.344017635604959,0.5244312260166,0.368842190149193,0.251865723215446,0.0555706958226689,-0.0767461725693928,-0.0878660153301623,-0.0200718243040383
0.347493908316292,0.532552742028245,0.37428383344592,0.252186130801168,0.0516616043887019,-0.0802266518107837,-0.0875109865706684,-0.0167813376575315
0.350986513379927,0.540800030532173,0.379770311858961,0.252414004432492,0.0476526354143995,-0.0836623257534387,-0.0869935851604191,-0.0133988113959292
0.354495150875355,0.549175039282941,0.385301007669695,0.252546854377599,0.0435449915362484,-0.0870474747372115,-0.0863110624105083,-0.00993086459437174
0.358019514319054,0.557679746198679,0.390875272838861,0.252582195028122,0.0393400235752503,-0.0903762941365381,-0.0854609496052348,-0.00638455250293244
0.361559290743909,0.566316159828212,0.396492428812814,0.252517547414263,0.0350392330316615,-0.0936429026138849,-0.0844410735444752,-0.00276735933728981
0.365114160784002,0.57508631982542,0.402151766348771,0.252350441798499,0.0306442746565354,-0.0968413510570078,-0.0832495719150111,0.000912811495100139
0.368683798764749,0.583992297430943,0.407852545359203,0.25207841993158,0.0261569587393834,-0.099965631908503,-0.0818849082315846,0.00464764882542942
0.37226787279837,0.593036195961333,0.413593994775621,0.251699037647025,0.0215792531505266,-0.10300968889854,-0.0803458863911144,0.00842844703104439
0.375866044884655,0.602220151305808,0.419375312431924,0.251209867877309,0.0169132851982872,-0.10596742719962,-0.0786316647599176,0.0122461211039805
0.379477971016996,0.611546332430673,0.425195665293079,0.250608503217572,0.0121613432840005,-0.1088327240222,-0.0767417697157541,0.0160912236607594
0.38310330129363,0.621016941891561,0.431054189583307,0.249892558723876,0.00732587833986567,-0.111599439670021,-0.074676108566509,0.0199539640744469
0.386741680034058,0.630634216353619,0.436949990287791,0.249059674738486,0.00240950503465107,-0.114261429073987,-0.0724349817750248,0.0238242299099692
0.390392745900564,0.640400427119728,0.442882141345801,0.248107519741427,-0.0025849972677134,-0.116812553823433,-0.0700190945144961,0.0276916099176967
0.394056132024769,0.650317880666921,0.448849685725343,0.247033793227552,-0.0076546838116398,-0.119246694519455,-0.0674295673880487,0.0315454181001554
0.397731466139165,0.660388919191099,0.454851635525599,0.245836228608372,-0.0127964440304649,-0.121557762466793,-0.0646679462652262,0.0353747210769374
0.401418370713519,0.670615921160188,0.460886972107886,0.244512596137879,-0.0180070014190798,-0.123739713120098,-0.0617362111475907,0.0391683666264317
0.405116463096082,0.681001301875855,0.46695464625565,0.243060705861635,-0.0232829137135898,-0.125786559193581,-0.0586367841036823,0.0429150140413827
0.408825355659487,0.691547514043931,0.473053578364037,0.241478410588327,-0.0286205733926269,-0.127692384082082,-0.0553725361796583,0.0466031660699302
0.412544655951257,0.702257048353665,0.479182658659562,0.239763608883085,-0.0340162082009789,-0.12945135552581,-0.0519467931710242,0.0502212025476989
0.416273966848785,0.713132434065947,0.48534074745041,0.237914248081755,-0.0394658821366354,-0.131057739455839,-0.0483633401408538,0.0537574158266107
0.420012886718688,0.724176239610635,0.491526675407892,0.235928327325414,-0.0449654969186855,-0.132505914013098,-0.0446264245960294,0.0572000479816563
0.423761009580404,0.735391073193149,0.497739243879589,0.233803900614345,-0.0505107935674153,-0.133790383733605,-0.0407407587569578,0.0605373283230506
0.427517925273903,0.746779583410446,0.503977225234712,0.231539079880721,-0.0560973544377562,-0.134905793892689,-0.0367115203217276,0.0637575128615718
0.431283219631368,0.758344459876526,0.510239363242207,0.22913203781906,-0.0617206055291165,-0.135846945000943,-0.0325443517761558,0.0668489249845521
0.435056474652713,0.770088433857653,0.516524373482133,0.226581010572535,-0.0673758190886233,-0.136608807352554,-0.0282453582498191,0.0697999970089024
0.43883726868478,0.782014278917382,0.522830943790844,0.223884301125276,-0.0730581165247844,-0.137186535054675,-0.0238211040384402,0.0725993124719966
0.442625176604055,0.794124811571593,0.529157734740496,0.221040282064522,-0.0787624716485965,-0.137575480676329,-0.0192786077415211,0.0752356490521625
0.446419770002755,0.806422891953669,0.535503380153421,0.218047398483606,-0.0844837142591263,-0.137771209573664,-0.0146253358801804,0.0776980220959218
0.450220617378108,0.818911424489968,0.541866487651892,0.21490417084142,-0.0902165340905743,-0.137769514078302,-0.00986919486016795,0.0799757287291119
0.454027284324649,0.831593358585752,0.54824563924379,0.211609197771691,-0.0959554851378476,-0.137566427540627,-0.00501852114501682,0.0820583924378882
0.45783933372937,0.844471689321759,0.554639391944738,0.208161158838657,-0.101694990377668,-0.137158238166894,-8.20698964142709e-05,0.0839360066001225
0.461656325969526,0.85754945816154,0.561046278437197,0.204558817235758,-0.107429346902225,-0.136541502613237,0.00493099681791973,0.0855989785761198
0.465477819112918,0.870829753669755,0.567464807767069,0.200801022423939,-0.113152731162139,-0.135713059299638,0.010011124787006,0.0870381735318696
0.469303369120461,0.884315712241607,0.573893466078334,0.196886712706178,-0.118859203683978,-0.13467004140694,0.0151483834368579,0.0882449574205059
0.473132530050838,0.898010518843553,0.580330717386253,0.192814917734829,-0.124542715845688,-0.133409889474614,0.0203324832445877,0.0892112392830339
0.476964854267046,0.911917407765502,0.586775004389649,0.188584760948407,-0.130197115913158,-0.131930363541583,0.0255527945040888,0.0899295125841768
0.480799892644633,0.92603966338464,0.593224749309485,0.18419546193439,-0.135816155549959,-0.130229554904479,0.0307983675259291,0.0903928953753119
0.484637194781412,0.940380620941119,0.599678354170454,0.179646338714672,-0.141393496632176,-0.128305897312423,0.0360579543809768,0.0905951690857619
0.488476309208461,0.954943667325723,0.606134202027917,0.174936809950246,-0.146922718342369,-0.126158177634008,0.0413200322972595,0.0905308157605246
0.492316783602179,0.969732241879747,0.612590658098511,0.170066397061746,-0.15239732454781,-0.123785545942983,0.0465728287858871,0.0901950535027556
0.49615816499721,0.98474983720727,0.619046070503745,0.165034726073362,-0.157810751468149,-0.121187524968278,0.0518043470166251,0.089583869961371
0.5,1,0.625498771218848,0.159841529400573,-0.163156375637651,-0.118364018854025,0.0570023927764027,0.0886940536651304
0.50384183500279,1.01548633187488,0.63194707705013,0.154486647817092,-0.168427522047837,-0.115315321218609,0.0621546033547903,0.0875232229840351
0.507683216397821,1.03121249022471,0.638389290626512,0.148970032016587,-0.173617472433928,-0.112042122551948,0.0672484769262277,0.0860698525989427
0.511523690791539,1.04718218908185,0.644823701431001,0.143291744135012,-0.178719473968482,-0.108545516696842,0.0722714031370399,0.0843332969653701
0.515362805218587,1.06339919999544,0.65124858684983,0.137451959146889,-0.18372674803628,-0.104827006621418,0.0772106946627291,0.0823138124248573
0.519200107355367,1.07986735292205,0.657662213237288,0.131450966097301,-0.188632499250869,-0.10088850933688,0.082053619680068,0.0800125734816056
0.523035145732954,1.09659053713025,0.664062837003715,0.125289169161914,-0.193429924584533,-0.0967323599197338,0.086787434858617,0.0774316878788536
0.526867469949162,1.11357270211911,0.670448705724584,0.118967089163453,-0.198112222489041,-0.0923613146179215,0.0913994195958381,0.0745742087050821
0.530696630879539,1.13081785855094,0.676818059268608,0.11248536387582,-0.202672602658657,-0.0877785529366714,0.0958769103967606,0.0714441424179546
0.534522180887082,1.1483300791985,0.683169130942824,0.105844748753281,-0.207104295508707,-0.0829876797398472,0.100207335726371,0.0680464530903453
0.538343674030474,1.16611349990688,0.68950014865256,0.0990461175959936,-0.211400561758462,-0.077992724487787,0.104378251326102,0.0643870631828132
0.54216066627063,1.18417232057022,0.695809336090041,0.0920904630322052,-0.215554702132209,-0.0727981407749562,0.108377375822348,0.0604728509346252
0.545972715675351,1.20251080612362,0.702094914214579,0.0849788968221711,-0.219560067146406,-0.0674088049955438,0.112192626454895,0.0563116444060632
0.549779382621892,1.22113328755038,0.70835510163133,0.0777126499888077,-0.22341006695081,-0.0618300137915117,0.115812154750414,0.0519122113035755
0.553580229997245,1.24004416290485,0.714588116230099,0.0702930727801312,-0.227098181191491,-0.0560674803598419,0.119224381992073,0.0472842438574322
0.557374823395945,1.25924789835111,0.720792176628609,0.0627216344685063,-0.230617968863622,-0.050127329695709,0.12241803489184,0.0424383420841932
0.56116273131522,1.27874902921772,0.726965503348339,0.0549999229917297,-0.233963078121961,-0.0440160928483064,0.125382180172978,0.0373859925285478
0.564943525347287,1.29855216106887,0.733106320004937,0.0471296444409958,-0.237127256016829,-0.0377407002660696,0.128106259119839,0.0321395427749479
0.568716780368632,1.31866197079203,0.739212854510802,0.0391126224007705,-0.24010435814336,-0.0313084741284174,0.130580121579778,0.0267121722357133
0.572482074726097,1.3390832077025,0.745283340287399,0.0309507971455964,-0.242888358382601,-0.0247271198688887,0.132794059111045,0.021117859675454
0.576238990419596,1.35982069466507,0.751316017484878,0.0226462246988783,-0.245473358299025,-0.0180047170358694,0.134738837207867,0.0153713473003793
0.579987113281312,1.38087932923299,0.757309134206565,0.014201075629868,-0.247853596478948,-0.0111497074196688,0.136405726533938,0.00948810198153151
0.583726033151215,1.40226408480465,0.763260947735907,0.00561763364689534,-0.250023457773181,-0.00417088398803149,0.137786533095525,0.00348427100815622
0.587455344048743,1.42398001179817,0.769169725763438,-0.00310170478412869,-0.251977482348346,0.00292262126697347,0.138873627077127,-0.00262336316502329
0.591174644340513,1.44603223884407,0.775033747611325,-0.011954433201643,-0.253710374531506,0.010121350613667,0.13965997095827,-0.00881743144612343
0.594883536903918,1.46842597399659,0.780851305453096,-0.0209379368361393,-0.255217011432776,0.0174155348783835,0.140139145783675,-0.0150800300076739
0.598581629286481,1.4911665059636,0.786620705526081,-0.0300494943300847,-0.256492451330568,0.0247951086372832,0.140305374680337,-0.0213927749851159
0.602268533860835,1.51425920535567,0.79234026933418,-0.0392862796605985,-0.257531941804143,0.0322497261836636,0.140153546595873,-0.0277368593959168
0.605943867975231,1.5377095259544,0.798008334838492,-0.0486453642519428,-0.258330927598105,0.0397687781520562,0.139679237897979,-0.0340931120694147
0.609607254099436,1.5615230060005,0.80362325763341,-0.0581237192649224,-0.258885058203525,0.0473414087642934,0.138878731827623,-0.0404420583755904
0.613258319965942,1.58570526950169,0.809183412105723,-0.0677182180502452,-0.259190195061673,0.0549565339368959,0.137749035905513,-0.0467639836068265
0.61689669870637,1.61026202756094,0.814687192574322,-0.0774256387529322,-0.259242418469587,0.0626028592850093,0.136287897391402,-0.0530389973523537
0.620522028983004,1.63519907972527,0.820133014408062,-0.0872426670548575,-0.259038034927612,0.0702689004749847,0.134493816895792,-0.0592470987665832
0.624133955115345,1.6605223153554,0.825519315119375,-0.0971658990424779,-0.258573582384049,0.0779430027918996,0.132366059853745,-0.0653682431607862
0.62773212720163,1.68623771501664,0.830844555431171,-0.107191844186835,-0.25784583625688,0.0856133611715173,0.129904666598818,-0.0713824094629976
0.631316201235251,1.71235135189133,0.836107220314637,-0.117316928422913,-0.256851815130587,0.0932680408509177,0.127110459195783,-0.0772696680897882
0.634885839215998,1.73886939321313,0.841305819898603,-0.127537497315415,-0.255588785960044,0.10089499852399,0.123985045331727,-0.0830102487484185
0.638440709256091,1.7657981017235,0.846438890573857,-0.137849819298032,-0.25405426879582,0.108482103887996,0.120530821945665,-0.0885846082974115
0.641980485680946,1.79314383715083,0.851504996563918,-0.148250089037328,-0.252246041045264,0.116017161467423,0.116750976015054,-0.0939734984328206
0.645504849124645,1.82091305771235,0.856502730199829,-0.158734431302372,-0.250162141283723,0.12348793260131,0.112649482674452,-0.0991580318749421
0.649013486620073,1.84911232163939,0.861430712856899,-0.169298903345748,-0.247800872630267,0.130882157480259,0.108231100909383,-0.104119748501995
0.652506091683708,1.87774828872623,0.866287595905001,-0.179939499518723,-0.245160805702268,0.138187577265614,0.103501367068464,-0.108840680078168
0.655982364395041,1.90682772190294,0.871072061615543,-0.190652155135596,-0.242240781163197,0.145391956450504,0.0984665864338594,-0.113303413322573
0.659442011470619,1.93635748883256,0.875782824025758,-0.201432750126767,-0.239039911878011,0.152483105063137,0.0931338222556917,-0.11749115117462
0.662884746332718,1.96634456353303,0.880418629760916,-0.212277112796509,-0.235557584309259,0.159448900882405,0.0875108843475823,-0.121387772111301
0.666310289172641,1.99679602802428,0.884978258815083,-0.223181023672894,-0.231793460318364,0.166277311460205,0.0816063122152134,-0.124977887217774
0.669718367008654,2.02771907400071,0.88946052529104,-0.234140219437325,-0.227747477948285,0.172956415959314,0.0754293578231164,-0.128246895150682
0.673108713738595,2.05912100452971,0.893864278099994,-0.245150396921127,-0.223419850636783,0.179474426751928,0.0689899672672762,-0.131181034499418
0.676481070187156,2.0910092357764,0.898188401621688,-0.256207217156659,-0.218811067407238,0.185819710723672,0.062298759880507,-0.133767431332733
0.679835184147891,2.12339129875508,0.902431816325539,-0.267306309470382,-0.213921892466546,0.191980810227888,0.0553670050873587,-0.135994146138992
0.683170810419981,2.15627484110784,0.90659347935341,-0.278443275605333,-0.208753364224508,0.19794646363499,0.0482065973252943,-0.137850216892611
0.686487710839794,2.1896676289107,0.910672385064656,-0.289613693860492,-0.203306793773627,0.203705625421711,0.0408300293488758,-0.13932569817504
0.689785654307298,2.2235775485077,0.914667565544045,-0.300813123234448,-0.197583762868242,0.209247485745015,0.033250364230472,-0.14041169657566
0.693064416807382,2.25801260837343,0.918578091073177,-0.312037107560838,-0.191586121441921,0.214561489368564,0.025481205586641,-0.141100402598013
0.696323781426139,2.29298094100437,0.922403070566036,-0.323281179623026,-0.185315984702027,0.219637354193862,0.0175366675527099,-0.1413851188816
0.699563538362184,2.32849080483955,0.926141651969266,-0.334540865235442,-0.178775729840392,0.224465089398527,0.00943134104203748,-0.141260285335775
0.70278348493307,2.3645505862109,0.929793022627818,-0.345811687279047,-0.171967992399024,0.229035011738934,0.00118026000439288,-0.140721498782247
0.705983425576893,2.40116880132391,0.933356409616576,-0.357089169760228,-0.164895662329742,0.233337762178761,-0.00720113269086469,-0.139765528267814
0.709163171849145,2.43835409826883,0.936831080038572,-0.368368842056699,-0.15756187906702,0.237364321673515,-0.0156970207692857,-0.138390328394924
0.712322542414913,2.4761152590631,0.940216341290431,-0.379646242790719,-0.149970028042833,0.241106026026992,-0.0242912511880353,-0.13659504761418
0.715461363036515,2.51446120172541,0.943511541005789,-0.390916923766399,-0.142123734844834,0.244554579840153,-0.0329673716193301,-0.134380031891849
0.718579466556657,2.55340098238185,0.946716067584104,-0.402176453912813,-0.134026858804533,0.247702069572919,-0.0417086685051037,-0.131746824249804
0.721676692877205,2.59294379740467,0.949829350576173,-0.413420423165793,-0.125683487555083,0.250540975739392,-0.0504982054074351,-0.128698160651884
0.724752888933688,2.6330989855842,0.952850860167449,-0.424644446284841,-0.117097931118196,0.253064184256984,-0.0593188615933095,-0.12523796173477
0.72780790866561,2.67387603033437,0.955780107299843,-0.435844166601592,-0.10827471556553,0.255264996943694,-0.068153371004339,-0.121371322506173
0.730841612982702,2.71528456193242,0.958616643743607,-0.447015259696214,-0.0992185762999543,0.257137140812009,-0.0769843613846259,-0.117104493754741
0.733853869727201,2.75733435979325,0.961360062116295,-0.458153436998199,-0.0899344510020583,0.258674777597581,-0.0857943936882776,-0.112444862955874
0.736844553632278,2.80003535477903,0.964009995851305,-0.46925444930796,-0.0804274722872566,0.259872510178137,-0.0945660009189076,-0.10740093190762
0.739813546276728,2.84339763154455,0.96656611911854,-0.480314090235638,-0.0707029601189022,0.260725389292396,-0.103281726796757,-0.101982289940277
0.742760736036025,2.8874314309189,0.9690281466997,-0.491328199553564,-0.060766414022764,0.26122891955937,-0.111924164133852,-0.0961995833256792
0.745686018029881,2.93214715232408,0.971395833820739,-0.502292666458781,-0.0506235051482366,0.261379064303695,-0.120475992784751,-0.0900644815121264
0.7485892940664,2.97755535623096,0.973668975943992,-0.51320343274206,-0.0402800682216786,0.261172249263727,-0.12892001704039,-0.0835896407871016
0.751470472582964,3.02366676665339,0.975847408522509,-0.524056495859814,-0.0297420934200457,0.260605365259179,-0.137239202332589,-0.0767886649242879
0.754329468583974,3.07049227368084,0.977931006719113,-0.534847911905357,-0.0190157175321358,0.25967576989503,-0.145416711116753,-0.0696760646247757
0.757166203575547,3.11804293605033,0.9799196850927,-0.545573798475903,-0.00810721652293891,0.258381288378488,-0.153435937657555,-0.0622672108163712
0.759980605497317,3.16632998375813,0.981813397254306,-0.556230337190172,0.00297700388969408,0.25672021352573,-0.161280542236516,-0.0545782882442844
0.76277260865144,3.215364820712,0.983612135495471,-0.566813776575507,0.0142304173082946,0.25469130446754,-0.168934485096685,-0.0466262473652154
0.765542153628941,3.26515902742438,0.985315930391402,-0.57732043539005,0.0256463852458167,0.252293785875992,-0.176382056494507,-0.0384287536582598
0.768289187233519,3.31572436374734,0.986924850381482,-0.587746703864141,0.0372181658375231,0.249527344452098,-0.183607907870798,-0.030004134896649
0.771013662402932,3.36707277164996,0.988439001329626,-0.598089046115441,0.048938922646383,0.246392124470487,-0.190597081611703,-0.0213713269243379
0.77371553812809,3.41921637803861,0.989858526067016,-0.608344002464797,0.0608017335336056,0.242888723869764,-0.197335039173724,-0.0125498184814816
0.776394779369966,3.47216749762096,0.991183603918814,-0.618508191591679,0.0727995995659833,0.2390181892431,-0.20380768762122,-0.00355959523578673
0.779051356974467,3.5259386358143,0.992414449905085,-0.628578312534793,0.0849254539316788,0.234782009829373,-0.210001404624733,0.00557891682223413
0.781685247585361,3.58054249169899,0.993551314681291,-0.638551146543458,0.0971721708361305,0.230182110608067,-0.215903061968534,0.0148449091733957
0.784296433555396,3.63599196101756,0.994594483869391,-0.648423558785349,0.1095325743497,0.225220844601228,-0.221500047615749,0.0242172493222681
0.786884902855731,3.69230013922028,0.995544277146598,-0.658192499916185,0.121999447178728,0.219900984485684,-0.226780286378648,0.0336745384108016
0.789450648983775,3.74948032455792,0.996401047682078,-0.667855007516991,0.134565539331658,0.21422571361881,-0.23173225886427,0.0431951690689227
0.791993670869585,3.80754602122238,0.997165181542467,-0.6774082074045,0.147223576651856,0.20819861658107,-0.236345018943878,0.0527573832340632
0.794513972780897,3.86651094253591,0.997837097068549,-0.686849314820296,0.159966269187547,0.201823669011874,-0.240608209027455,0.0623393296434883
0.797011564226939,3.92638901418989,0.998417244225459,-0.696175635504316,0.172786319431355,0.195105227180894,-0.244512074113492,0.0719191207032876
0.799486459861113,3.98719437753353,0.998906103928729,-0.70538456665828,0.18567643100047,0.188048016876496,-0.248047474347002,0.0814748884378665
0.801938679382667,4.04894139291368,0.999304187348555,-0.71447359780465,0.198629316362644,0.180657120786994,-0.251205895724296,0.0909848390948346
0.804368247437456,4.11164464306629,0.999612035194604,-0.723440311546741,0.211637704646569,0.172937966707286,-0.253979459061048,0.100427307358378
0.806775193517906,4.17531893656041,0.999830216983736,-0.732282384235539,0.224694349451525,0.164896315179521,-0.256360927340162,0.109780809366003
0.809159551862281,4.23997931129546,0.999959330292961,-0.740997586411244,0.237792036448538,0.156538246611794,-0.25834371153306,0.119024092330895
0.811521361353349,4.30564103805282,1,-0.749583782730033,0.250923590770504,0.147870147959452,-0.259921874818874,0.128136184648265
0.813860665416549,4.37231962410222,0.999952877513783,-0.75803893395697,0.264081884188695,0.138898699053563,-0.261090135544972,0.13709644401952
0.816177511917765,4.44003081686413,0.999818639997237,-0.766361095691573,0.277259842073114,0.129630858661086,-0.261843867707528,0.145884603459724
0.818471953060775,4.5087906076288,0.999597989584713,-0.774548418310498,0.290450450134126,0.120073850361328,-0.262179100780319,0.154480815210065
0.820744045284506,4.57861523533289,0.999291652596394,-0.782599147091734,0.303646760942831,0.110235148323204,-0.262092518011922,0.162865692577064
0.822993849160137,4.64952119039465,0.998900378752031,-0.790511622192804,0.316841900227604,0.100122462883428,-0.261581453109464,0.171020349720217
0.825221429288182,4.7215252186084,0.998424940386365,-0.798284278491515,0.33002907294425,0.089743726024337,-0.260643885464283,0.178926439409809
0.827426854195603,4.7946443250994,0.997866131668561,-0.805915645297793,0.343201569117229,0.0791070774998025,-0.25927843407483,0.18656618850623
0.829610196233053,4.86889577833992,0.997224767815096,-0.813404345945117,0.356352769449384,0.0682208490223034,-0.257484350267854,0.193922431452837
0.83177153147232,4.9442971142275,0.996501684024076,-0.82074909727008,0.369476150695272,0.0570935497422481,-0.255261509180506,0.200978640800774
0.83391093960405,5.02086614022645,0.995697735246834,-0.827948708988628,0.382565290206148,0.0457338517734952,-0.252610400693688,0.207718955034635
0.836028503835827,5.09862093957337,0.994813795131615,-0.835002082977473,0.395613872241507,0.0341505756837544,-0.249532117572026,0.214128205130242
0.838124310790669,5.17757987554783,0.993850755047624,-0.841908212469233,0.408615691856224,0.0223526759941157,-0.246028343913295,0.220191938283799
0.840198450406023,5.25776159580927,0.99280952331488,-0.848666181169817,0.421564658540008,0.0103492267319504,-0.242101342574432,0.225896438958084
0.842251015833316,5.339185036801,0.991691024432045,-0.855275162306584,0.434454800576382,-0.00185059291853463,-0.237753941431466,0.231228747429921
0.844282103338121,5.4218694282223,0.990496198303294,-0.861734417615808,0.447280269064718,-0.0142375128238438,-0.232989518632844,0.236176676023232
0.846291812201011,5.50583429757003,0.989225999465275,-0.868043296277976,0.460035341619831,-0.0268021859225972,-0.227811987005593,0.240728823118832
0.848280244619145,5.59109947475032,0.987881396315238,-0.874201233809442,0.472714425763573,-0.0395352020165108,-0.222225777773811,0.244874584852716
0.850247505608653,5.67768509676178,0.986463370341361,-0.880207750918972,0.485312062022914,-0.0524271012867054,-0.216235823727625,0.248604164501469
0.852193702907862,5.76561161245131,0.984972915356372,-0.886062452198984,0.497822926748999,-0.0654683874911044,-0.2098475415392,0.251908578714397
0.854118946881418,5.85489978734341,0.983411036735485,-0.891765024545973,0.510241834671632,-0.078649540647279,-0.20306681457984,0.254779662666147
0.856023350425357,5.9455707085444,0.98177875065974,-0.897315236742461,0.522563741203667,-0.0919610306332874,-0.195899973260418,0.257210072756123
0.857907028873155,6.03764578972249,0.980077083365794,-0.902712937173982,0.534783744509788,-0.105393329286632,-0.188353776030572,0.259193286942959
0.859770099902815,6.13114677616512,0.978307070403213,-0.90795805234566,0.546897087354155,-0.118936921952267,-0.180435390313733,0.260723602953436
0.861612683445021,6.22609574991444,0.97646975590035,-0.913050585460819,0.558899158741365,-0.132582319447506,-0.172152372928692,0.261796134605192
0.863434901592402,6.32251513498241,0.974566191839833,-0.917990614936678,0.570785495365231,-0.146320069603503,-0.163512650113666,0.262406806321123
0.865236878509938,6.42042770264672,0.97259743734476,-0.922778292863078,0.582551782879846,-0.160140768386534,-0.154524497268922,0.262552346030736
0.867018740346543,6.5198565768286,0.970564557976621,-0.927413843410102,0.594193856420852,-0.174035070603376,-0.145196518533942,0.262230275837218
0.868780615147852,6.62082523955401,0.968468625046046,-0.93189756119051,0.605707702045311,-0.187993700195115,-0.135537626315174,0.261438900927053
0.870522632770248,6.72335753649934,0.966310714937403,-0.936229809582914,0.617089457971139,-0.202007460123713,-0.125557020880347,0.260177297566024
0.872244924796146,6.82747768262307,0.964091908448327,-0.94041101902156,0.628335413282196,-0.216067241855647,-0.115264169889222,0.258445299322986
0.873947624450567,6.93321026788452,0.961813290145229,-0.944441685258657,0.639442008330543,-0.230164034446935,-0.104668788219813,0.256243481727376
0.875630866519015,7.04058026305132,0.959475947735853,-0.948322367605136,0.650405834903784,-0.244288933233901,-0.0937808177965068,0.253573145590777
0.87729478726669,7.14961302559669,0.957080971459926,-0.952053687155757,0.661223636137755,-0.258433148133966,-0.082610406821184,0.250436299222741
0.878939524359032,7.26033430568807,0.954629453448444,-0.955636325004463,0.671892306191739,-0.272588011560798,-0.0711678899848846,0.246835639408956
0.88056521678365,7.37277025226855,0.952122487099716,-0.959071020455889,0.682408889703387,-0.286744985958168,-0.0594637688550045,0.242774532211801
0.882172004773603,7.48694741923244,0.949561166549931,-0.962358569238928,0.692770581040466,-0.300895670393117,-0.0475086924647037,0.238256991287034
0.883760029732092,7.60289277169648,0.946946586069831,-0.965499821728267,0.702974723366627,-0.315031808240249,-0.0353134381502181,0.233287655985668
0.885329434158534,7.72063369236811,0.944279839508624,-0.968495681179788,0.713018807538328,-0.329145293416691,-0.0228888926818076,0.227871769248091
0.886880361576062,7.84019798801252,0.941562019752202,-0.971347101823793,0.722900470850106,-0.343228174958459,-0.0102460337340289,0.222015154543897
0.888412956460426,7.96161389601969,0.938794218195607,-0.974055086968218,0.732617495645313,-0.357272662802409,0.00260408825892554,0.215724192043808
0.889927364170328,8.08491009107312,0.935977524229754,-0.976620687964856,0.742167807809518,-0.371271133057766,0.0156503678171215,0.209005794210072
0.891423730879182,8.21011569192206,0.93311302474243,-0.979045001707276,0.75154947516371,-0.385216132782812,0.0288816616523105,0.201867380991686
0.892902203508297,8.33726026825837,0.930201803633576,-0.981329168835366,0.760760705774474,-0.39910038429284,0.0422868053830605,0.19431685481085
0.894362929661501,8.46637384769988,0.92724494134489,-0.9834743720031,0.76979984619829,-0.412916789025494,0.055854629425548,0.186362575181827
0.895806057561192,8.59748692288219,0.924243514403738,-0.985481834150028,0.778665379514993,-0.426658430989642,0.0695739759474233,0.17801333374241
0.897231735985818,8.73063045865992,0.921198594981417,-0.98735281677852,0.787355922983378,-0.440318579823866,0.0834337135196122,0.169278328356851
0.89864011420879,8.86583589941968,0.918111250465773,-0.989088618238829,0.795870226977094,-0.453890693490714,0.0974227513409048,0.160167136876094
0.900031341938812,9.00313517650634,0.914982543048186,-0.990690572024021,0.804207171718913,-0.467368420632838,0.111530053730694,0.150689691836135
0.901405569261642,9.14256071576416,0.911813529324949,-0.992160045076832,0.812365764979838,-0.480745602617117,0.12574465396262,0.14085625507825
0.902762946583253,9.28414544519475,0.908605259913058,-0.993498436110505,0.820345139824678,-0.494016275292902,0.140055667455427,0.130677392383452
0.904103624574412,9.42792280273371,0.905358779080415,-0.994707173945658,0.82814455225301,-0.507174670490514,0.15445230433734,0.120163948220715
0.905427754116656,9.57392674414763,0.90207512439048,-0.995787715865242,0.835763378746253,-0.52021521665105,0.168923881400218,0.109327020708541
0.90673548624965,9.72219175105332,0.898755326361372,-0.996741545989636,0.8432011137316,-0.533132540314281,0.183459833459806,0.0981779368894008
0.908026972119939,9.87275283906137,0.895400408139444,-0.99757017367395,0.850457366973548,-0.545921467430644,0.198049724138378,0.0867282284165953
0.909302362931059,10.0256455660458,0.892011385187353,-0.998275131929564,0.857531860903757,-0.558577021621382,0.212683256086034,0.0749896077530445
0.910561809895008,10.1809060405415,0.888589264993616,-0.998857975871982,0.864424427899978,-0.571094424414407,0.227350280656982,0.0629739448142349
0.911805464185072,10.3385709302723,0.885135046764544,-0.999320281197046,0.871135007524788,-0.583469095162037,0.242040807057064,0.0506932438526131
0.913033476889972,10.4986774708105,0.881649721143606,-0.999663642687556,0.877663643734872,-0.595696650612438,0.256745010978848,0.0381596210941074
0.91424599896934,10.6612634743709,0.878134269978425,-0.999889672752366,0.884010482071591,-0.607772904160488,0.271453242023127,0.0253852828187086
0.915443181210495,10.8263673387405,0.874589666071048,-1,0.890175766843555,-0.619693864803855,0.286156032574155,0.0123825040278395
0.916625174186518,10.9940280563477,0.87101687294131,-0.999996267848844,0.896159838311974,-0.631455735830058,0.300844104164848,-0.000836392271608368
0.917792128215592,11.1642852234701,0.867416844603371,-0.999880133175969,0.901963129889489,-0.643054913260248,0.315508372727553,-0.0142590551514971
0.918944193321608,11.3371790495866,0.863790525355126,-0.999653264996318,0.907586165337514,-0.654487984075492,0.330139954837469,-0.0278731251998933
0.920081519196017,11.5127503668734,0.860138849580188,-0.999317343061154,0.913029555496104,-0.66575172425133,0.344730173292799,-0.0416662532967157
0.921204255160906,11.6910406398475,0.856462741562153,-0.99887405660904,0.918293996434324,-0.676843096626345,0.359270562068445,-0.0556261187125059
0.922312550133278,11.8720919751589,0.852763115310843,-0.998325103141109,0.923380266071198,-0.68775924863053,0.373752870680854,-0.0697404465152899
0.923406552590536,12.0559471315354,0.849040874400228,-0.997672187193985,0.928289221064284,-0.698497509899213,0.388169068001589,-0.0839970242696647
0.924486410537134,12.2426495298804,0.845296911817737,-0.99691701915144,0.933021794059249,-0.709055389798291,0.402511345557189,-0.0983837175199315
0.925552271472386,12.432243263528,0.841532109824651,-0.996061314089229,0.937578990941448,-0.719430574824387,0.416772120352891,-0.112888486530932
0.926604282359413,12.6247731086563,0.837747339827285,-0.995106790652861,0.941961888093279,-0.729620925278761,0.430944037257822,-0.127499399940611
0.927642589595209,12.820284534862,0.833943462258661,-0.994055169968066,0.946171629661096,-0.739624473530811,0.445019970989191,-0.142204647930173
0.928667338981811,13.0188237158993,0.830121326470373,-0.992908174583757,0.950209424835466,-0.749439420026163,0.458993027733082,-0.156992555718225
0.929678675698546,13.2204375405843,0.826281770634345,-0.991667527447218,0.954076545148542,-0.759064129947616,0.472856546439442,-0.171851596184984
0.930676744275346,13.425173623869,0.822425621654186,-0.990334950911312,0.957774321792341,-0.768497130124572,0.486604099576832,-0.186770401663744
0.931661688567101,13.6330803180861,0.818553695085847,-0.98891216577347,0.9613041429617,-0.777737105813762,0.500229493116575,-0.201737774936903
0.932633651729038,13.8442067243689,0.814666795067269,-0.987400890346225,0.964667451225701,-0.78678289736581,0.513726768986112,-0.216742699473761
0.933592776193108,14.058602704247,0.810765714256746,-0.985802839559067,0.967865740931334,-0.79563349679219,0.52709020236915,-0.23177434894738
0.934539203645355,14.2763188914221,0.806851233779683,-0.984119724091381,0.97090055564319,-0.804288044247098,0.540314301138211,-0.246822096067707
0.935473075004249,14.4974067037263,0.802924123190479,-0.982353249536242,0.973773485622952,-0.812745824438796,0.553393805303956,-0.261875520768247
0.936394530399969,14.7219183552654,0.79898514042432,-0.980505115594827,0.976486165352482,-0.821006262984964,0.566323686056029,-0.276924417783531
0.937303709154612,14.94990686875,0.795035031770234,-0.978577015301226,0.97904027110427,-0.8290689227266,0.579099144427573,-0.291958803654606
0.938200749763306,15.181426088018,0.79107453186207,-0.976570634277406,0.981437518563026,-0.836933500015019,0.591715609615616,-0.306968922971443
0.939085789876213,15.4165306907511,0.78710436366434,-0.974487650018105,0.983679660502212,-0.844599820986481,0.604168736989527,-0.321945253721842
0.939958966281406,15.6552762013874,0.783125238465563,-0.972329731207671,0.985768484519274,-0.852067837839001,0.6164544058197,-0.336878514507993
0.940820414888579,15.897719004235,0.779137855878851,-0.97009853707662,0.987705810829455,-0.859337625125869,0.628568716758649,-0.351759666642949
0.941670270713608,16.1439163567882,0.775142903849463,-0.967795716715839,0.989493489986969,-0.866409376080447,0.64050798910674,-0.366579918212691
0.942508667863907,16.3939264032498,0.771141058669089,-0.965422908520892,0.991133400737426,-0.873283398706437,0.652268757894684,-0.381330727864764
0.943335739524579,16.6478081882629,0.767132984996586,-0.962981739626225,0.992627447960472,-0.879960112239432,0.663847770815018,-0.396003807918625
0.944151617945348,16.9056216708557,0.763119335884914,-0.960473825353119,0.993977560598952,-0.886440043855535,0.675241985034747,-0.41059112684403
0.944956434428237,17.1674277386018,0.759100752814012,-0.957900768685683,0.995185689655199,-0.89272382427776,0.686448563921323,-0.42508491115373
0.94575031931598,17.4332882219999,0.755077865729354,-0.955264159774178,0.996253806238873,-0.898812184162128,0.697464873615135,-0.43947764675679
0.946533401981163,17.7032659090763,0.751051293085923,-0.952565575464931,0.997183899666113,-0.904705950509366,0.708288478927988,-0.45376207981884
0.947305810816052,17.9774245602135,0.747021641897348,-0.949806578856132,0.997977975609761,-0.910406043090558,0.718917140757885,-0.467931217175574
0.948067673223108,18.2558289232087,0.742989507789931,-0.946988718878769,0.99863805430041,-0.915913470891583,0.729348811166978,-0.481978326345761
0.948819115606168,18.5385447485646,0.73895547506133,-0.944113529902008,0.999166168778048,-0.92122932858114,0.73958162931506,-0.495896935190109
0.949560263362264,18.8256388050182,0.734920116743605,-0.941182531362262,0.999564363194055,-0.926354793007201,0.749613917551682,-0.509680831262279
0.950291240874079,19.1171788953094,0.730883994670395,-0.938197227415246,0.999834691163302,-0.931291119726688,0.759444177382289,-0.52332406089834
0.951012171503009,19.4132338721936,0.726847659547957,-0.935159106610287,0.999979214166139,-0.936039639573208,0.769071085324922,-0.536820927289531
0.95172317758282,19.7138736547031,0.722811651029792,-0.93206964158617,1,-0.940601755267655,0.778493488674037,-0.550165989760976
0.952424380413889,20.0191692446594,0.718776497796423,-0.928930288787786,0.999899121280408,-0.944978938076506,0.787710401187948,-0.563354062294576
0.953115900257993,20.3291927434416,0.714742717637054,-0.925742488202872,0.999678653991137,-0.949172724522616,0.796720998716464,-0.576380209289402
0.95379785633366,20.644017369015,0.710710817530024,-0.922507663118108,0.99934067608328,-0.953184713153354,0.805524614785251,-0.589239743345527
0.954470366812031,20.9637174732225,0.706681293738237,-0.919227219893853,0.998887266122998,-0.957016561370863,0.814120736153443,-0.601928222711326
0.955133548813255,21.2883685593441,0.702654631900827,-0.915902547767663,0.998320501987704,-0.960669982329302,0.822508998361062,-0.614441448395406
0.955787518403362,21.6180472999289,0.698631307127291,-0.912535018672219,0.997642459610435,-0.964146741903855,0.830689181282771,-0.626775460974809
0.956432390591634,21.9528315549025,0.694611784094297,-0.909125987004874,0.996855211781612,-0.967448655736348,0.838661204704513,-0.638926537131083
0.957068279328438,22.2928003899551,0.690596517144989,-0.905676789540125,0.995960826974157,-0.970577586352527,0.84642512393955,-0.650891185945869
0.957695297503507,22.6380340952145,0.686585950390666,-0.902188745295536,0.994961368175681,-0.973535440213451,0.853981125453087,-0.662666144987635
0.95831355694467,22.9886142042079,0.682580517814674,-0.898663155408677,0.993858891881348,-0.976324164959429,0.86132952208267,-0.674248376221164
0.958923168416995,23.3446235131179,0.678580643378371,-0.895101303030849,0.992655447059112,-0.978945746695918,0.868470749687455,-0.685635061771434
0.959524241622355,23.7061461003362,0.67458674112901,-0.891504453237002,0.991353074155429,-0.981402207315274,0.875405362120166,-0.696823599573515
0.960116885199378,24.0732673463205,0.670599215309408,-0.887873852951225,0.989953804145756,-0.983695601898831,0.882134026726075,-0.707811598940111
0.960701206723786,24.4460739537584,0.66661846046923,-0.884210730887205,0.988459657628672,-0.985828016186747,0.888657520150892,-0.718596876078372
0.961277312709111,24.8246539680442,0.662644861577769,-0.880516297503026,0.986872643962491,-0.987801564115272,0.894976724176401,-0.729177449587591
0.961845308607752,25.2090967980725,0.65867879413805,-0.876791744969722,0.985194760443204,-0.989618385421065,0.901092621588586,-0.739551535787653
0.962405298812396,25.5994932373535,0.654720624302128,-0.873038247152944,0.983427991522617,-0.991280643312193,0.907006292082989,-0.749717543675965
0.962957386657753,25.995935485456,0.650770708987425,-0.869256959607157,0.98157430806553,-0.992790522205442,0.912718908212038,-0.759674071012475
0.963501674422625,26.3985171697818,0.646829395993954,-0.865449019581728,0.979635666644811,-0.994150225529579,0.91823173137911,-0.769419898504098
0.964038263332278,26.8073333676779,0.642897024122303,-0.861615546038319,0.97761400887322,-0.995361973594201,0.92354610788405,-0.778953984934455
0.964567253561108,27.2224806288903,0.638973923292204,-0.85775763967895,0.975511260770837,-0.996428001523786,0.9286634650249,-0.78827546235226
0.965088744235601,27.6440569983669,0.635060414658764,-0.853876382984142,0.973329332166947,-0.997350557256605,0.933585307260592,-0.797383631203919
0.965602833437556,28.0721620394118,0.63115681072817,-0.849972840260507,0.971070116135226,-0.998131899608109,0.938313212439335,-0.806277955423586
0.966109618207582,28.5068968571996,0.627263415512231,-0.846048057697191,0.968735488461098,-0.998774296398431,0.942848828097443,-0.814958057493901
0.966609194548841,28.9483641226532,0.623380524617025,-0.842103063430551,0.966327307140104,-0.99928002264364,0.947193867833363,-0.823423713490698
0.967101657431038,29.3966680966916,0.619508425361026,-0.838138867616447,0.96384741192225,-0.99965135881037,0.951350107761623,-0.831674848124887
0.967587100794644,29.8519146548528,0.61564739689856,-0.834156462524165,0.961297623876868,-0.999890589133469,0.955319383051472,-0.83971152979478
0.968065617555335,30.3142113122985,0.611797710342871,-0.830156822608964,0.95867974490302,-1,0.959103584554929,-0.847533965662095
0.968537299608654,30.7836672492061,0.607959628888773,-0.826140904607473,0.955995557441864,-0.999981878406887,0.962704655529013,-0.855142496764903
0.969002237834871,31.2603933365533,0.604133407934854,-0.822109647663509,0.953246824124511,-0.999838510362765,0.966124588434792,-0.862537593180732
0.969460522104036,31.7445021623025,0.600319295205226,-0.818063973438096,0.950435287440862,-0.999572179523779,0.969365421664285,-0.869719849253107
0.969912241281224,32.2361080579908,0.596517530870764,-0.814004786226244,0.947562669436705,-0.999185165817533,0.972429236512391,-0.87668997889475
0.970357483231954,32.7353271257315,0.592728347669836,-0.80993297308014,0.944630671438059,-0.998679744101986,0.975318154197606,-0.883448810954723
0.970796334827776,33.2422772656334,0.588951971028478,-0.805849403938441,0.94164097380175,-0.998058182882863,0.978034332932136,-0.889997284290972
0.971228881952019,33.7570782036459,0.585188619179996,-0.801754931761303,0.938595235691206,-0.997322743088053,0.980579965078039,-0.896336443924473
0.971655209505692,34.2798515198339,0.581438503283968,-0.797650392670831,0.935495094876453,-0.996475676897457,0.982957274384753,-0.902467436154407
0.97207540141353,34.8107206770918,0.577701827544618,-0.79353660609661,0.932342167557313,-0.995519226626785,0.985168513307172,-0.908391503954455
0.972489540630178,35.3498110503011,0.573978789328533,-0.789414374925964,0.929138048208771,-0.994455623663751,0.987215960403463,-0.91410998266226
0.972897709146505,35.8972499559405,0.570269579281699,-0.785284485658627,0.925884309447507,-0.993287087455162,0.989101917811781,-0.919624295738208
0.973299987996035,36.4531666821538,0.566574381445837,-0.781147708565483,0.92258250191859,-0.992015824543368,0.990828708805063,-0.924935950595487
0.973696457261504,37.017692519284,0.562893373373992,-0.777004797851021,0.919234154201293,-0.99064402765055,0.992398675423063,-0.930046534503346
0.974087196081516,37.59096079088,0.559226726245368,-0.772856491819199,0.915840772733044,-0.989173874809317,0.993814176180822,-0.934957710565508
0.974472282657309,38.1731068851833,0.555574604979379,-0.768703513042359,0.912403841750486,-0.987607528538098,0.995077583852716,-0.939671213775669
0.974851794259613,38.7642682871026,0.55193716834888,-0.764546568532849,0.908924823246627,-0.985947135059792,0.996191283331286,-0.944188847152028
0.9752258072356,39.3645846106837,0.548314569092554,-0.760386349917046,0.905405156943083,-0.984194823562162,0.997157669559999,-0.948512477952782
0.975594397015916,39.9741976320817,0.544706954026445,-0.75622353361141,0.90184626027638,-0.982352705498442,0.997979145539127,-0.952644033974534
0.975957638121789,40.5932513230442,0.54111446415458,-0.752058781000255,0.898249528418127,-0.980422873938292,0.998658120403903,-0.956585499935546
0.976315604172221,41.2218918849134,0.537537234778684,-0.747892738619578,0.89461633427123,-0.978407402976893,0.99919700757415,-0.960338913945789
0.976668367891228,41.8602677831538,0.533975395606939,-0.743726038379958,0.890948028492661,-0.976308347036869,0.99959822297453,-0.963906364065712
0.977016001115161,42.5085297824151,0.530429070861777,-0.739559297656581,0.887245939576121,-0.974127740436381,0.999864183354902,-0.96728998495569
0.977358574800071,43.1668309821389,0.526898379386662,-0.735393119507164,0.883511373907237,-0.971867596892346,0.99999730456393,-0.97049195461808
0.977696159029129,43.8353268527153,0.523383434751854,-0.731228092877139,0.879745615831485,-0.969529909041346,1,-0.97351449123382
0.978028823020094,44.5141752722004,0.519884345359119,-0.727064792788332,0.875949927734415,-0.967116647997113,0.999874679150092,-0.976359850095528
0.978356635132823,45.2035365636024,0.516401214545347,-0.722903780528,0.872125550133587,-0.964629762943234,0.999623746128128,-0.979030320639028
0.97867966287682,45.9035735327448,0.512934140685082,-0.718745603838185,0.868273701781625,-0.962071180759794,0.99924959827946,-0.981528223575283
0.978997972918811,46.614451506716,0.509483217291902,-0.714590797105288,0.864395579779794,-0.959442805682617,0.998754624849656,-0.983855908085331
0.979311631090361,47.3363383729146,0.506048533118645,-0.71043988154976,0.860492359701502,-0.956746518993795,0.998141205715774,-0.986015748964694
0.979620702395502,48.0694046186994,0.50263017225645,-0.706293365415856,0.856565195725152,-0.95398417874218,0.99741171017827,-0.98801014407924
0.979925251018394,48.8138233716525,0.499228214222046,-0.702151744161352,0.852615220775723,-0.95115761949254,0.996568495811726,-0.989841511843275
0.980225340330994,49.5697704404678,0.495842734038816,-0.698015500647139,0.848643546674519,-0.948268652102032,0.995613907372552,-0.991512288741
0.980521032900749,50.3374243564707,0.492473802394697,-0.693885105326626,0.84465126429646,-0.945319063522697,0.994550275761845,-0.993024926935821
0.980812390498285,51.1169664157818,0.489121485693134,-0.689761016434847,0.84063944373435,-0.942310616628655,0.993379917041559,-0.994381891965753
0.981099474105121,51.9085807221339,0.485785846142611,-0.685643680177208,0.836609134469514,-0.93924505006667,0.992105131502168,-0.995585660523109
0.981382343921367,52.7124542303509,0.482466941849405,-0.681533530917777,0.832561365548212,-0.936124078128782,0.990728202779976,-0.996638718316701
0.981661059373439,53.5287767905018,0.479164826908868,-0.677430991367042,0.828497145763238,-0.932949390645681,0.989251397022255,-0.997543558014762
0.981935679121763,54.357741192736,0.475879551495272,-0.673336472769047,0.824417463840117,-0.929722652899501,0.987676962098379,-0.998302677266803
0.982206261068471,55.1995432128157,0.472611161950213,-0.669250375087828,0.820323288632516,-0.926445505555199,0.986007126855106,-0.998918576802619
0.982472862365101,56.0543816583514,0.469359700869602,-0.665173087193058,0.816215569419827,-0.923119564643013,0.984244100419694,-0.999393758606658
0.982735539420267,56.9224584157539,0.46612520718927,-0.661104987044829,0.812095235882178,-0.919746421476411,0.982390071571123,-0.999730724165968
0.982994347907336,57.8039784979144,0.462907716269182,-0.657046441877475,0.807963198380947,-0.916327642668429,0.980447208044885,-0.999931972789931
0.983249342772074,58.6991500926218,0.459707259976299,-0.652997808382357,0.80382034823461,-0.912864770167858,0.978417656034382,-1
0.983500578240278,59.6081846117297,0.456523866766098,-0.648959432889535,0.799667557929324,-0.90935932127969,0.976303539669024,-0.99993729598766
0.983748107825391,60.5312967410862,0.453357561762761,-0.644931651548226,0.795505681332429,-0.90581278870234,0.974106960513159,-0.999746344138813
0.983991984336088,61.4687044912357,0.450208366838061,-0.640914790505982,0.791335553908669,-0.902226640580903,0.971829997104369,-0.999429619622811
0.984232259883841,62.4206292489061,0.44707630068896,-0.636909166086489,0.787157992938942,-0.898602320575653,0.969474704529673,-0.99898958807373
0.984468985890458,63.3872958292936,0.443961378913929,-0.632915084965919,0.782973797741362,-0.894941247945018,0.967043114038157,-0.998428704260101
0.984702213095587,64.3689325291575,0.440863614088019,-0.628932844347738,0.778783749894456,-0.891244817642263,0.964537232688556,-0.997749410871927
0.984931991564196,65.365771180736,0.437783015836696,-0.624962732135891,0.774588613462285,-0.887514400425114,0.961959043030311,-0.996954137415517
0.985158370694015,66.3780472064985,0.43471959090845,-0.621005027106289,0.770389135221296,-0.883751342977538,0.959310502816638,-0.996045299102866
0.985381399222952,67.4059996747449,0.431673343246214,-0.617059999076492,0.7661860448887,-0.879956968042923,0.956593544748121,-0.995025295801118
0.985601125236459,68.4498713560664,0.428644274057588,-0.613127909073535,0.761980055352191,-0.876132574567876,0.953810076245363,-0.993896511040287
0.98581759617488,69.5099087806794,0.425632381883908,-0.609209009499789,0.757771862900795,-0.87227943785588,0.950961979249221,-0.992661311077292
0.986030858840738,70.5863622966498,0.422637662668152,-0.605303544296779,0.753562147456654,-0.868398809730024,0.948051110047143,-0.991322044014375
0.986240959406003,71.6794861290165,0.419660109821737,-0.601411749105513,0.749351572807552,-0.864491918704046,0.945079299124146,-0.989881038969946
0.986447943419305,72.7895384398315,0.41669971429018,-0.597533851402012,0.745140786839984,-0.860559970160915,0.942048351036947,-0.988340605299941
0.986651855813108,73.9167813891303,0.413756464617683,-0.593670070713184,0.740930421772556,-0.856604146538183,0.93896004430978,-0.986703031867724
0.986852740910843,75.0614811968456,0.410830347010625,-0.589820618753057,0.736721094389544,-0.852625607519324,0.935816131360781,-0.984970586360606
0.987050642433991,76.2239082056802,0.40792134540001,-0.585985699563306,0.732513406274387,-0.848625490261407,0.932618338445434,-0.983145514651054
0.987245603509126,77.4043369449539,0.405029441502855,-0.582165509668496,0.728307944042934,-0.844604909582877,0.929368365586015,-0.981230040200618
0.987437666674906,78.6030461954388,0.402154614882571,-0.578360238229123,0.724105279576235,-0.840564958089313,0.926067886599747,-0.979226363504668
0.987626873889015,79.8203190551981,0.399296843008326,-0.57457006719246,0.719905970252695,-0.836506706487446,0.922718549099187,-0.977136661575985
0.987813266535067,81.0564430064459,0.396456101313422,-0.570795171441227,0.715710559179365,-0.832431203808063,0.919321974508847,-0.974963087465317
0.987996885429446,82.3117099834413,0.393632363252698,-0.567035718940122,0.711519575422199,-0.8283394776304,0.91587975810024,-0.972707769860064
0.988177770828105,83.586416441434,0.390825600349659,-0.563291870880202,0.707333534235071,-0.82423253431113,0.912393469044457,-0.970372812602735
0.98835596243331,84.8808634266781,0.388035782255153,-0.559563781821163,0.703152937287334,-0.820111359217613,0.908864650481385,-0.967960294348751
0.988531499400337,86.1953566475303,0.385262876824031,-0.55585159983151,0.698978272889762,-0.81597691696511,0.905294819604689,-0.965472268288167
0.988704420344111,87.5302065466479,0.382506850144647,-0.552155466626662,0.694810016218635,-0.811830151657643,0.901685467761656,-0.962910761837202
0.988874763345792,88.8857283743063,0.379767666590715,-0.548475517704996,0.690648629537801,-0.807671987132198,0.898038060567027,-0.960277776363623
0.989042565959317,90.2622422628515,0.377045288872714,-0.544811882481843,0.686494562418499,-0.803503327205949,0.894354038029911,-0.957575286944586
0.989207865217876,91.6600733023052,0.374339678088201,-0.541164684421474,0.682348251956746,-0.799325055926196,0.89063481469292,-0.954805242155591
0.989370697640338,93.0795516171407,0.371650793771062,-0.537534041167082,0.678210122985765,-0.795138037822714,0.886881779782604,-0.951969563889195
0.989531099237629,94.521012444249,0.368978593939717,-0.533920064668777,0.674080588303459,-0.790943118162188,0.88309629737033,-0.949070147202097
0.989689105519045,95.9847962121107,0.366323035144282,-0.530322861309621,0.669960048901588,-0.786741123204427,0.879279706542688,-0.946108860189265
0.989844751498512,97.4712486211944,0.363684072512741,-0.526742532029717,0.665848894158745,-0.782532860460057,0.875433321580566,-0.943087543883717
0.989998071700798,98.9807207256014,0.361061659796101,-0.523179172448372,0.661747502052294,-0.778319118949364,0.871558432145976,-0.940008012180604
0.990149100167657,100.513569015973,0.358455749412596,-0.519632872984355,0.657656239368927,-0.774100669461987,0.867656303483356,-0.936872051784246
0.990297870463926,102.070155503684,0.355866292490926,-0.516103718974263,0.65357546191284,-0.76987826481715,0.863728176619795,-0.93368142217673
0.990444415683563,103.650847806334,0.353293238912554,-0.51259179078902,0.649505514711505,-0.765652640124111,0.85977526856855,-0.930437855606743
0.990588768455626,105.256019234576,0.3507365373531,-0.509097163948525,0.645446732219064,-0.761424513042534,0.855798772566484,-0.927143057097245
0.990730960950199,106.886048880272,0.348196135322826,-0.50561990923447,0.641399438517335,-0.757194584042457,0.851799858298148,-0.923798704470656
0.990871024884256,108.541321706027,0.345671979206248,-0.502160092801345,0.637363947514429,-0.752963536663549,0.847779672125835,-0.920406448390156
0.991008991527478,110.222228636105,0.343164014300879,-0.498717776285646,0.633340563140976,-0.748732037773354,0.843739337325572,-0.916967912417475
0.991144891708,111.929166648753,0.340672184855143,-0.495293016913314,0.62932957954398,-0.744500737824198,0.839679954328584,-0.913484693111805
0.991278755818113,113.662538869954,0.33819643410545,-0.491885867605411,0.625331281278271,-0.74027027110845,0.835602600967806,-0.909958360071629
0.9914106138199,115.422754668636,0.335736704312479,-0.488496377082068,0.621345943495592,-0.73604125601591,0.831508332729004,-0.906390456075692
0.991540495250821,117.210229753348,0.333292936796674,-0.485124589964705,0.617373832131285,-0.731814295308314,0.827398183006077,-0.902782497217697
0.99166842922924,119.02538627044,0.330865071972962,-0.481770546876562,0.613415204088613,-0.727589976337513,0.823273163360082,-0.89913597303686
0.991794444459892,120.86865290376,0.328453049384742,-0.478434284538866,0.609470307420682,-0.723368871311956,0.819134263781567,-0.895452346661854
0.991918569239296,122.740464975898,0.326056807737123,-0.475115835851428,0.605539381509998,-0.719151537553879,0.814982452955763,-0.891733054967444
0.992040831461115,124.641264550992,0.323676284929472,-0.47181523003068,0.601622657245639,-0.714938517750678,0.810818678530202,-0.887979508743089
0.992161258621449,126.571500539133,0.321311418087255,-0.468532492678412,0.59772035719804,-0.710730340204291,0.806643867384322,-0.884193092872792
0.992279877824083,128.531628802384,0.318962143593211,-0.465267645866519,0.593832695791412,-0.706527519078553,0.802458925900624,-0.880375166525491
0.992396715785672,130.522112262437,0.316628397117877,-0.4620207082278,0.589959879473778,-0.702330554644512,0.798264740236945,-0.876527063355267
0.992511798840876,132.543421009944,0.314310113649467,-0.45879169504495,0.586102106884627,-0.698139933523634,0.794062176599404,-0.872650091710649
0.992625152947429,134.596032415537,0.312007227523141,-0.455580618337786,0.582259569020204,-0.693956128928904,0.789852081569498,-0.868745534852321
0.992736803691164,136.680431242566,0.309719672449677,-0.452387486948728,0.578432449396412,-0.689779600903765,0.785635282303367,-0.864814651178484
0.992846776290973,138.79710976159,0.307447381543561,-0.449212306626559,0.574620924209349,-0.685610796558866,0.78141258676834,-0.860858674457188
0.992955095603724,140.946567866633,0.305190287350516,-0.446055080108507,0.570825162493462,-0.681450150306586,0.777184784092707,-0.85687881406489
0.993061786129104,143.129313193241,0.302948321868228,-0.442915807200666,0.567045326277343,-0.677298084093305,0.772952644842604,-0.852876255230547
0.993166872014432,145.345861238376,0.300721416578568,-0.439794484856791,0.563281570737135,-0.673155007629381,0.768716921298413,-0.848852159284508
0.993270377059393,147.596735482154,0.298509502480844,-0.43669110725549,0.559534044347575,-0.669021318616803,0.764478347730585,-0.844807663911502
0.993372324720737,149.88246751148,0.29631251010511,-0.433605665875855,0.555802889030674,-0.664897402974491,0.760237640674791,-0.840743883440273
0.993472738116914,152.203597145589,0.294130369536605,-0.43053814957154,0.55208824030201,-0.660783635061194,0.755995499206296,-0.836661909216031
0.99357164003266,154.560672563537,0.291963010439638,-0.427488544643339,0.548390227414365,-0.656680377895973,0.751752605213449,-0.832562809489048
0.993669052923524,156.954250433661,0.289810362080881,-0.424456834910274,0.544708973480226,-0.652587983376219,0.7475096236702,-0.828447629905391
0.993764998920353,159.38489604505,0.287672353352064,-0.421443001779235,0.541044595649056,-0.648506792493184,0.743267202907525,-0.824317393825842
0.993859499833714,161.853183441047,0.285548912792089,-0.418447024313184,0.537397205235217,-0.644437135544973,0.739025974883669,-0.820173102600085
0.993952577158268,164.359695554822,0.283439968608573,-0.415468879297979,0.53376690783573,-0.640379332346994,0.734786555453107,-0.816015735843115
0.994044252077096,166.905024347038,0.281345448698834,-0.412508541307821,0.530153803463902,-0.636333692439801,0.730549544634109,-0.811846251713647
0.994134545465964,169.489770945662,0.279265280670332,-0.409565982769361,0.526557986680491,-0.632300515294313,0.726315526874818,-0.807665587194336
0.994223477897547,172.114545787925,0.277199391860573,-0.406641174024511,0.522979546722455,-0.628280090514375,0.722085071317731,-0.803474658373598
0.994311069645599,174.779968764491,0.27514770935649,-0.403734083391961,0.51941856762933,-0.62427269803662,0.717858732062496,-0.799274360728821
0.994397340689067,177.48666936586,0.273110160013319,-0.400844677227453,0.515875128367252,-0.620278608327603,0.713637048426898,-0.795065569410776
0.994482310716167,180.235286831027,0.271086670472963,-0.397972919982835,0.512349302950668,-0.616298082578179,0.709420545205957,-0.790849139529009
0.994565999128396,183.026470298457,0.269077167181882,-0.395118774263917,0.508841160561782,-0.612331372895077,0.705209732929023,-0.786625906438027
0.994648425044509,185.860878959387,0.267081576408503,-0.392282200887163,0.505350765667746,-0.60837872248965,0.701005108114765,-0.782396686024047
0.994729607304438,188.73918221351,0.265099824260155,-0.389463158935259,0.501878178135659,-0.604440365863759,0.696807153523962,-0.778162274992139
0.994809564473163,191.662059827062,0.263131836699574,-0.386661605811559,0.49842345334539,-0.600516528992762,0.692616338409983,-0.773923451153527
0.994888314844542,194.630202093368,0.261177539560941,-0.383877497293468,0.494986642300264,-0.596607429494957,0.688433118766861,-0.769680973712864
0.994965876445085,197.644309995861,0.259236858565514,-0.381110787584772,0.491567791735654,-0.592713276823453,0.684257937574857,-0.765435583555264
0.995042267037689,200.705095373639,0.25730971933683,-0.378361429366948,0.488166944225508,-0.588834272462173,0.680091225043412,-0.761188003532897
0.995117504125318,203.813281089575,0.255396047415504,-0.375629373848198,0.484784138286847,-0.584970610069628,0.675933398851386,-0.756938938750943
0.995191604954643,206.969601201037,0.253495768273638,-0.372914570801708,0.481419408482264,-0.581122475649975,0.671784864384478,-0.752689076852681
0.995264586519634,210.174801133249,0.251608807328842,-0.370216968639581,0.478072785520473,-0.57729004772171,0.667646014969731,-0.748439088303537
0.995336465565107,213.429637855336,0.249735089957891,-0.367536514445717,0.474744296354935,-0.573473497483478,0.663517232107022,-0.744189626673876
0.995407258590224,216.7348800591,0.24787454151002,-0.364873154016338,0.471433964280583,-0.569672988977042,0.659398885697422,-0.739941328920317
0.995476981851952,220.091308340558,0.246027087319874,-0.362226831905083,0.468141809028712,-0.565888679247445,0.655291334268336,-0.735694815665392
0.995545651368474,223.499715384297,0.244192652720122,-0.359597491467056,0.464867846860043,-0.562120718500415,0.651194925195321,-0.731450691475339
0.995613282922559,226.96090615068,0.242371163053746,-0.356985074901826,0.461612090656003,-0.558369250257027,0.647109994914784,-0.727209545135804
0.995679892064889,230.475698065954,0.240562543686027,-0.354389523295418,0.458374550008261,-0.554634411505676,0.643036869153002,-0.722971949925277
0.995745494117339,234.044921215298,0.238766720016218,-0.351810776661304,0.455155231306559,-0.55091633285139,0.638975863161498,-0.718738463886043
0.99581010417622,237.669418538869,0.236983617488942,-0.349248773980411,0.451954137824849,-0.547215138662515,0.634927281902931,-0.714509630092437
0.995873737115475,241.350046030873,0.235213161605304,-0.346703453240179,0.448771269805812,-0.543530947214821,0.630891420261092,-0.710285976916217
0.99593640758984,245.087672941725,0.233455277933294,-0.344174751472675,0.445606624543752,-0.539863870833051,0.626868563248717,-0.706068018288835
0.995998130037952,248.883181983343,0.231709892112587,-0.341662604791782,0.442460196465929,-0.536214016029955,0.62285898621213,-0.701856253960411
0.996058918685434,252.737469537614,0.229976929877328,-0.339166948429501,0.439331977212354,-0.532581483642851,0.618862955032762,-0.697651169755198
0.996118787547919,256.651445868092,0.228256317060352,-0.336687716771363,0.436221955714089,-0.528966368967739,0.614880726325566,-0.693453237823277
0.996177750434051,260.626035334974,0.22654797959957,-0.33422484339098,0.433130118264926,-0.525368761891007,0.610912547634362,-0.689262916892895
0.99623582094844,264.662176613406,0.224851843547297,-0.33177826108376,0.430056448592096,-0.52178874701877,0.606958657624136,-0.685080652548507
0.996293012494574,268.76082291517,0.223167835079297,-0.329347901899798,0.427000927958095,-0.518226403803878,0.603019286270328,-0.680906877463912
0.996349338277699,272.922942213801,0.22149588050353,-0.326933697175964,0.423963535208822,-0.514681806670618,0.599094655045135,-0.676742011641508
0.996404811307658,277.149517473193,0.219835906268631,-0.324535577567206,0.420944246842276,-0.511155025137161,0.595184977100858,-0.672586462656392
0.996459444401692,281.441546879747,0.218187838972102,-0.322153473077098,0.417943037077889,-0.507646123935779,0.591290457450323,-0.668440625897293
0.996513250187201,285.800044078107,0.216551605368253,-0.319787313087634,0.414959877924332,-0.504155163130876,0.587411293144413,-0.664304884804337
0.996566241104478,290.226038410557,0.214927132375865,-0.31743702638831,0.411994739245804,-0.500682198234862,0.583547673446718,-0.660179611103647
0.996618429409389,294.720575160115,0.213314347085604,-0.315102541204487,0.409047588826854,-0.497227280321914,0.579699780005361,-0.656065165038816
0.996669827176037,299.284715797401,0.211713176767187,-0.312783785225087,0.406118392435736,-0.493790456139653,0.575867787022013,-0.651961895599249
0.996720446299373,303.91953823132,0.210123548876297,-0.310480685629604,0.403207113886354,-0.490371768218775,0.572051861418122,-0.647870140745392
0.996770298497783,308.626137063631,0.208545391061265,-0.308193169114489,0.400313715098796,-0.486971254980676,0.568252162998397,-0.64379022763086
0.996819395315635,313.405623847462,0.206978631169513,-0.305921161918894,0.39743815615851,-0.483588950843104,0.564468844611574,-0.639722472821489
0.99686774812579,318.259127349818,0.205423197253778,-0.303664589849816,0.394580395374128,-0.480224886323872,0.560702052308485,-0.635667182511307
0.996915368132087,323.187793818168,0.20387901757811,-0.301423378306653,0.391740389333981,-0.476879088136799,0.556951925497471,-0.63162465273545
0.996962266371781,328.192787251148,0.202346020623652,-0.299197452305195,0.388918092961324,-0.473551579287333,0.553218597097156,-0.627595169580042
0.997008453717961,333.275289673461,0.200824135094217,-0.296986736501061,0.386113459568299,-0.470242379202012,0.549502193686622,-0.623579009389029
0.997053940881929,338.436501415043,0.199313289921656,-0.294791155212615,0.383326440908671,-0.466951503796828,0.54580283565301,-0.619576438968013
0.997098738415541,343.67764139453,0.197813414271034,-0.292610632443368,0.380556987229348,-0.463678965569252,0.542120637336576,-0.615587715785075
0.997142856713528,348.999947407143,0.196324437545605,-0.290445091902585,0.377805047320737,-0.460424773690692,0.538455707173226,-0.611613088168607
0.997186306015775,354.404676417007,0.194846289391613,-0.288294457021508,0.375070568565934,-0.457188934096993,0.534808147834574,-0.607652795502176
0.997229096409574,359.893104854011,0.193378899702902,-0.286158650988992,0.372353496988804,-0.453971449577016,0.531178056365541,-0.60370706841642
0.997271237831842,365.466528915262,0.191922198625359,-0.284037596761835,0.369653777300956,-0.450772319859314,0.527565524319515,-0.599776128977994
0.997312740071314,371.126264871205,0.190476116561183,-0.281931217082317,0.366971352947655,-0.447591541696969,0.523970637891134,-0.595860190875596
0.997353612770697,376.873649376486,0.189040584172996,-0.279839434497365,0.364306166152692,-0.444429108950584,0.520393478039261,-0.591959459603054
0.997393865428805,382.710039785629,0.187615532387795,-0.277762171377198,0.361658157962234,-0.441285012669501,0.516834120614765,-0.588074132639516
0.997433507402654,388.636814473599,0.186200892400754,-0.275699349933451,0.359027268287699,-0.438159241171252,0.513292636517503,-0.584204399626749
0.997472547909536,394.655373161334,0.184796595678879,-0.273650892236795,0.356413435947664,-0.435051780119289,0.509769091789392,-0.580350442543551
0.997510996029058,400.767137246317,0.183402573964529,-0.271616720234068,0.353816598708843,-0.431962612599031,0.50626354773424,-0.576512435877302
0.997548860705158,406.97355013826,0.182018759278793,-0.269596755764915,0.351236693326162,-0.42889171919224,0.502776061037037,-0.572690546792667
0.997586150748088,413.2760776,0.180645083924753,-0.26759092057796,0.348673655581961,-0.425839078049791,0.49930668388085,-0.568884935297448
0.99762287483637,419.676208093664,0.179281480490619,-0.265599136346511,0.346127420324335,-0.422804664962842,0.495855464061344,-0.565095754405624
0.99765904151873,426.175453132194,0.177927881852742,-0.263621324683821,0.34359792150467,-0.419788453432453,0.49242244509899,-0.561323150297525
0.997694659216,432.775347636328,0.176584221178529,-0.261657407157892,0.341085092214371,-0.41679041473768,0.489007666348978,-0.557567262461252
0.997729736222988,439.477450297092,0.175250431929247,-0.259707305305863,0.338588864720291,-0.413810518002189,0.485611163108895,-0.553828223878881
0.997764280710338,446.28334394392,0.173926447861987,-0.257770940647969,0.336109170491048,-0.410848730259404,0.482232966724185,-0.550106161175377
0.997798300726344,453.194635918469,0.172612203030776,-0.25584823470109,0.33364594024995,-0.407905016516242,0.478873104691446,-0.54640119474883
0.997831804198756,460.212958454219,0.171307631794593,-0.253939108991901,0.331199103999893,-0.404979339815461,0.475531600759599,-0.542713438918317
0.997864798936544,467.339969061962,0.170012668815507,-0.252043485069635,0.328768591050367,-0.402071661296648,0.472208475028964,-0.539043002068937
0.997897292631655,474.577350921254,0.16872724906029,-0.250161284518459,0.326354330049283,-0.399181940255896,0.468903744048283,-0.535389986794075
0.997929292860729,481.926813277923,0.16745130780248,-0.248292428969492,0.323956249013989,-0.396310134204186,0.465617420909736,-0.531754490034934
0.997960807086799,489.390091847749,0.166184780624338,-0.246436840112455,0.321574275361504,-0.393456198924519,0.462349515341978,-0.528136603217374
0.997991842660966,496.968949226383,0.164927603418684,-0.244594439706981,0.319208335937965,-0.390620088527835,0.459100033801249,-0.524536412386103
0.99802240682405,504.665175305615,0.16367971239062,-0.24276514959358,0.316858357047323,-0.387801755507735,0.455868979560576,-0.520953998336267
0.998052506708215,512.480587696093,0.162441044059155,-0.240948891704286,0.31452426447929,-0.385001150794064,0.452656352797131,-0.51738943674246
0.998082149338575,520.41703215659,0.161211535258713,-0.23914558807298,0.31220598353656,-0.382218223805361,0.449462150677766,-0.513842798285235
0.998111341634772,528.476383029909,0.159991123140548,-0.237355160845411,0.309903439061308,-0.379452922500239,0.446286367442768,-0.510314148775112
0.998140090412539,536.660543685548,0.158779745174053,-0.235577532288921,0.307616555461008,-0.376705193427705,0.443128994487877,-0.506803549274164
0.998168402385232,544.971446969217,0.157577339147971,-0.233812624801882,0.305345256733547,-0.373974981772857,0.439990020444602,-0.5033110562152
0.998196284165346,553.411055659318,0.15638384317152,-0.232060360922868,0.303089466491691,-0.371262231401188,0.436869431258875,-0.499836721518593
0.998223742266006,561.981362930487,0.155199195675414,-0.230320663339546,0.300849107986891,-0.368566884926669,0.433767210268084,-0.496380592706802
0.998250783102439,570.684392824327,0.154023335412801,-0.228593454897334,0.298624104132448,-0.365888883739961,0.430683338276519,-0.492942713016618
0.998277412993427,579.522200727421,0.152856201460114,-0.226878658607798,0.29641437752607,-0.363228168051586,0.427617793629276,-0.489523121509189
0.998303638162731,588.496873856749,0.15169773321784,-0.225176197656827,0.294219850471816,-0.36058467693577,0.424570552284655,-0.486121853177852
0.998329464740501,597.610531752625,0.150547870411199,-0.223485995412582,0.29204044500145,-0.35795834837322,0.421541587885088,-0.482738939053831
0.998354898764668,606.865326779272,0.149406553090756,-0.221807975432793,0.289876082895226,-0.355349119292858,0.418530871826642,-0.479374406309824
0.998379946182307,616.263444633134,0.148273721632945,-0.220142061469332,0.287726685702113,-0.352756925612532,0.41553837332713,-0.476028278361538
0.998404612850991,625.807104859082,0.147149316740532,-0.218488177482681,0.285592174759473,-0.350181702278725,0.41256405949288,-0.472700574967203
0.998428904540113,635.498561374589,0.146033279442994,-0.216846247644514,0.283472471212219,-0.34762338330528,0.409607895373681,-0.469391312325119
0.998452826932206,645.340103002047,0.144925551096841,-0.215216196343001,0.281367496031457,-0.345081901811159,0.406669844041704,-0.466100503169255
0.998476385624224,655.334054009308,0.143826073385864,-0.213597948189299,0.279277170032631,-0.342557190057261,0.403749866658441,-0.462828156862974
0.998499586128821,665.482774658608,0.142734788321328,-0.211991428023796,0.277201413893191,-0.340049179482322,0.400847922520028,-0.459574279490898
0.998522433875601,675.788661763989,0.1416516382421,-0.210396560922145,0.275140148169792,-0.337557800737905,0.397963969117109,-0.456338873948974
0.998544934212357,686.25414925735,0.140576565814716,-0.20881327220106,0.273093293315047,-0.335082983722509,0.395097962193322,-0.45312194003277
0.998567092406287,696.881708763265,0.139509514033404,-0.207241487423898,0.271060769693842,-0.332624657614823,0.39224985580243,-0.449923474524053
0.998588913645195,707.673850182708,0.138450426220041,-0.205681132406033,0.269042497599238,-0.330182750906124,0.389419602364095,-0.446743471275685
0.998610403038671,718.633122285813,0.137399246024075,-0.204132133220014,0.267038397267962,-0.327757191431871,0.386607152718361,-0.443581921290514
0.998631565619261,729.762113313815,0.136355917422386,-0.202594416200523,0.26504838889552,-0.325347906402478,0.383812456178834,-0.440438812796707
0.998652406343613,741.063451590308,0.135320384719116,-0.201067907949138,0.263072392650929,-0.322954822433321,0.381035460584608,-0.437314131357443
0.998672930093607,752.539806141982,0.134292592545442,-0.199552535338901,0.261110328691101,-0.320577865573976,0.378276112350952,-0.434207859924718
0.998693141677476,764.193887328957,0.13327248585933,-0.198048225518695,0.259162117172134,-0.318216961336714,0.37553435651879,-0.431119978913091
0.9987130458309,776.02844748489,0.132260009945232,-0.196554905917443,0.257227678262796,-0.315872034724279,0.372810136802987,-0.4280504662746
0.99873264721809,788.046281566992,0.131255110413764,-0.195072504248125,0.255306932167865,-0.313543010256968,0.370103395639484,-0.424999297571996
0.998751950432856,800.250227816105,0.130257733201345,-0.193600948511628,0.253399799131352,-0.311229811999018,0.36741407423129,-0.421966446050331
0.99877095999966,812.643168427016,0.129267824567805,-0.192140167000425,0.251506199448422,-0.308932363584343,0.364742112593373,-0.418951882706915
0.998789680374651,825.228030229133,0.128285331097101,-0.190690088302089,0.249626053477438,-0.306650588241631,0.362087449596456,-0.415955576359691
0.998808115946684,838.007785377717,0.127310199701823,-0.189250641302654,0.247759281651635,-0.304384408818809,0.359450023009763,-0.412977493714047
0.998826271038329,850.985452055813,0.126342377617781,-0.187821755189822,0.24590580449044,-0.302133747806923,0.356829769542725,-0.410017599428101
0.998844149906864,864.164095187046,0.125381812403328,-0.186403359456025,0.244065542610441,-0.299898527363425,0.354226624885685,-0.407075856176475
0.998861756745246,877.54682715947,0.124428451938749,-0.184995383901337,0.242238416736,-0.297678669334909,0.351640523749612,-0.404152224712615
0.998879095683079,891.136808560613,0.123482244425624,-0.183597758636264,0.240424347709547,-0.2954740952793,0.349071399904859,-0.401246663929657
0.99889617078756,904.937248923906,0.122543138386147,-0.182210414084382,0.238623256501523,-0.293284726487529,0.346519186218995,-0.398359130919897
0.998912986064414,918.951407486685,0.121611082662412,-0.180833280984866,0.236835064220023,-0.291110484004706,0.343983814693724,-0.395489581032867
0.998929545458815,933.182593959914,0.120686026415663,-0.179466290394889,0.235059692120102,-0.288951288649788,0.341465216500921,-0.392637967932077
0.998945852856294,947.634169309842,0.119767919125512,-0.178109373691902,0.233297061612792,-0.286807061030335,0.338963322017816,-0.389804243650425
0.998961912083629,962.309546551754,0.118856710589119,-0.17676246257581,0.231547094273805,-0.284677721576741,0.336478060861347,-0.386988358644331
0.998977726909732,977.212191556022,0.117952350920346,-0.175425489071031,0.229809711851953,-0.282563190552135,0.334009361921703,-0.3841902618466
0.99899330104651,992.34562386664,0.117054790548878,-0.174098385528466,0.228084836277275,-0.280463388068373,0.331557153395091,-0.381409900718066
0.999008638149727,1007.71341753243,0.116163980219309,-0.172781084627359,0.226372389668891,-0.278378234104037,0.329121362815744,-0.378647221298035
0.99902374181984,1023.31920195111,0.115279870990208,-0.17147351937708,0.224672294342583,-0.27630764852192,0.326701917087205,-0.37590216825356
0.999038615602832,1039.16666272646,0.114402414233145,-0.170175623118805,0.222984472818113,-0.274251551086015,0.3242987425129,-0.373174684927578
0.999053262991029,1055.25954253876,0.113531561631705,-0.168887329526878,0.221308847826288,-0.272209861478022,0.321911764826039,-0.37046471338594
0.999067687423908,1071.60164202865,0.112667265180458,-0.167608572607304,0.21964534231577,-0.27018249931337,0.319540909218797,-0.367772194463366
0.999081892288887,1088.19682069478,0.111809477183921,-0.166339286706016,0.217993879459651,-0.26816938415678,0.317186100363513,-0.365097067808348
0.999095880922107,1105.04899780525,0.110958150255479,-0.165079406507116,0.216354382661793,-0.266170435537366,0.314847262453162,-0.362439271927043
0.999109656609207,1122.16215332327,0.110113237316299,-0.163828867032398,0.21472677556294,-0.264185572963291,0.31252431922655,-0.359798744226171
0.999123222586078,1139.54032884706,0.109274691594208,-0.162587603642462,0.213110982046612,-0.262214715935988,0.310217193987147,-0.357175421054965
0.999136582039613,1157.1876285644,0.108442466622557,-0.161355552037727,0.211506926244788,-0.260257783963954,0.307925809628773,-0.354569237746192
0.999149738108444,1175.10822022186,0.107616516239063,-0.160132648259359,0.209914532543385,-0.258314696576126,0.305650088660607,-0.351980128656273
0.999162693883667,1193.30633610912,0.10679679458463,-0.158918828690106,0.208333725587541,-0.256385373334851,0.303389953231531,-0.349408027204543
0.999175452409555,1211.7862740585,0.105983256102151,-0.157714030055053,0.206764430286705,-0.254469733848464,0.301145325153812,-0.346852865911676
0.999188016684267,1230.55239846,0.105175855535298,-0.156518189422286,0.205206571819549,-0.252567697783474,0.298916125926151,-0.344314576430462
0.99920038966054,1249.60914129199,0.104374547927285,-0.155331244203474,0.203660075638706,-0.250679184876379,0.296702276756093,-0.341793089590609
0.99921257424637,1268.96100316792,0.103579288619627,-0.154153132154378,0.202124867475335,-0.248804114945111,0.294503698581838,-0.339288335440794
0.999224573305689,1288.61255439927,0.102790033250876,-0.152983791375271,0.200600873343539,-0.246942407900132,0.292320312093432,-0.336800243270885
0.999236389659026,1308.56843607483,0.102006737755344,-0.151823160311295,0.199088019544611,-0.245093983755174,0.290152037753384,-0.334328741645869
0.999248026084163,1328.83336115688,0.101229358361817,-0.150671177752731,0.197586232671157,-0.243258762637656,0.287998795816702,-0.331873758438969
0.999259485316777,1349.41211559418,0.100457851592258,-0.149527782835208,0.196095439611065,-0.241436664798763,0.285860506350367,-0.329435220863923
0.999270770051075,1370.30955945225,0.0996921742604883,-0.148392915039835,0.194615567551052,-0.239627610623219,0.283737089252259,-0.327013055506424
0.999281882940419,1391.53062806126,0.0989322834708749,-0.147266514193274,0.193146543977789,-0.237831520638753,0.28162846426955,-0.32460718835475
0.999292826597941,1413.08033318148,0.0981781366169959,-0.146148520467739,0.191688296687614,-0.236048315525266,0.279534551016571,-0.322217544829603
0.999303603597152,1434.963764187,0.0974296913803041,-0.145038874380937,0.190240753786414,-0.234277916123717,0.277455268992172,-0.319844049813158
0.999314216472534,1457.18608926763,0.0966869057287825,-0.143937516795946,0.188803843691428,-0.232520243444729,0.275390537596589,-0.317486627677355
0.999324667720134,1479.75255664949,0.0959497379155928,-0.14284438892104,0.187377495134288,-0.230775218676943,0.273340276147824,-0.315145202311441
0.99933495979814,1502.66849583447,0.0952181464777198,-0.141759432309446,0.185961637163901,-0.229042763195096,0.271304403897558,-0.312819697148781
0.999345095127456,1525.93931885889,0.0944920902346111,-0.140682588859058,0.184556199149195,-0.227322798567876,0.26928284004661,-0.310510035192957
0.999355076092259,1549.57052157167,0.0937715282868134,-0.139613800812095,0.183161110781724,-0.225615246565529,0.267275503759953,-0.308216139043161
0.999364905040559,1573.56768493227,0.0930564200146074,-0.138553010754701,0.181776302078135,-0.223920029167248,0.265282314181295,-0.305937930918917
0.999374584284739,1597.93647632872,0.0923467250766402,-0.137500161616514,0.180401703382497,-0.222237068568341,0.263303190447255,-0.303675332684127
0.999384116102099,1622.68265091613,0.0916424034085587,-0.136455196670169,0.179037245368504,-0.220566287187204,0.261338051701124,-0.301428265870477
0.999393502735381,1647.81205297583,0.0909434152216427,-0.135418059530774,0.177682859041552,-0.218907607671299,0.259386817106246,-0.299196651700204
0.999402746393293,1673.33061729565,0.0902497210014398,-0.134388694155334,0.176338475740685,-0.217260952901798,0.257449405859018,-0.296980411108251
0.99941184925102,1699.24437057149,0.0895612815032771,-0.133367044842143,0.175004027140427,-0.215626246006597,0.255525737201529,-0.294779464763814
0.999420813450736,1725.55943283069,0.0888780577513268,-0.13235305623013,0.173679445252494,-0.21400341036128,0.253615730433848,-0.292593733091322
0.999429641102097,1752.28201887734,0.0882000110479358,-0.131346673298176,0.172364662427391,-0.212392369594147,0.251719304925974,-0.290423136290831
0.999438334282735,1779.41843976006,0.0875271029638043,-0.130347841364401,0.171059611355897,-0.210793047591813,0.249836380129468,-0.28826759435788
0.999446895038741,1806.97510426247,0.086859295336254,-0.129356506085409,0.169764225070447,-0.209205368504595,0.247966875588769,-0.286127027102808
0.999455325385144,1834.95852041673,0.0861965502678362,-0.128372613455515,0.168478436946406,-0.207629256751685,0.246110710952218,-0.284001354169554
0.999463627306376,1863.37529704055,0.085538830124935,-0.127396109805942,0.167202180703243,-0.206064637026121,0.244267805982796,-0.281890495053957
0.999471802756739,1892.23214529798,0.0848860975363682,-0.12642694180399,0.165935390405606,-0.204511434299555,0.242438080566215,-0.279794369121571
0.999479853660858,1921.53588028438,0.0842383153919831,-0.125465056452185,0.164678000464303,-0.202969573826832,0.240621454722956,-0.277712895625004
0.99948778191413,1951.29342263596,0.0835954468412496,-0.124510401087414,0.163429945637198,-0.201438981150365,0.238817848622063,-0.275645993720821
0.999495589383167,1981.51180016418,0.0829574552918509,-0.12356292338003,0.162191161030008,-0.19991958210434,0.237027182584855,-0.273593582485992
0.999503277906231,2012.19814951552,0.0823243044082696,-0.122622571329441,0.160961582097022,-0.198411302818727,0.235249377093973,-0.271555580933937
0.999510849293661,2043.35971785694,0.081695958110373,-0.121689293268067,0.159741144641741,-0.196914069723115,0.233484352802221,-0.269531908030159
0.9995183053283,2075.00386458744,0.0810723805719951,-0.120763037862608,0.158529784817436,-0.195427809550386,0.231732030541105,-0.267522482707491
0.999525647765905,2107.13806307611,0.0804535362195161,-0.119843754108568,0.157327439127632,-0.193952449340207,0.22999233132909,-0.265527223880978
0.999532878335562,2139.7699024271,0.079839389730441,-0.118931391329216,0.156134044426519,-0.192487916442368,0.228265176379566,-0.263546050458485
0.999539998740086,2172.90708927197,0.0792299060319754,-0.118025899174526,0.154949537919303,-0.19103413851996,0.226550487108546,-0.261578881357582
0.999547010656422,2206.55744958973,0.0786250502996009,-0.117127227620087,0.153773857162481,-0.189591043552397,0.224848185142088,-0.259625635527327
0.999553915736033,2240.72893055507,0.0780247879556485,-0.116235326965996,0.152606940064063,-0.188158559838296,0.223158192323451,-0.257686231951737
0.999560715605289,2275.42960241529,0.0774290846678714,-0.115350147835719,0.151448724883733,-0.186736615998202,0.221480430720004,-0.255760589662412
0.999567411865844,2310.66766039623,0.0768379063480168,-0.114471641174938,0.150299150232951,-0.185325140977184,0.219814822629871,-0.253848627750958
0.999574006095013,2346.45142663769,0.0762512191503978,-0.113599758250372,0.149158155075014,-0.183924064047295,0.218161290588339,-0.251950265381039
0.99958049984614,2382.78935215889,0.075668989470464,-0.112734450648573,0.148025678725059,-0.182533314809891,0.216519757374025,-0.250065421800053
0.999586894648959,2419.69001885436,0.0750911839433729,-0.111875670274714,0.146901660850023,-0.181152823197843,0.214890146014811,-0.248194016350451
0.999593192009954,2457.16214152068,0.0745177694425616,-0.11102336935134,0.145786041468564,-0.179782519477612,0.213272379793553,-0.246335968480698
0.999599393412709,2495.21456991467,0.073948713078318,-0.110177500417115,0.144678760948061,-0.178422334251215,0.211666382253572,-0.244491197755887
0.999605500318258,2533.85629084341,0.0733839821963539,-0.109338016325543,0.143579760008064,-0.177072198458085,0.210072077203928,-0.242659623868011
0.999611514165424,2573.09643028667,0.0728235443763776,-0.10850487024367,0.142488979722764,-0.175732043376813,0.208489388724494,-0.240841166645906
0.999617436371156,2612.94425555217,0.0722673674306694,-0.107678015650775,0.141406361516276,-0.174401800626797,0.206918241170818,-0.239035746064868
0.999623268330862,2653.40917746421,0.0717154194026566,-0.10685740633704,0.140331847162268,-0.173081402169791,0.205358559178805,-0.237243282255947
0.999629011418735,2694.50075258629,0.0711676685654918,-0.106042996402203,0.139265378783559,-0.171770780311363,0.203810267669201,-0.23546369551494
0.999634666988072,2736.22868547796,0.0706240834206316,-0.1052347402542,0.138206898851664,-0.170469867702261,0.202273291851898,-0.233696906311072
0.999640236371595,2778.60283098685,0.0700846326964188,-0.104432592607794,0.13715635018629,-0.169178597339703,0.200747557230065,-0.231942835295392
0.999645720881759,2821.633196576,0.0695492853466654,-0.103636508483179,0.136113675954794,-0.167896902568581,0.199232989604111,-0.230201403308869
0.999651121811062,2865.32994468736,0.0690180105492398,-0.102846443204588,0.135078819671582,-0.166624717082599,0.197729515075481,-0.228472531390222
0.999656440432347,2909.70339514183,0.0684907777046554,-0.102062352398873,0.134051725197477,-0.165361974924091,0.196237060050304,-0.226756140783464
0.999661677999099,2954.76402757647,0.0679675564346631,-0.101284191994083,0.13303233673904,-0.164108610483928,0.194755551242881,-0.225052152945188
0.99966683574574,3000.52248391948,0.0674483165808466,-0.100511918218029,0.132020598847846,-0.162864558509346,0.193284915679037,-0.223360489551597
0.999671914887916,3046.98957090351,0.0669330282032214,-0.0997454875968325,0.131016456419727,-0.161629754099448,0.191825080699335,-0.221681072505278
0.999676916622786,3094.17626261783,0.0664216615788378,-0.0989848569534756,0.130019854693967,-0.160404132705424,0.190375973962155,-0.220013823941738
0.999681842129296,3142.09370310011,0.0659141872003873,-0.0982299834063322,0.12903073925247,-0.159187630131171,0.188937523446655,-0.218358666235703
0.999686692568464,3190.7532089683,0.0654105757748138,-0.0974808243676952,0.128049056018879,-0.157980182533823,0.187509657455605,-0.216715522007189
0.999691469083641,3240.16627209323,0.0649107982219287,-0.0967373375422958,0.127074751257673,-0.156781726424211,0.186092304618122,-0.215084314127353
0.999696172800791,3290.34456231267,0.0644148256730312,-0.0959994809258157,0.126107771573215,-0.15559219866724,0.184685393891175,-0.213464965724133
0.999700804828744,3341.29993018736,0.0639226294695332,-0.0952672128033917,0.125148063908781,-0.154411536482197,0.183288854560821,-0.211857400187681
0.999705366259465,3393.04440979977,0.0634341811615895,-0.0945404917481169,0.124195575545547,-0.153239677442982,0.181902616251346,-0.210261541175598
0.999709858168304,3445.59022159614,0.0629494525067334,-0.0938192766195354,0.123250254101549,-0.152076559478271,0.180526608922271,-0.20867731261798
0.999714281614249,3498.94977527263,0.0624684154685178,-0.0931035265621328,0.122312047530614,-0.150922120871606,0.179160762869903,-0.207104638722283
0.999718637640178,3553.13567270605,0.0619910422151621,-0.092393201003824,0.121380904121263,-0.149776300261421,0.177805008729301,-0.205543443978009
0.999722927273099,3608.16071093006,0.061517305118206,-0.0916882596544375,0.120456772495584,-0.148639036641004,0.176459277476123,-0.203993653161225
0.999727151524395,3664.03788515743,0.061047176751168,-0.0909886625041969,0.119539601608082,-0.147510269358388,0.175123500428354,-0.202455191338926
0.999731311390057,3720.78039184913,0.0605806298882126,-0.0902943698222023,0.118629340744501,-0.146389938116191,0.173797609247922,-0.200927983873241
0.999735407850921,3778.40163183086,0.0601176375028222,-0.0896053421549096,0.117725939520627,-0.145277982971384,0.17248153594221,-0.199411956425493
0.999739441872897,3836.91521345799,0.0596581727664779,-0.0889215403246098,0.116829347881064,-0.144174344335016,0.171175212865442,-0.197907034960127
0.999743414407195,3896.33495582939,0.0592022090473458,-0.0882429254279092,0.115939516097991,-0.143078962971865,0.169878572719986,-0.196413145748307
0.999747326390551,3956.67489205107,0.0587497199089729,-0.0875694588342107,0.1150563947699,-0.14199178000005,0.168591548557534,-0.194930215368743
0.999751178745442,4017.94927255039,0.0583006791089886,-0.086901102184196,0.11417993482031,-0.140912736890582,0.167314073780196,-0.193458170717494
0.999754972380307,4080.17256844155,0.0578550605978155,-0.0862378173883118,0.113310087496474,-0.139841775466869,0.166046082141487,-0.191996939008196
0.999758708189759,4143.35947494322,0.0574128385173886,-0.0855795666252581,0.112446804368053,-0.138778837904166,0.164787507747228,-0.190546447773381
0.999762387054792,4207.52491484914,0.0569739871998817,-0.0849263123404802,0.111590037325793,-0.137723866728988,0.163538285056342,-0.189106624867449
0.999766009842993,4272.68404205234,0.0565384811664442,-0.0842780172446668,0.110739738580174,-0.136676804818466,0.162298348881578,-0.187677398469506
0.999769577408742,4338.85224512406,0.0561062951259453,-0.083634644312251,0.109895860660053,-0.135637595399671,0.16106763439013,-0.186258697086048
0.999773090593414,4406.04515094814,0.0556774039737279,-0.0829961567799187,0.109058356411294,-0.134606182048888,0.159846077104183,-0.18485044955351
0.999776550225577,4474.27862841145,0.0552517827903727,-0.0823625181450904,0.108227178995383,-0.133582508690857,0.15863361290138,-0.183452585040679
0.999779957121185,4543.56879215171,0.0548294068404709,-0.0817336921550719,0.107402281888045,-0.132566519597972,0.157430178015196,-0.18206503305097
0.99978331208377,4613.93200636334,0.0544102515655083,-0.0811096428200861,0.106583618877837,-0.131558159389444,0.156235709035251,-0.180687723424574
0.999786615904635,4685.38488866204,0.0539942925868812,-0.080490334414798,0.105771144064747,-0.130557373030437,0.155050142907543,-0.17932058634048
0.999789869363032,4757.94431400941,0.053581505717738,-0.0798757314678142,0.104964811858782,-0.12956410583116,0.153873416934606,-0.177963552318371
0.999793073226351,4831.62741869837,0.0531718669496484,-0.0792657987602123,0.104164576978551,-0.128578303445942,0.152705468775612,-0.176616552220397
0.999796228250299,4906.45160440012,0.052765352451239,-0.0786605013240718,0.103370394449845,-0.127599911872267,0.151546236446393,-0.17527951725284
0.999799335179078,4982.43454227391,0.0523619385670324,-0.0780598044410035,0.102582219604218,-0.126628877449791,0.150395658319413,-0.173952378967653
0.999802394745558,5059.59417714045,0.0519616018162904,-0.0774636736406809,0.10180000807756,-0.125665146859329,0.14925367312367,-0.172635069263895
0.999805407671451,5137.94873171987,0.05156431889186,-0.0768720746993726,0.101023715807479,-0.124708667121821,0.148120219944547,-0.17132752038906
0.999808374667479,5217.51671093541,0.051170066659022,-0.0762849736384742,0.100253299027011,-0.123759385597281,0.146995238223608,-0.170029664940295
0.999811296433543,5298.31690628371,0.0507788221543431,-0.0757023367230428,0.0994887142774864,-0.122817249983716,0.145878667758337,-0.168741435865522
0.999814173658888,5380.36840027272,0.0503905625845316,-0.075124130460332,0.0987299183998351,-0.121882208316044,0.144770448701832,-0.167462766464459
0.99981700702226,5463.69057092847,0.0500052653252957,-0.0745503215983281,0.0979768685313291,-0.120954208964979,0.143670521562452,-0.166193590389549
0.999819797192074,5548.30309637155,0.0496229079202056,-0.0739808771242883,0.0972295221041093,-0.120033200635915,0.14257882720342,-0.164933841646797
0.999822544826562,5634.22595946439,0.0492434680795597,-0.0734157642632805,0.0964878368437049,-0.119119132367792,0.141495306842382,-0.163683454596513
0.999825250573935,5721.47945253074,0.0488669236792532,-0.0728549504767242,0.0957517707675472,-0.118211953527655,0.140419902050929,-0.162442363953982
0.999827915072531,5810.08418214796,0.0484932527596513,-0.0722984034609343,0.0950212821834773,-0.117311613815816,0.139352554754087,-0.161210504790036
0.999830538950969,5900.06107401371,0.0481224335244663,-0.0717460911456669,0.0942963296882492,-0.116418063266649,0.138293207229767,-0.159987812531565
0.999833122828291,5991.43137788796,0.0477544443396372,-0.071197981692666,0.0935768721660269,-0.11553125224253,0.137241802108187,-0.158774222961938
0.999835667314115,6084.21667261152,0.0473892637322153,-0.0706540434942146,0.0928628687868765,-0.114651131432582,0.13619828237127,-0.157569672221359
0.999838173008773,6178.43887120228,0.0470268703892523,-0.070114245171687,0.0921542790052548,-0.113777651851407,0.135162591349144,-0.156374096807154
0.999840640503452,6274.12022603039,0.0466672431566927,-0.0695785555741039,0.0914510625584924,-0.112910764837789,0.134134672722234,-0.155187433573989
0.999843070380337,6371.28333407362,0.0463103610382711,-0.0690469437766907,0.0907531794652732,-0.112050422053398,0.133114470525161,-0.154009619734031
0.999845463212746,6469.95114225399,0.0459562031944134,-0.0685193790794389,0.090060590024111,-0.11119657548146,0.1321019291406,-0.152840592857043
0.999847819565264,6570.14695285721,0.0456047489411421,-0.0679958310056697,0.0893732548118208,-0.110349177425419,0.131096993298412,-0.151680290870426
0.999850139993876,6671.89442903592,0.0452559777489864,-0.0674762693006016,0.0886911346819885,-0.109508180507588,0.130099608074798,-0.150528652059213
0.999852425046099,6775.21760039815,0.0449098692418969,-0.066960663929922,0.0880141907634374,-0.108673537667773,0.129109718891415,-0.149385615066004
0.999854675261111,6880.14086868246,0.0445664031961649,-0.0664489850783605,0.0873423844586914,-0.107845202161897,0.128127271514457,-0.148251118890863
0.999856891169875,6986.68901352083,0.0442255595393458,-0.0659412031482675,0.0866756774424365,-0.107023127560596,0.127152212053707,-0.147125102891168
0.999859073295269,7094.88719829079,0.0438873183491887,-0.0654372887581966,0.0860140316599806,-0.106207267747811,0.12618448696156,-0.146007506781422
0.999861222152203,7204.76097605839,0.0435516598525692,-0.0649372127414896,0.0853574093257102,-0.105397576919364,0.125224043032006,-0.144898270631269
0.999863338247745,7316.33629561284,0.0432185644244285,-0.064440946144867,0.084705772921547,-0.104594009581522,0.124270827399592,-0.143797334864763
0.999865422081238,7429.63950759494,0.0428880125867173,-0.0639484602270227,0.084059085195403,-0.10379652054955,0.123324787538355,-0.142704640267571
0.99986747414442,7544.6973707203,0.0425599850073438,-0.0634597264572218,0.0834173091596336,-0.103005064946249,0.122385871260719,-0.141620127980641
0.999869494921536,7661.53705809884,0.0422344624991288,-0.0629747165139045,0.0827804080894921,-0.102219598200487,0.121454026716373,-0.140543739499378
0.999871484889454,7780.18616365226,0.0419114260187645,-0.0624934022832943,0.0821483455215818,-0.10144007604572,0.120529202391121,-0.139475416673134
0.999873444517778,7900.67270863096,0.0415908566657794,-0.06201575585801,0.0815210852523091,-0.100666454518498,0.119611347105703,-0.138415101704662
0.999875374268958,8023.02514823166,0.0412727356815088,-0.0615417495356843,0.0808985913363373,-0.0998986899569709,0.118700410014594,-0.137362737149515
0.999877274598397,8147.27237831769,0.0409570444480706,-0.0610713558175867,0.0802808280850396,-0.0991367389993744,0.117796340604782,-0.136318265915409
0.999879145954562,8273.44374224339,0.0406437644873468,-0.0606045474072511,0.0796677600649536,-0.0983805585825162,0.116899088694515,-0.135281631261538
0.999880988779086,8401.56903778394,0.0403328774599709,-0.0601412972091104,0.0790593520962375,-0.0976301059402515,0.116008604432037,-0.134252776797854
0.999882803506875,8531.6785241728,0.0400243651643213,-0.0596815783271349,0.0784555692511264,-0.0968853386019508,0.115124838294293,-0.133231646484299
0.999884590566206,8663.80292924796,0.0397182095355199,-0.0592253640634781,0.077856376852391,-0.0961462143909613,0.114247741085619,-0.132218184630008
0.999886350378835,8797.97345670887,0.0394143926444377,-0.0587726279171271,0.0772617404717982,-0.0954126914230633,0.113377263936412,-0.131212335892462
0.999888083360087,8934.22179348587,0.0391128966967059,-0.0583233435825593,0.0766716259285738,-0.0946847281049187,0.112513358301781,-0.130214045276614
0.999889789918965,9072.58011722362,0.0388137040317329,-0.0578774849484058,0.0760859992878676,-0.0939622831325166,0.111655975960177,-0.129223258133975
0.999891470458234,9213.0811038804,0.0385167971217288,-0.0574350260961207,0.0755048268592216,-0.0932453154896126,0.110805069012013,-0.128239920161665
0.999893125374526,9355.7579354453,0.0382221585707345,-0.0569959412986567,0.0749280751950406,-0.0925337844461649,0.109960589878264,-0.127263977401433
0.999894755058429,9500.64430777469,0.037929771113659,-0.0565602050191474,0.0743557110890671,-0.0918276495567663,0.109122491299048,-0.12629537623864
0.999896359894578,9647.7744385501,0.0376396176153218,-0.0561277919095967,0.073787701574859,-0.0911268706590733,0.108290726332202,-0.125334063401215
0.99989794026175,9797.18307535949,0.0373516810695028,-0.0556986768095746,0.0732240139242716,-0.0904314078722328,0.107465248351837,-0.124379985958577
0.999899496532946,9948.90550390351,0.0370659445979988,-0.0552728347449201,0.0726646156459438,-0.089741221595306,0.10664601104688,-0.123433091320534
0.999901029075488,10102.9775563288,0.0367823914496862,-0.0548502409264518,0.0721094744837886,-0.0890562725056919,0.105832968419615,-0.122493327236143
0.999902538251097,10259.4356196906,0.0365010049995915,-0.0544308707486847,0.0715585584154886,-0.0883765215575486,0.105026074784195,-0.121560641792553
0.999904024415985,10418.3166445461,0.0362217687479676,-0.0540146997885559,0.0710118356509962,-0.0877019299802146,0.104225284765163,-0.120634983413819
0.999905487920933,10579.6581536812,0.0359446663193785,-0.0536017038041569,0.0704692746310397,-0.0870324592766307,0.103430553295951,-0.119716300859688
0.999906929111379,10743.4982509719,0.0356696814617901,-0.0531918587334738,0.0699308440256343,-0.0863680712217608,0.102641835617375,-0.118804543224364
0.999908348327497,10909.8756303837,0.0353967980456685,-0.0527851406931354,0.0693965127325997,-0.0857087278610154,0.101859087276123,-0.117899659935252
0.999909745904274,11078.8295851095,0.0351260000630858,-0.0523815259771701,0.0688662498760832,-0.0850543915086761,0.101082264123239,-0.117001600751674
0.999911122171596,11250.4000168498,0.034857271626833,-0.0519809910557698,0.0683400248050901,-0.0844050247463212,0.10031132231259,-0.116110315763573
0.99991247745432,11424.6274452359,0.0345905969695409,-0.0515835125740625,0.0678178070920196,-0.0837605904212554,0.0995462182993474,-0.115225755390191
0.999913812072352,11601.5530173997,0.0343259604428077,-0.0511890673508946,0.0672995665312094,-0.0831210516449415,0.0987869088384438,-0.114347870378729
0.999915126340723,11781.2185176912,0.0340633465163351,-0.0507976323776194,0.0667852731374862,-0.0824863717914364,0.098033350983042,-0.113476611802997
0.999916420569664,11963.6663775467,0.0338027397770716,-0.0504091848168969,0.0662748971447241,-0.0818565144958302,0.0972855020829939,-0.112611931062036
0.999917695064677,12148.9396855098,0.0335441249283639,-0.0500237020015008,0.0657684090044119,-0.0812314436526915,0.0965433197833012,-0.111753779878734
0.999918950126608,12337.0821974075,0.0332874867891161,-0.0496411614331354,0.0652657793842269,-0.0806111234145163,0.0958067620225733,-0.110902110298427
0.99992018605172,12528.1383466843,0.0330328102929569,-0.0492615407812611,0.0647669791666184,-0.0799955181901835,0.0950757870314876,-0.110056874687481
0.999921403131758,12722.1532548955,0.0327800804874149,-0.04888481788193,0.0642719794473998,-0.0793845926434162,0.0943503533312503,-0.109218025731871
0.999922601654023,12919.1727423639,0.0325292825331019,-0.0485109707366303,0.0637807515343488,-0.0787783116912499,0.0936304197320581,-0.108385516435742
0.999923781901436,13119.2433390011,0.0322804017029049,-0.0481399775111408,0.0632932669458185,-0.0781766405025077,0.0929159453315645,-0.107559300119963
0.999924944152606,13322.4122952962,0.032033423381186,-0.047771816534395,0.0628094974093564,-0.0775795444962837,0.0922068895133492,-0.106739330420675
0.999926088681898,13528.7275934752,0.0317883330629906,-0.0474064662973547,0.0623294148603342,-0.0769869893404335,0.0915032119453256,-0.105925561287826
0.999927215759491,13738.2379588326,0.0315451163532649,-0.0470439054518948,0.0618529914405877,-0.076398940946874,0.090804872568824,-0.105117946983705
0.999928325651452,13950.9928712392,0.0313037589659582,-0.0466841128071784,0.0613801994866999,-0.0758153654626524,0.0901118316120485,-0.104316442081465
0.999929418619786,14167.0425768274,0.0310642467142892,-0.0463270673211999,0.0609110115429593,-0.0752362292958594,0.0894240495904257,-0.103521001463651
0.999930494922511,14386.4380998577,0.0308265655245241,-0.0459727481240442,0.060445400367615,-0.0746614990988149,0.0887414872968712,-0.102731580320715
0.999931554813708,14609.2312547695,0.0305907014355879,-0.0456211345037404,0.0599833389189252,-0.074091141764124,0.0880641058002419,-0.101948134149531
0.999932598543588,14835.4746584178,0.0303566405915793,-0.0452722059027211,0.0595248003538686,-0.0735251244232178,0.0873918664437898,-0.101170618751918
0.999933626358546,15065.2217424995,0.0301243692410404,-0.0449259419167811,0.0590697580268587,-0.0729634144448952,0.0867247308436152,-0.10039899023315
0.999934638501224,15298.5267661725,0.0298938737362282,-0.0445823222940382,0.0586181854884612,-0.0724059794338664,0.0860626608871189,-0.0996332050004775
0.999935635210564,15535.4448288703,0.0296651405323886,-0.0442413269338974,0.0581700564841137,-0.0718527872292993,0.0854056187314555,-0.0988732197555564
0.999936616721865,15776.0318833141,0.0294381561870334,-0.0439029358860189,0.0577253449528497,-0.0713038059033676,0.0847535668019868,-0.0981189915014308
0.999937583266843,16020.3447487278,0.02921290735922,-0.0435671293492889,0.0572840250260248,-0.0707590037598012,0.0841064677907344,-0.0973704775450503
0.999938535073678,16268.4411242567,0.0289893808088331,-0.0432338876707936,0.0568460710260472,-0.070218349332439,0.0834642846548344,-0.0966276354885714
0.999939472367075,16520.3796025939,0.0287675633958701,-0.0429031913447972,0.0564114574651109,-0.0696818113837849,0.0828269806149916,-0.0958904232278342
0.999940395368312,16776.2196838187,0.0285474420797287,-0.0425750210117233,0.0559801590439326,-0.0691493589035652,0.082194519153935,-0.0951587989508356
0.999941304295295,17036.0217894483,0.0283290039184974,-0.0422493574571398,0.0555521506504925,-0.0686209611072905,0.0815668640148741,-0.0944327211361974
0.999942199362609,17299.8472767074,0.0281122360682488,-0.0419261816107471,0.055127407358779,-0.0680965874348189,0.0809439791999564,-0.0937121485516315
0.999943080781566,17567.7584530193,0.0278971257823364,-0.041605474545371,0.0547059044275362,-0.0675762075489235,0.0803258289687256,-0.0929970402524008
0.999943948760259,17839.8185907205,0.0276836604106937,-0.0412872174759582,0.0542876172990168,-0.0670597913338621,0.0797123778365824,-0.092287355579777
0.999944803503609,18116.0919420041,0.0274718273991365,-0.0409713917585768,0.0538725215977378,-0.0665473088939511,0.0791035905732455,-0.0915830541594952
0.999945645213411,18396.6437540939,0.0272616142886684,-0.0406579788894202,0.0534605931292407,-0.066038730552142,0.0784994322012149,-0.0908840959002052
0.999946474088386,18681.5402846538,0.0270530087147895,-0.0403469605038146,0.0530518078788563,-0.0655340268486019,0.0778998679942374,-0.090190440991921
0.999947290324226,18970.8488174359,0.026845998406808,-0.0400383183752317,0.0526461420104734,-0.0650331685392979,0.0773048634757734,-0.0895020499044671
0.999948094113639,19264.637678171,0.0266405711871549,-0.0397320344143046,0.0522435718653118,-0.0645361265945845,0.076714384417466,-0.0888188833859225
0.999948885646395,19562.9762507045,0.0264367149707023,-0.0394280906678479,0.0518440739606999,-0.0640428721977954,0.076128396837613,-0.0881409024610635
0.999949665109372,19865.9349933834,0.0262344177640849,-0.0391264693178834,0.0514476249888573,-0.0635533767438396,0.0755468669996404,-0.0874680684298041
0.9999504326866,20173.5854556958,0.0260336676650248,-0.0388271526806681,0.0510542018156816,-0.063067611837801,0.0749697614105793,-0.0868003428656349
0.999951188559301,20486.000295169,0.0258344528616592,-0.0385301232057284,0.0506637814795397,-0.0625855492935428,0.0743970468195447,-0.0861376876140613
0.999951932905938,20803.2532945289,0.0256367616318725,-0.0382353634748981,0.0502763411900651,-0.062107161132316,0.0738286902162184,-0.0854800647910402
0.99995266590225,21125.4193791252,0.0254405823426312,-0.0379428562013608,0.0498918583269589,-0.0616324195813724,0.0732646588293335,-0.0848274367814159
0.999953387721299,21452.5746346265,0.0252459034493219,-0.0376525842286974,0.0495103104387964,-0.0611612970725823,0.0727049201251632,-0.0841797662373556
0.999954098533509,21784.796324989,0.0250527134950944,-0.0373645305299378,0.0491316752418392,-0.0606937662410573,0.0721494418060124,-0.0835370160767848
0.999954798506704,22122.1629107045,0.0248610011102065,-0.0370786782066179,0.0487559306188522,-0.0602297999237774,0.071598191808713,-0.0828991494818221
0.999955487806151,22464.7540673299,0.0246707550113736,-0.0367950104878411,0.0483830546179254,-0.0597693711582231,0.0710511383031225,-0.0822661298972146
0.999956166594599,22812.6507043042,0.0244819640011222,-0.036513510729345,0.0480130254513024,-0.0593124531810134,0.0705082496906267,-0.0816379210287737
0.999956835032313,23165.9349840568,0.0242946169671461,-0.0362341624125727,0.0476458214942132,-0.0588590194265483,0.0699694946026466,-0.0810144868418113
0.999957493277116,23524.6903414119,0.0241087028816671,-0.0359569491437495,0.0472814212837136,-0.0584090435256567,0.0694348418991487,-0.0803957915595766
0.999958141484426,23889.0015032928,0.0239242108007997,-0.0356818546529646,0.0469198035175295,-0.0579624993042499,0.0689042606671596,-0.079781799661695
0.999958779807289,24258.9545087324,0.023741129863919,-0.035408862793258,0.0465609470529075,-0.0575193607819811,0.0683777202192858,-0.0791724758826074
0.999959408396422,24634.6367291923,0.0235594492930331,-0.0351379575397129,0.0462048309054718,-0.0570796021709103,0.0678551900922372,-0.0785677852100114
0.99996002740024,25016.1368891978,0.0233791583921593,-0.0348691229885529,0.0458514342480858,-0.0566431978741745,0.0673366400453557,-0.0779676928833046
0.999960636964899,25403.5450872914,0.023200246546704,-0.0346023433562452,0.0455007364097213,-0.0562101224846649,0.0668220400591479,-0.0773721643920292
0.999961237234323,25796.9528173117,0.0230227032228472,-0.0343376029786088,0.045152716874333,-0.0557803507837096,0.0663113603338243,-0.0767811654743202
0.999961828350245,26196.4529900013,0.0228465179669307,-0.0340748863099288,0.0448073552797394,-0.0553538577397623,0.0658045712878419,-0.0761946621153544
0.999962410452236,26602.1399549493,0.0226716804048504,-0.0338141779220756,0.0444646314165105,-0.0549306185070981,0.065301643556453,-0.0756126205458036
0.99996298367774,27014.1095228737,0.0224981802414533,-0.0335554625036304,0.0441245252268617,-0.0545106084245151,0.0648025479902598,-0.0750350072402909
0.999963548162103,27432.4589882493,0.0223260072599381,-0.0332987248590162,0.0437870168035538,-0.0540938030140425,0.0643072556537731,-0.0744617889158482
0.99996410403861,27857.2871522855,0.0221551513212606,-0.0330439499076346,0.0434520863888009,-0.053680177979656,0.0638157378239785,-0.0738929325303802
0.999964651438515,28288.6943462597,0.0219856023635427,-0.0327911226830087,0.0431197143731836,-0.0532697092059999,0.0633279659889077,-0.0733284052811295
0.999965190491067,28726.782455213,0.0218173504014871,-0.0325402283319316,0.0427898812945706,-0.0528623727571153,0.0628439118462147,-0.0727681746031474
0.999965721323548,29171.654942012,0.0216503855257946,-0.0322912521136212,0.0424625678370455,-0.0524581448751764,0.0623635473017605,-0.0722122081677676
0.999966244061298,29623.4168717835,0.0214846979025878,-0.0320441793988814,0.0421377548298424,-0.0520570019792335,0.0618868444682023,-0.0716604738810857
0.999966758827747,30082.174936728,0.0213202777728374,-0.0317989956692686,0.0418154232462876,-0.0516589206639637,0.0614137756635896,-0.071112939882442
0.999967265744441,30548.0374813165,0.0211571154517948,-0.0315556865162653,0.0414955542027485,-0.0512638776984279,0.0609443134099673,-0.0705695745429101
0.999967764931075,31021.1145278785,0.0209952013284279,-0.0313142376404597,0.0411781289575908,-0.0508718500248372,0.0604784304319853,-0.0700303464637905
0.999968256505519,31501.5178025859,0.0208345258648625,-0.0310746348507315,0.0408631289101418,-0.0504828147573252,0.060016099655515,-0.0694952244751092
0.999968740583845,31989.3607618394,0.0206750795958277,-0.0308368640634443,0.0405505355996621,-0.0500967491807291,0.0595572942062726,-0.0689641776341223
0.999969217280356,32484.7586190625,0.0205168531281068,-0.030600911301645,0.040240330704325,-0.0497136307493783,0.0591019874084509,-0.0684371752238266
0.999969686707611,32987.8283719128,0.0203598371399919,-0.0303667626942687,0.0399324960402032,-0.0493334370858916,0.0586501527833561,-0.0679141867514755
0.999970148976455,33498.6888299119,0.0202040223807444,-0.0301344044753513,0.0396270135602632,-0.0489561459799814,0.0582017640480547,-0.0673951819471021
0.999970604196042,34017.4606425054,0.0200493996700598,-0.0299038229832484,0.0393238653533682,-0.0485817353872678,0.0577567951140262,-0.0668801307620488
0.999971052473861,34544.266327556,0.0198959598975374,-0.0296750046598609,0.0390230336432885,-0.0482101834280994,0.0573152200858248,-0.0663690033675027
0.999971493915763,35079.2303002789,0.0197436940221551,-0.0294479360498675,0.0387245007877201,-0.0478414683863842,0.0568770132597479,-0.0658617701530395
0.999971928625985,35622.4789026244,0.0195925930717494,-0.0292226037999647,0.038428249277312,-0.0474755687084276,0.056442149122514,-0.0653584017251736
0.999972356707174,36174.1404331165,0.0194426481424998,-0.0289989946581129,0.0381342617347007,-0.0471124630017808,0.0560106023499478,-0.0648588689059163
0.999972778260414,36734.3451771524,0.019293850398419,-0.0287770954727901,0.037842520913554,-0.0467521300340963,0.0555823478056745,-0.064363142731341
0.999973193385246,37303.2254377722,0.019146191070848,-0.0285568931922528,0.0375530096976232,-0.0463945487319943,0.0551573605398221,-0.0638711944501579
0.999973602179694,37880.9155669051,0.0189996614579559,-0.0283383748638038,0.0372657110998036,-0.0460396981799366,0.0547356157877327,-0.0633829955222948
0.999974004740286,38467.5519970986,0.018854252924246,-0.028121527633068,0.0369806082612036,-0.0456875576191108,0.0543170889686823,-0.0628985176174885
0.99997440116208,39063.2732737401,0.0187099569000658,-0.0279063387432741,0.0366976844502225,-0.045338106446323,0.0539017556846104,-0.0624177326138833
0.999974791538685,39668.2200877764,0.0185667648811236,-0.0276927955345457,0.0364169230616382,-0.0449913242129015,0.053489591718858,-0.0619406125966393
0.99997517596228,40282.5353089416,0.0184246684280098,-0.027480885443198,0.036138307615702,-0.0446471906236078,0.053080573034915,-0.0614671298565498
0.999975554523642,40906.3640194975,0.0182836591657233,-0.0272705960010435,0.0358618217572443,-0.0443056855355598,0.0526746757751775,-0.0609972568886675
0.999975927312162,41539.8535484983,0.0181437287832042,-0.0270619148347042,0.0355874492547878,-0.043966788957163,0.0522718762597143,-0.0605309663909412
0.999976294415868,42183.1535065843,0.0180048690328714,-0.0268548296649329,0.0353151739996716,-0.0436304810470529,0.0518721509850431,-0.060068231262862
0.999976655921446,42836.4158213164,0.017867071730166,-0.0266493283059404,0.0350449800051833,-0.0432967421130464,0.0514754766229174,-0.0596090246041195
0.99997701191426,43499.7947730559,0.0177303287530999,-0.0264453986647325,0.0347768514057009,-0.0429655526111046,0.0510818300191221,-0.0591533197132675
0.999977362478374,44173.4470314007,0.0175946320416219,-0.0262430287397479,0.0345107724539198,-0.042636893140168,0.0506911881850791,-0.0587010900735252
0.999977707696568,44857.5316921865,0.0174599735896708,-0.0260422066096361,0.034246727508897,-0.042310744434005,0.050303528299224,-0.0582523093694695
0.999978047650361,45552.2103150598,0.0173263454574807,-0.0258429204536525,0.0339847010630444,-0.0419870873895968,0.0499188277279812,-0.0578069514945608
0.99997838242003,46257.6469616333,0.0171937397702058,-0.0256451585454225,0.03372467772939,-0.0416659030489748,0.0495370640064992,-0.0573649905346685
0.999978712084626,46974.0082342323,0.0170621487126988,-0.0254489092471847,0.0334666422367388,-0.0413471725960439,0.0491582148369395,-0.0569264007668197
0.999979036721995,47701.4633152411,0.0169315645290913,-0.0252541610091725,0.0332105794288737,-0.0410308773556189,0.0487822580873619,-0.0564911566579508
0.999979356408798,48440.1840070585,0.0168019795223757,-0.0250609023689988,0.0329564742637606,-0.0407169987924637,0.0484091717906134,-0.0560592328636635
0.999979671220524,49190.3447726722,0.0166733860539882,-0.0248691219510422,0.0327043118127549,-0.0404055185103323,0.0480389341432193,-0.0556306042269817
0.999979981231514,49952.1227768617,0.0165457765433934,-0.0246788084658354,0.0324540772598116,-0.0400964182510145,0.0476715235042788,-0.0552052457771136
0.999980286514975,50725.6979280391,0.0164191434676712,-0.0244899507094563,0.0322057559006973,-0.0397896798933836,0.0473069183943623,-0.0547831327282165
0.999980587142994,51511.2529207377,0.0162934793611043,-0.0243025375629206,0.031959333142206,-0.0394852854524477,0.0469450974944141,-0.0543642404781643
0.999980883186564,52308.9732787594,0.0161687768147675,-0.0241165579915772,0.0317147945013764,-0.0391832170784038,0.0465860396446565,-0.0539485446073199
0.999981174715593,53119.0473989886,0.0160450284761192,-0.023932001044506,0.0314721256047132,-0.038883457055696,0.0462297238434989,-0.0535360208773101
0.999981461798923,53941.6665958869,0.0159222270485939,-0.0237488558539175,0.0312313121874112,-0.0385859878020761,0.0458761292464501,-0.0531266452298045
0.999981744504346,54777.0251466752,0.0158003652911969,-0.0235671116345552,0.0309923400925814,-0.0382907918676682,0.0455252351650339,-0.0527203937852982
0.999982022898622,55625.3203372154,0.0156794360180998,-0.0233867576831007,0.0307551952704814,-0.037997851934037,0.0451770210657092,-0.0523172428418988
0.999982297047491,56486.7525086041,0.0155594320982389,-0.0232077833775803,0.0305198637777482,-0.0377071508132588,0.0448314665687929,-0.0519171688741162
0.999982567015692,57361.5251044868,0.0154403464549148,-0.0230301781767755,0.0302863317766339,-0.0374186714469968,0.0444885514473879,-0.0515201485316576
0.999982832866977,58249.8447191043,0.0153221720653932,-0.0228539316196346,0.0300545855342457,-0.0371323969055802,0.0441482556263147,-0.0511261586382265
0.999983094664124,59151.9211460847,0.0152049019605087,-0.0226790333246882,0.0298246114217874,-0.036848310387086,0.043810559181046,-0.0507351761903246
0.999983352468957,60067.96742799,0.0150885292242692,-0.0225054729894661,0.0295963959138058,-0.0365663952164261,0.0434754423366472,-0.0503471783560598
0.999983606342353,60998.1999066294,0.0149730469934635,-0.0223332403899181,0.02936992558744,-0.0362866348444367,0.0431428854667199,-0.0499621424739576
0.999983856344265,61942.8382741539,0.014858448457269,-0.0221623253798364,0.0291451871216728,-0.0360090128469733,0.0428128690923501,-0.0495800460517766
0.999984102533729,62902.1056249397,0.0147447268568633,-0.0219927178902815,0.028922167296588,-0.0357335129240077,0.0424853738810605,-0.0492008667653297
0.999984344968882,63876.2285082765,0.0146318754850361,-0.0218244079290105,0.0287008529926286,-0.0354601188987311,0.042160380645768,-0.0488245824573089
0.999984583706975,64865.4369818715,0.014519887685804,-0.0216573855799084,0.0284812311898605,-0.0351888147166596,0.0418378703437445,-0.0484511711361153
0.999984818804384,65869.964666182,0.0144087568540268,-0.0214916410024219,0.0282632889672387,-0.0349195844447452,0.0415178240755833,-0.048080610974694
0.999985050316628,66890.0487995894,0.0142984764350263,-0.0213271644309969,0.0280470135018776,-0.0346524122704898,0.0412002230841698,-0.0477128803093733
0.999985278298376,67925.9302944269,0.0141890399242064,-0.0211639461745181,0.0278323920683248,-0.0343872825010649,0.040885048753657,-0.04734795763871
0.999985502803468,68977.8537938765,0.0140804408666761,-0.0210019766157519,0.0276194120378386,-0.0341241795624343,0.0405722826084455,-0.0469858216223382
0.999985723884919,70046.0677297456,0.0139726728568738,-0.0208412462107922,0.0274080608776697,-0.033863087998482,0.0402619063121689,-0.0466264510798248
0.999985941594937,71130.824381139,0.0138657295381944,-0.0206817454885099,0.0271983261503461,-0.0336039924701444,0.0399539016666841,-0.0462698249895296
0.999986155984935,72232.3799340393,0.0137596046026181,-0.0205234650500042,0.0269901955129625,-0.0333468777545475,0.0396482506110659,-0.0459159224874701
0.99998636710554,73350.9945418105,0.0136542917903414,-0.0203663955680583,0.0267836567164732,-0.0330917287441476,0.0393449352206077,-0.045564722866193
0.999986575006609,74486.9323866378,0.0135497848894103,-0.0202105277865976,0.0265786976049893,-0.0328385304458777,0.0390439377058271,-0.0452162055736502
0.999986779737237,75640.4617419191,0.0134460777353562,-0.0200558525201512,0.0263753061150799,-0.0325872679802985,0.0387452404114761,-0.0448703502120807
0.999986981345772,76811.8550356238,0.0133431642108331,-0.019902360653317,0.026173470275077,-0.0323379265807536,0.0384488258155577,-0.0445271365368984
0.999987179879823,78001.388914631,0.0132410382452579,-0.0197500431402292,0.0259731782043853,-0.0320904915925304,0.0381546765283469,-0.0441865444555853
0.999987375386274,79209.3443100648,0.0131396938144527,-0.0195988910040303,0.0257744181127955,-0.0318449484720252,0.0378627752914182,-0.0438485540265908
0.999987567911295,80436.0065036422,0.0130391249402891,-0.0194488953363456,0.0255771782998024,-0.0316012827859137,0.0375731049766776,-0.0435131454582368
0.999987757500351,81681.665195048,0.0129393256903356,-0.0193000472967612,0.0253814471539266,-0.0313594802103264,0.0372856485854013,-0.0431802991076289
0.999987944198213,82946.6145703515,0.0128402901775065,-0.0191523381123062,0.0251872131520415,-0.0311195265300296,0.0370003892472792,-0.0428499954795739
0.99998812804897,84231.1533714859,0.0127420125597138,-0.019005759076937,0.0249944648587039,-0.0308814076376103,0.0367173102194646,-0.0425222152255028
0.999988309096039,85535.584966801,0.0126444870395212,-0.0188603015510265,0.0248031909254892,-0.0306451095326682,0.03643639488563,-0.042196939142401
0.999988487382175,86860.2174227091,0.012547707863801,-0.0187159569608561,0.0246133800903318,-0.0304106183210111,0.0361576267550283,-0.0418741481717443
0.999988662949481,88205.3635764416,0.0124516693233927,-0.0185727167981112,0.024425021176869,-0.0301779202138574,0.0358809894615604,-0.0415538233984416
0.999988835839416,89571.3411099312,0.0123563657527649,-0.018430572619381,0.0242381030937903,-0.0299470015270427,0.035606466762849,-0.0412359460497839
0.999989006092811,90958.4726248379,0.0122617915296791,-0.0182895160456612,0.0240526148341908,-0.0297178486802324,0.035334042539318,-0.0409204974944
0.99998917374987,92367.0857187386,0.0121679410748565,-0.018149538761861,0.0238685454749301,-0.0294904481961401,0.0350637007932785,-0.0406074592412194
0.999989338850187,93797.5130624948,0.0120748088516473,-0.0180106325163133,0.023685884175995,-0.0292647866997516,0.0347954256480213,-0.040296812938441
0.99998950143275,95250.0924788192,0.0119823893657022,-0.0178727891202895,0.0235046201798676,-0.0290408509175539,0.0345292013469156,-0.03998854037251
0.999989661535955,96725.1670220594,0.011890677164647,-0.0177360004475171,0.0233247428108982,-0.0288186276767705,0.0342650122525139,-0.0396826234671003
0.999989819197609,98223.0850592167,0.0117996668377596,-0.017600258433702,0.023146241474683,-0.0285981039046029,0.034002842845664,-0.0393790442821054
0.999989974454947,99744.2003522185,0.0117093530156499,-0.0174655550760541,0.0229691056574468,-0.0283792666274771,0.0337426777246269,-0.0390777850126354
0.999990127344631,101288.872141468,0.0116197303699422,-0.0173318824328176,0.0227933249254307,-0.0281621029702966,0.0334845016042023,-0.0387788279880218
0.999990277902769,102857.465230683,0.0115307936129604,-0.0171992326228043,0.022618888924285,-0.0279466001557011,0.0332282993148596,-0.0384821556708291
0.999990426164915,104450.350073055,0.0114425374974157,-0.0170675978249317,0.0224457873784671,-0.027732745503332,0.0329740558018776,-0.0381877506558747
0.999990572166082,106067.902858734,0.0113549568160979,-0.0169369702777649,0.0222740100906445,-0.0275205264291026,0.0327217561244887,-0.0378955956692553
0.999990715940749,107710.505603677,0.0112680464015683,-0.0168073422790623,0.022103546941103,-0.0273099304444759,0.0324713854550325,-0.0376056735673817
0.99999085752287,109378.546239867,0.0111818011258567,-0.0166787061853261,0.0219343878871605,-0.0271009451557481,0.0322229290781147,-0.0373179673360205
0.999990996945879,111072.41870693,0.0110962159001601,-0.0165510544113563,0.0217665229625858,-0.0268935582633383,0.0319763723897738,-0.0370324600893442
0.999991134242703,112792.523045171,0.0110112856745452,-0.0164243794298092,0.0215999422770229,-0.0266877575610844,0.0317317008966556,-0.036749135068989
0.999991269445765,114539.265490054,0.0109270054376532,-0.0162986737707603,0.0214346360154206,-0.0264835309355462,0.0314889002151935,-0.0364679756431203
0.999991402586993,116313.058568138,0.010843370216408,-0.0161739300212713,0.0212705944374676,-0.0262808663653146,0.0312479560707978,-0.0361889653055062
0.999991533697831,118114.321194507,0.0107603750757269,-0.0160501408249614,0.0211078078770335,-0.0260797519203266,0.0310088542970513,-0.0359120876745998
0.999991662809241,119943.478771702,0.0106780151182346,-0.0159272988815828,0.0209462667416146,-0.0258801757611885,0.0307715808349129,-0.0356373264926284
0.999991789951714,121800.963290188,0.0105962854839805,-0.0158053969466013,0.0207859615117864,-0.0256821261385044,0.0305361217319286,-0.0353646656246924
0.999991915155274,123687.213430381,0.010515181350158,-0.0156844278307806,0.0206268827406604,-0.025485591392212,0.0303024631414506,-0.0350940890578714
0.999992038449491,125602.674666243,0.0104346979308282,-0.0155643843997714,0.0204690210533481,-0.0252905599509256,0.0300705913218631,-0.0348255809003396
0.99999215986348,127547.799370497,0.0103548304766456,-0.0154452595737049,0.0203123671464298,-0.0250970203312851,0.0298404926358172,-0.0345591253804892
0.999992279425915,129523.04692146,0.0102755742745879,-0.0153270463267909,0.0201569117874292,-0.0249049611373129,0.0296121535494731,-0.0342947068460627
0.999992397165032,131528.883811532,0.0101969246476876,-0.0152097376869208,0.0200026458142947,-0.0247143710597771,0.0293855606317497,-0.0340323097632937
0.999992513108635,133565.78375737,0.0101188769547684,-0.0150933267352748,0.019849560134886,-0.0245252388755619,0.0291607005535833,-0.0337719187160565
0.999992627284105,135634.227811765,0.0100414265901834,-0.0149778066059336,0.0196976457264665,-0.0243375534470455,0.0289375600871937,-0.0335135184050253
0.999992739718406,137734.704477252,0.00996456898355759,-0.014863170485496,0.0195468936352022,-0.024151303721485,0.0287161261053587,-0.0332570936468409
0.999992850438091,139867.709821476,0.0098882995995326,-0.0147494116126994,0.0193972949756668,-0.0239664787304082,0.0284963855806967,-0.0330026293732879
0.999992959469306,142033.747594351,0.00981261393751558,-0.0146365232780469,0.0192488409303522,-0.0237830675890134,0.0282783255849581,-0.0327501106304805
0.999993066837801,144233.32934703,0.00973750753143091,-0.014524498823438,0.019101522749186,-0.023601059495576,0.0280619332883245,-0.0324995225780571
0.999993172568931,146466.974552718,0.00966297594947531,-0.0144133316418048,0.0189553317490547,-0.0234204437308627,0.0278471959587169,-0.0322508504883829
0.999993276687667,148735.210729351,0.00958901479152056,-0.0143030151730543,0.0188102593081548,-0.0232412096506902,0.0276341009523343,-0.0320040797348685
0.999993379218595,151038.573564186,0.00951561968896288,-0.0141935429045825,0.0186662968679717,-0.0230633466903827,0.0274226357217912,-0.0317591958050762
0.999993480185931,153377.60704031,0.00944278631184743,-0.0140849083810713,0.0185234359446467,-0.0228868443763721,0.0272127878262948,-0.0315161843075434
0.999993579613519,155752.863565112,0.00937051036329455,-0.0139771051963951,0.018381668118789,-0.0227116923144385,0.0270045449190323,-0.0312750309592492
0.999993677524839,158164.904100745,0.00929878757908126,-0.0138701269930693,0.0182409850348544,-0.0225378801890593,0.0267978947464932,-0.0310357215848645
0.999993773943014,160614.298296608,0.00922761372740997,-0.0137639674619066,0.0181013784006956,-0.0223653977628572,0.0265928251478181,-0.0307982421160052
0.999993868890815,163101.624623881,0.00915698460867807,-0.0136586203416748,0.0179628399871145,-0.0221942348760503,0.0263893240541496,-0.0305625785904878
0.999993962390663,165627.470512138,0.00908689605524823,-0.0135540794187552,0.0178253616274151,-0.0220243814459037,0.026187379487986,-0.030328717151587
0.999994054464641,168192.432488087,0.00901734393121971,-0.0134503385268031,0.0176889352169595,-0.0218558274661836,0.0259869795625369,-0.030096644047296
0.999994145134492,170797.116316441,0.00894832413220047,-0.0133473915464089,0.0175535527127241,-0.0216885630066134,0.0257881124810808,-0.0298663456295903
0.99999423442163,173442.137142991,0.00887983258508013,-0.0132452324047608,0.0174192061328587,-0.0215225782123315,0.0255907665363262,-0.0296378083536926
0.999994322347139,176128.119639876,0.0088118652478039,-0.0131438550753088,0.0172858875562465,-0.0213578633033514,0.0253949301097737,-0.0294110187773421
0.999994408931785,178855.698153118,0.00874441810914745,-0.0130432535774302,0.0171535891220659,-0.0211944085740238,0.0252005916710815,-0.0291859635600649
0.999994494196016,181625.516852431,0.00867748718849257,-0.012943421976096,0.017022303029355,-0.0210322043925008,0.0250077397774332,-0.0289626294624488
0.999994578159968,184438.229883355,0.00861106853560396,-0.0128443543815395,0.0168920215365764,-0.0208712412002029,0.0248163630729079,-0.0287410033454197
0.99999466084347,187294.501521745,0.00854515823040681,-0.0127460449489252,0.0167627369611853,-0.0207115095112872,0.0246264502878533,-0.0285210721695216
0.999994742266048,190195.006330651,0.00847975238276549,-0.0126484878780203,0.0166344416791984,-0.0205529999121186,0.0244379902382609,-0.028302822994199
0.999994822446932,193140.429319633,0.00841484713226313,-0.0125516774128669,0.0165071281247653,-0.0203957030607431,0.0242509718251441,-0.0280862429770833
0.999994901405056,196131.466106534,0.00835043864798224,-0.0124556078414557,0.0163807887897413,-0.0202396096863633,0.0240653840339193,-0.027871319373281
0.999994979159069,199168.823081767,0.00828652312828636,-0.0123602734954018,0.016255416223263,-0.0200847105888163,0.0238812159337891,-0.0276580395346656
0.999995055727332,202253.217575141,0.00822309680060271,-0.0122656687496214,0.0161310030313247,-0.0199309966380543,0.0236984566771291,-0.0274463909091731
0.999995131127928,205385.378025273,0.0081601559212059,-0.0121717880220101,0.0160075418763578,-0.0197784587736271,0.0235170954988764,-0.0272363610400995
0.999995205378663,208566.044151621,0.0080976967750027,-0.0120786257731231,0.0158850254768117,-0.0196270880041674,0.0233371217159224,-0.0270279375654029
0.999995278497074,211795.967129184,0.00803571567531788,-0.0119861765058569,0.0157634466067371,-0.0194768754068785,0.0231585247265071,-0.0268211082170077
0.999995350500428,215075.909765908,0.00797420896368109,-0.0118944347651323,0.0156427980953707,-0.0193278121270246,0.0229812940096174,-0.0266158608201127
0.999995421405728,218406.646682836,0.00791317300961496,-0.0118033951375793,0.0155230728267231,-0.0191798893774237,0.0228054191243875,-0.0264121832925029
0.999995491229721,221788.964497046,0.0078526042104242,-0.0117130522512236,0.0154042637391678,-0.0190330984379428,0.0226308897095036,-0.026210063643864
0.999995559988897,225223.662007434,0.00779249899098586,-0.0116234007751747,0.0152863638250328,-0.0188874306549961,0.0224576954826098,-0.0260094899751008
0.999995627699493,228711.550383358,0.00773285380354073,-0.0115344354193157,0.0151693661301946,-0.0187428774410455,0.0222858262397191,-0.0258104504776588
0.9999956943775,232253.453356214,0.00767366512748597,-0.0114461509339951,0.0150532637536743,-0.0185994302741046,0.0221152718546262,-0.0256129334328502
0.999995760038666,235850.207413975,0.00761492946916881,-0.0113585421097196,0.0149380498472353,-0.018457080697244,0.0219460222783237,-0.0254169272111822
0.999995824698497,239502.661998749,0.00755664336168144,-0.0112716037768498,0.0148237176149845,-0.018315820318101,0.0217780675384223,-0.02522242027169
0.999995888372262,243211.679707379,0.00749880336465722,-0.0111853308052962,0.0147102603129747,-0.0181756408083906,0.0216113977385733,-0.0250294011612733
0.999995951075001,246978.136495175,0.00744140606406797,-0.0110997181042185,0.01459767124881,-0.0180365339034209,0.0214460030578952,-0.0248378585140364
0.99999601282152,250802.92188278,0.00738444807202255,-0.0110147606217256,0.0144859437812532,-0.0178984914016097,0.0212818737504028,-0.0246477810506317
0.999996073626402,254686.939166247,0.00732792602656667,-0.0109304533445781,0.0143750713198359,-0.0177615051640055,0.0211190001444406,-0.0244591575776081
0.999996133504007,258631.105630373,0.00727183659148396,-0.0108467912978922,0.0142650473244704,-0.0176255671138106,0.0209573726421191,-0.0242719769867623
0.999996192468476,262636.352765333,0.00721617645609832,-0.0107637695448458,0.0141558653050651,-0.017490669235907,0.0207969817187546,-0.0240862282544947
0.999996250533734,266703.626486666,0.00716094233507755,-0.0106813831863864,0.0140475188211415,-0.0173568035763863,0.020637817922313,-0.0239019004411687
0.999996307713494,270833.887358673,0.00710613096823827,-0.0105996273609411,0.0139400014814538,-0.0172239622420816,0.0204798718728564,-0.0237189826904747
0.999996364021259,275028.110821275,0.00705173912035213,-0.0105184972441278,0.0138333069436111,-0.0170921374001031,0.0203231342619936,-0.0235374642287977
0.999996419470329,279287.287420375,0.00699776358095344,-0.0104379880484695,0.013727428913703,-0.0169613212773765,0.020167595852335,-0.0233573343645891
0.999996474073796,283612.423041802,0.00694420116414803,-0.01035809502311,0.0136223611459259,-0.0168315061601848,0.0200132474769498,-0.0231785824877431
0.999996527844558,288004.539148868,0.00689104870842352,-0.010278813453531,0.0135180974422141,-0.0167026843937132,0.019860080038828,-0.0230011980689767
0.999996580795313,292464.6730236,0.006838303076461,-0.0102001386612727,0.0134146316518717,-0.016574848381597,0.0197080845103457,-0.0228251706592145
0.999996632938565,296993.878011722,0.00678596115494801,-0.0101220660036548,0.0133119576712085,-0.016447990585473,0.0195572519327347,-0.0226504898889774
0.99999668428663,301593.22377142,0.00673401985439293,-0.010044590873501,0.0132100694431774,-0.0163221035245342,0.0194075734155547,-0.0224771454677762
0.999996734851634,306263.79652596,0.00668247610894093,-0.00996770869886462,0.0131089609570161,-0.0161971797750877,0.0192590401361713,-0.022305127183509
0.999996784645518,311006.699320223,0.00663132687619109,-0.00989141494275673,0.0130086262478897,-0.0160732119701162,0.0191116433392362,-0.0221344249018636
0.999996833680042,315823.052281207,0.00658056913701521,-0.0098157051028764,0.0129090593965376,-0.0159501927988421,0.0189653743361721,-0.0219650285657243
0.999996881966786,320713.992882573,0.0065301998953779,-0.00974057471134306,0.0128102545289223,-0.0158281150062964,0.0188202245046621,-0.0217969281945826
0.999996929517154,325680.676213271,0.00648021617815826,-0.00966601933443105,0.0127122058158814,-0.0157069713928897,0.018676185288142,-0.0216301138839539
0.999996976342376,330724.275250346,0.00643061503497295,-0.00959203457230629,0.0126149074727825,-0.0155867548139876,0.0185332481952977,-0.0214645758047975
0.99999702245351,335845.981135953,0.00638139353800081,-0.0095186160587653,0.0125183537591809,-0.0154674581794892,0.0183914047995661,-0.021300304202942
0.999997067861445,341047.00345867,0.00633254878180903,-0.00944575946097643,0.0124225389784802,-0.0153490744534091,0.0182506467386407,-0.0211372893985151
0.999997112576906,346328.570539165,0.00628407788318072,-0.00937346047922323,0.0123274574775956,-0.0152315966534634,0.0181109657139811,-0.0209755217853788
0.999997156610453,351691.929720289,0.00623597798094415,-0.00930171484665024,0.0122331036466208,-0.0151150178506592,0.0179723534903267,-0.0208149918305688
0.999997199972485,357138.347661655,0.00618824623580353,-0.00923051832901108,0.0121394719184974,-0.0149993311688873,0.0178348018952147,-0.0206556900737391
0.999997242673243,362669.110638791,0.00614087983017122,-0.00915986672441872,0.0120465567686875,-0.0148845297845193,0.0176983028185029,-0.0204976071266114
0.999997284722811,368285.524846912,0.00609387596800174,-0.0090897558630983,0.0119543527148491,-0.0147706069260078,0.0175628482118963,-0.0203407336724298
0.999997326131119,373988.916709407,0.00604723187462721,-0.00902018160714217,0.0118628543165153,-0.0146575558734911,0.0174284300884784,-0.02018506046542
0.999997366907948,379780.633191096,0.00600094479659445,-0.00895113985026735,0.0117720561747757,-0.0145453699584009,0.0172950405222469,-0.0200305783302544
0.999997407062926,385662.042116347,0.00595501200150376,-0.00888262651757547,0.0116819529319614,-0.0144340425630743,0.0171626716476539,-0.0198772781615213
0.999997446605537,391634.532492106,0.00590943077784925,-0.00881463756531499,0.0115925392713334,-0.0143235671203698,0.0170313156591507,-0.0197251509232004
0.999997485545121,397699.514835943,0.0058641984348609,-0.00874716898064611,0.0115038099167737,-0.0142139371132868,0.0169009648107375,-0.0195741876481424
0.999997523890872,403858.421509172,0.00581931230234823,-0.00868021678140788,0.0114157596324801,-0.0141051460745894,0.0167716114155166,-0.0194243794375548
0.999997561651847,410112.70705513,0.0057747697305457,-0.00861377701588798,0.0113283832226637,-0.0139971875864337,0.0166432478452519,-0.0192757174604927
0.999997598836964,416463.848542692,0.00573056808995982,-0.00854784576259504,0.0112416755312502,-0.0138900552799999,0.0165158665299316,-0.0191281929533546
0.999997635455005,422913.345915115,0.00568670477121786,-0.00848241913003331,0.0111556314415843,-0.0137837428351278,0.0163894599573367,-0.0189817972193844
0.999997671514617,429462.722344274,0.00564317718491843,-0.00841749325648009,0.0110702458761375,-0.0136782439799563,0.0162640206726138,-0.0188365216281779
0.999997707024317,436113.524590388,0.00559998276148373,-0.00835306430976566,0.0109855137962191,-0.0135735524905678,0.016139541277853,-0.018692357615196
0.99999774199249,442867.32336732,0.00555711895101352,-0.00828912848705577,0.0109014302016907,-0.0134696621906356,0.0160160144316702,-0.0185492966812821
0.999997776427396,449725.713713528,0.00551458322314094,-0.00822568201463678,0.010817990130684,-0.0133665669510769,0.0158934328487948,-0.0184073303921863
0.999997810337166,456690.315368764,0.00547237306689005,-0.00816272114770355,0.0107351886593227,-0.0132642606897083,0.0157717892996622,-0.0182664503780948
0.999997843729808,463762.773156609,0.00543048599053517,-0.00810024217014976,0.0106530209014468,-0.0131627373709075,0.0156510766100112,-0.0181266483331645
0.99999787661321,470944.757372929,0.0053889195214621,-0.00803824139436113,0.010571482008341,-0.0130619910052774,0.0155312876604867,-0.0179879160150644
0.999997908995137,478237.964180342,0.00534767120603104,-0.00797671516101131,0.010490567168467,-0.0129620156493158,0.0154124153862472,-0.0178502452445217
0.999997940883235,485644.116008807,0.00530673860944147,-0.00791565983886036,0.0104102716071984,-0.0128628054050892,0.0152944527765774,-0.0177136279048747
0.999997972285038,493164.961962404,0.00526611931559059,-0.00785507182454402,0.0103305905865447,-0.0127643544198917,0.0151773928744845,-0.0175780559416072
0.999998003207959,500802.278232417,0.00522581092634179,-0.0077949475414968,0.0102515194037596,-0.0126666568845656,0.0150612287747577,-0.0174435213601774
0.999998033659303,508557.868516822,0.00518581106192939,-0.00773528344054223,0.0101730533920938,-0.0125697070343939,0.0149459536249762,-0.0173100162271137
0.999998063646261,516433.564446257,0.00514611736106668,-0.00767607600004822,0.0100951879209892,-0.0124734991493243,0.0148315606257518,-0.0171775326702626
0.999998093175914,524431.2260166,0.00510672748052533,-0.00761732172530682,0.0100179183952753,-0.0123780275529963,0.0147180430296008,-0.0170460628775213
0.999998122255237,532552.742028245,0.0050676390949991,-0.00755901714833114,0.00994124025490311,-0.0122832866124124,0.0146053941405542,-0.0169155990963881
0.999998150891098,540800.030532173,0.00502884989696832,-0.00750115882765363,0.00986514897468005,-0.0121892707376122,0.014493607313771,-0.0167861336335155
0.999998179090258,549175.039282941,0.00499035759656538,-0.00744374334812556,0.00978964006400681,-0.0120959743813473,0.0143826759551528,-0.0166576588542654
0.999998206859378,557679.746198679,0.00495215992144096,-0.00738676732071783,0.00971470906661584,-0.0120033920387592,0.0142725935209619,-0.0165301671822683
0.999998234205016,566316.159828211,0.00491425461663118,-0.00733022738232303,0.00964035156031144,-0.011911518247059,0.0141633535174412,-0.0164036510989843
0.99999826113363,575086.319825421,0.00487663944442556,-0.00727412019555877,0.00956656315671158,-0.0118203475852087,0.0140549495004365,-0.0162781031432668
0.99999828765158,583992.297430942,0.00483931218423594,-0.00721844244857236,0.00949333950099145,-0.0117298746736051,0.0139473750750214,-0.0161535159109298
0.999998313765128,593036.195961333,0.00480227063246614,-0.00716319085484667,0.00942067627162855,-0.0116400941737658,0.0138406238951249,-0.0160298820543173
0.999998339480442,602220.151305809,0.00476551260238261,-0.0071083621530074,0.00934856918014963,-0.0115510007880167,0.0137346896631609,-0.0159071942818758
0.999998364803594,611546.332430672,0.00472903592398591,-0.00705395310663159,0.00927701397087928,-0.0114625892591824,0.0136295661296604,-0.0157854453577294
0.999998389740565,621016.941891561,0.00469283844388302,-0.00699996050405742,0.00920600642069011,-0.0113748543702776,0.0135252470929066,-0.0156646281012581
0.999998414297245,630634.216353619,0.00465691802516059,-0.00694638115819532,0.00913554233875481,-0.0112877909442019,0.0134217263985713,-0.0155447353866785
0.999998438479432,640400.427119728,0.00462127254725906,-0.00689321190634048,0.00906561756629982,-0.0112013938434359,0.0133189979393553,-0.0154257601426276
0.999998462292839,650317.88066692,0.00458589990584764,-0.00684044960998646,0.00899622797636073,-0.0111156579697391,0.0132170556546301,-0.0153076953517494
0.999998485743088,660388.919191098,0.00455079801270017,-0.00678809115464037,0.0089273694735394,-0.0110305782638508,0.0131158935300826,-0.0151905340502844
0.999998508835718,670615.921160188,0.00451596479557192,-0.00673613344963916,0.00885903799376282,-0.0109461497051925,0.0130155055973623,-0.015074269327662
0.999998531576182,681001.301875854,0.00448139819807722,-0.0066845734279674,0.00879122950404373,-0.0108623673115729,0.0129158859337307,-0.0149588943260955
0.999998553969852,691547.514043931,0.00444709617956802,-0.00663340804607622,0.0087239400022429,-0.0107792261388941,0.012817028661714,-0.0148444022401804
0.999998576022016,702257.048353666,0.00441305671501329,-0.00658263428370373,0.00865716551683318,-0.0106967212808613,0.0127189279487568,-0.0147307863164954
0.999998597737882,713132.434065946,0.00437927779487945,-0.00653224914369669,0.0085909021066654,-0.0106148478686936,0.0126215780068805,-0.0146180398532061
0.999998619122578,724176.239610634,0.0043457574250115,-0.00648224965183353,0.00852514586073584,-0.010533601070837,0.0125249730923422,-0.0145061561996724
0.999998640181154,735391.07319315,0.00431249362651522,-0.00643263285664869,0.00845989289795555,-0.0104529760926803,0.012429107505297,-0.0143951287560577
0.999998660918585,746779.583410445,0.00427948443564022,-0.00638339582925843,0.00839513936692153,-0.0103729681762727,0.0123339755894637,-0.0142849509729419
0.999998681339768,758344.459876526,0.00424672790366386,-0.00633453566318778,0.00833088144568945,-0.0102935726000432,0.0122395717317912,-0.0141756163509371
0.999998701449525,770088.433857654,0.0042142220967761,-0.00628604947419899,0.00826711534154835,-0.0102147846785227,0.0121458903621291,-0.0140671184403061
0.999998721252606,782014.278917382,0.00418196509596533,-0.00623793440012133,0.008203837290797,-0.0101365997620683,0.0120529259529003,-0.0139594508405844
0.999998740753687,794124.811571593,0.00414995499690498,-0.00619018760068218,0.00814104355852209,-0.0100590132365895,0.011960673018776,-0.0138526072002041
0.999998759957375,806422.89195367,0.00411818990984117,-0.00614280625733952,0.00807873043837816,-0.0099820205232767,0.0118691261163532,-0.0137465812161223
0.999998778868204,818911.424489967,0.00408666795948119,-0.00609578757311583,0.00801689425236941,-0.00990561707833213,0.011778279843836,-0.0136413666334511
0.99999879749064,831593.358585752,0.00405538728488299,-0.00604912877243325,0.00795553135063316,-0.00982979839270246,0.0116881288407175,-0.0135369572450916
0.999998815829082,844471.68932176,0.00402434603934547,-0.0060028271009502,0.00789463811122529,-0.00975455999181418,0.0115986677874662,-0.0134333468913702
0.99999883388786,857549.45816154,0.00399354239029984,-0.00595687982539941,0.00783421093990735,-0.00967989743531098,0.011509891405214,-0.0133305294596786
0.999998851671239,870829.753669755,0.00396297451920176,-0.00591128423342721,0.0077742462699355,-0.00960580631679327,0.0114217944554471,-0.013228498884116
0.99999886918342,884315.712241606,0.00393264062142456,-0.00586603763343429,0.00771474056185134,-0.00953228226356007,0.0113343717396995,-0.0131272491451355
0.999998886428538,898010.518843555,0.00390253890615325,-0.00582113735441783,0.00765569030327447,-0.00945932093635308,0.0112476180992493,-0.0130267742691926
0.999998903410665,911917.407765501,0.00387266759627957,-0.00577658074581505,0.00759709200869697,-0.00938691802910307,0.0111615284148175,-0.012927068328397
0.999998920133813,926039.66338464,0.00384302492829794,-0.0057323651773481,0.0075389422192796,-0.00931506926867841,0.0110760976062697,-0.0128281254401676
0.999998936601931,940380.620941121,0.00381360915220206,-0.00568848803886999,0.00748123750264945,-0.00924377041463535,0.0109913206323194,-0.01272993976689
0.999998952818907,954943.667325723,0.0037844185313717,-0.00564494674019585,0.00742397445267817,-0.00917301725894445,0.0109071924902032,-0.0126325055155408
0.999998968788573,969732.241879746,0.00375545134247547,-0.00560173871095794,0.00736714968929155,-0.00910280562575542,0.0108237082154018,-0.0125358169373648
0.999998984514699,984749.837207271,0.00372670587537376,-0.00555886140046104,0.0073107598582794,-0.00903313137116256,0.0107408628813614,-0.0124398683275528
0.999999000001,1000000,0.00369818043301491,-0.00551631227752765,0.00725480163109225,-0.00896399038295389,0.0106586515991955,-0.0123446540248974
